<?xml version="1.0" encoding="utf-8"?>
<COLLADA xmlns="http://www.collada.org/2005/11/COLLADASchema" version="1.4.1" xmlns:xsi="http://www.w3.org/2001/XMLSchema-instance">
  <asset>
    <contributor>
      <author>Blender User</author>
      <authoring_tool>Blender 3.3.0 commit date:2022-09-06, commit time:15:39, hash:0759f671ce1f</authoring_tool>
    </contributor>
    <created>2026-02-11T12:47:13</created>
    <modified>2026-02-11T12:47:13</modified>
    <unit name="meter" meter="1"/>
    <up_axis>Z_UP</up_axis>
  </asset>
  <library_effects>
    <effect id="User_Library_E2_type_stacking_enclosure-effect">
      <profile_COMMON>
        <technique sid="common">
          <lambert>
            <emission>
              <color sid="emission">0 0 0 1</color>
            </emission>
            <diffuse>
              <color sid="diffuse">0.03197553 0.05350371 0.3546873 1</color>
            </diffuse>
            <reflectivity>
              <float sid="specular">0.2064057</float>
            </reflectivity>
          </lambert>
        </technique>
      </profile_COMMON>
    </effect>
  </library_effects>
  <library_images/>
  <library_materials>
    <material id="User_Library_E2_type_stacking_enclosure-material" name="User_Library_E2_type_stacking_enclosure">
      <instance_effect url="#User_Library_E2_type_stacking_enclosure-effect"/>
    </material>
  </library_materials>
  <library_geometries>
    <geometry id="User_Library_E2_type_stacking_enclosure-mesh" name="User_Library_E2_type_stacking_enclosure">
      <mesh>
        <source id="User_Library_E2_type_stacking_enclosure-mesh-positions">
          <float_array id="User_Library_E2_type_stacking_enclosure-mesh-positions-array" count="19530">-7.64877e-5 0.0194776 0.00999999 -7.64877e-5 0.0194776 0.01299995 -7.64877e-5 0.0194776 0.169 -7.64877e-5 0.0194776 0.172 -7.64877e-5 0.0194776 0.197 -7.64877e-5 0.0194776 0.2 -7.64877e-5 0.05847758 0.01299995 -7.64877e-5 0.05847758 0.169 -7.64877e-5 0.05847758 0.172 -7.64877e-5 0.05847758 0.197 -7.64877e-5 0.0614776 0.01299995 -7.64877e-5 0.0614776 0.169 -7.64877e-5 0.0614776 0.172 -7.64877e-5 0.0614776 0.197 -7.64877e-5 0.1284776 0.169 -7.64877e-5 0.1284776 0.1690145 -7.64877e-5 0.1294776 0.172 -7.64877e-5 0.1294776 0.197 -7.64877e-5 0.1324776 0.172 -7.64877e-5 0.1324776 0.197 -7.64877e-5 0.2564776 0.172 -7.64877e-5 0.2564776 0.197 -7.64877e-5 0.2594776 0.172 -7.64877e-5 0.2594776 0.197 -7.64877e-5 0.2604776 0.169 -7.64877e-5 0.2604776 0.1690145 -7.64877e-5 0.3274776 0.01299995 -7.64877e-5 0.3274776 0.169 -7.64877e-5 0.3274776 0.172 -7.64877e-5 0.3274776 0.197 -7.64877e-5 0.3304776 0.01299995 -7.64877e-5 0.3304776 0.169 -7.64877e-5 0.3304776 0.172 -7.64877e-5 0.3304776 0.197 -7.64877e-5 0.3694776 0.00999999 -7.64877e-5 0.3694776 0.01299995 -7.64877e-5 0.3694776 0.169 -7.64877e-5 0.3694776 0.172 -7.64877e-5 0.3694776 0.197 -7.64877e-5 0.3694776 0.2 3.67165e-5 0.1404776 0.172609 3.67165e-5 0.2484776 0.172609 4.01139e-5 0.1388295 0.1724954 4.01139e-5 0.2501257 0.1724954 5.03212e-5 0.1372127 0.1721566 5.03212e-5 0.2517424 0.1721566 5.50151e-5 0.1367023 0.172 5.50151e-5 0.2522528 0.172 1.44213e-4 0.1284776 0.1690208 1.44213e-4 0.2604776 0.1690208 1.50725e-4 0.1284776 0.169 1.50725e-4 0.1318972 0.169 1.50725e-4 0.2570579 0.169 1.50725e-4 0.2604776 0.169 2.31311e-4 0.0155667 0.00999999 2.31311e-4 0.0155667 0.01299995 2.31311e-4 0.0155667 0.169 2.31311e-4 0.0155667 0.172 2.31311e-4 0.0155667 0.197 2.31311e-4 0.0155667 0.2 2.31311e-4 0.3733884 0.00999999 2.31311e-4 0.3733884 0.01299995 2.31311e-4 0.3733884 0.169 2.31311e-4 0.3733884 0.172 2.31311e-4 0.3733884 0.197 2.31311e-4 0.3733884 0.2 2.71916e-4 0.1404776 0.1686143 2.71916e-4 0.2484776 0.1686143 3.02523e-4 0.1392261 0.1685166 3.02523e-4 0.249729 0.1685166 3.93823e-4 0.1380054 0.1682262 3.93823e-4 0.2509498 0.1682262 5.43311e-4 0.1368456 0.1677501 5.43311e-4 0.2521095 0.1677501 5.82621e-4 0.1307321 0.1676251 5.82621e-4 0.258223 0.1676251 7.47517e-4 0.1357753 0.1671 7.47517e-4 0.2531799 0.1671 0.001001298 0.1348207 0.1662919 0.001001298 0.2541344 0.1662919 0.001079618 0.1297639 0.1660427 0.001079618 0.2591912 0.1660427 0.001147091 0.01175206 0.00999999 0.001147091 0.01175206 0.01299995 0.001147091 0.01175206 0.169 0.001147091 0.01175206 0.172 0.001147091 0.01175206 0.197 0.001147091 0.01175206 0.2 0.001147091 0.3772031 0.00999999 0.001147091 0.3772031 0.01299995 0.001147091 0.3772031 0.169 0.001147091 0.3772031 0.172 0.001147091 0.3772031 0.197 0.001147091 0.3772031 0.2 0.001298487 0.1340054 0.1653458 0.001298487 0.2549497 0.1653458 0.001617372 0.1290551 0.1643306 0.001617372 0.2599 0.1643306 0.001631796 0.1333495 0.164285 0.001631796 0.2556056 0.164285 0.001992821 0.1328691 0.1631355 0.001992821 0.256086 0.1631355 0.0021829 0.1286228 0.1625303 0.0021829 0.2603324 0.1625303 0.002372801 0.132576 0.1619257 0.002372801 0.2563791 0.1619257 0.002648413 0.008127808 0.00999999 0.002648413 0.008127808 0.01299995 0.002648413 0.008127808 0.169 0.002648413 0.008127808 0.172 0.002648413 0.008127808 0.197 0.002648413 0.008127808 0.2 0.002648413 0.3808273 0.00999999 0.002648413 0.3808273 0.01299995 0.002648413 0.3808273 0.169 0.002648413 0.3808273 0.172 0.002648413 0.3808273 0.197 0.002648413 0.3808273 0.2 0.002762377 0.1284776 0.1606853 0.002762377 0.1324776 0.1606853 0.002762377 0.2564776 0.1606853 0.002762377 0.2604776 0.1606853 0.004698097 0.004782915 0.00999999 0.004698097 0.004782915 0.01299995 0.004698097 0.004782915 0.169 0.004698097 0.004782915 0.172 0.004698097 0.004782915 0.197 0.004698097 0.004782915 0.2 0.004698097 0.3841722 0.00999999 0.004698097 0.3841722 0.01299995 0.004698097 0.3841722 0.169 0.004698097 0.3841722 0.172 0.004698097 0.3841722 0.197 0.004698097 0.3841722 0.2 0.006171882 0.1361892 0.172 0.006171882 0.252766 0.172 0.006217122 0.002892374 0.01299995 0.006217122 0.002892374 0.169 0.006217122 0.002892374 0.172 0.006217122 0.002892374 0.197 0.006217122 0.3860628 0.01299995 0.006217122 0.3860628 0.169 0.006217122 0.3860628 0.172 0.006217122 0.3860628 0.197 0.007245898 0.001799881 0.00999999 0.007245898 0.001799881 0.01299995 0.007245898 0.001799881 0.169 0.007245898 0.001799881 0.172 0.007245898 0.001799881 0.197 0.007245898 0.001799881 0.2 0.007245898 0.3871552 0.00999999 0.007245898 0.3871552 0.01299995 0.007245898 0.3871552 0.169 0.007245898 0.3871552 0.172 0.007245898 0.3871552 0.197 0.007245898 0.3871552 0.2 0.007743716 0.1284776 0.1448273 0.007743716 0.1324776 0.1448273 0.007743716 0.2564776 0.1448273 0.007743716 0.2604776 0.1448273 0.008133292 0.132576 0.1435869 0.008135616 0.2563779 0.1435796 0.00832808 0.1286253 0.1429668 0.00832808 0.2603299 0.1429668 0.008338391 7.7109e-4 0.01299995 0.008338391 7.7109e-4 0.169 0.008338391 7.7109e-4 0.172 0.008338391 7.7109e-4 0.197 0.008338391 0.388184 0.01299995 0.008338391 0.388184 0.169 0.008338391 0.388184 0.172 0.008338391 0.388184 0.197 0.008513271 0.1328691 0.1423771 0.008517801 0.2560814 0.1423629 0.008874416 0.1333495 0.1412276 0.008880615 0.2555953 0.1412076 0.008898079 0.1290649 0.141152 0.008898079 0.2598902 0.141152 0.009207606 0.1340054 0.1401668 0.009215176 0.2549319 0.1401426 0.009439706 0.1297855 0.1394278 0.009439706 0.2591696 0.1394278 0.009504795 0.1348207 0.1392207 0.00951308 0.2541077 0.1391943 0.009758591 0.1357753 0.1384125 0.009766817 0.2531432 0.1383864 0.00993961 0.1307694 0.1378365 0.00993961 0.2581858 0.1378365 0.009962797 0.1368456 0.1377625 0.009970188 0.2520624 0.1377389 0.0101124 0.1380054 0.1372864 0.01011806 0.2508924 0.1372681 0.01020359 0.1392261 0.1369959 0.01020681 0.249662 0.1369857 0.01022887 -7.47845e-4 0.00999999 0.01022887 -7.47845e-4 0.01299995 0.01022887 -7.47845e-4 0.169 0.01022887 -7.47845e-4 0.172 0.01022887 -7.47845e-4 0.197 0.01022887 -7.47845e-4 0.2 0.01022887 0.389703 0.00999999 0.01022887 0.389703 0.01299995 0.01022887 0.389703 0.169 0.01022887 0.389703 0.172 0.01022887 0.389703 0.197 0.01022887 0.389703 0.2 0.01023417 0.1404776 0.1368983 0.01023417 0.2484776 0.1368983 0.01038527 0.1319923 0.1364173 0.01038527 0.2569628 0.1364173 0.01076608 0.1334241 0.1352053 0.01076608 0.255531 0.1352053 0.01107239 0.1350297 0.1342301 0.01107239 0.2539255 0.1342301 0.01129668 0.1367694 0.1335158 0.01129668 0.2521858 0.1335158 0.0114336 0.1386003 0.1330802 0.0114336 0.2503548 0.1330802 0.01147961 0.1404776 0.1329337 0.01147961 0.2484776 0.1329337 0.01215016 0.07864969 0.169 0.01215016 0.1103054 0.169 0.01215016 0.2786498 0.169 0.01215016 0.3103054 0.169 0.01215112 0.08547759 0.1689701 0.01215112 0.1034776 0.1689701 0.01215112 0.2854776 0.1689701 0.01215112 0.3034777 0.1689701 0.01215368 0.08438247 0.1688839 0.01215368 0.1045726 0.1688839 0.01215368 0.2843825 0.1688839 0.01215368 0.3045727 0.1688839 0.01216131 0.08331441 0.1686276 0.01216131 0.1056407 0.1686276 0.01216131 0.2833144 0.1686276 0.01216131 0.3056407 0.1686276 0.01217389 0.08229959 0.1682075 0.01217389 0.1066555 0.1682075 0.01217389 0.2822996 0.1682075 0.01217389 0.3066555 0.1682075 0.01218461 0.0776394 0.1678531 0.01218461 0.1113157 0.1678531 0.01218461 0.2776394 0.1678531 0.01218461 0.3113157 0.1678531 0.01219111 0.08136308 0.1676338 0.01219111 0.1075921 0.1676338 0.01219111 0.2813631 0.1676338 0.01219111 0.3075921 0.1676338 0.01221251 0.08052778 0.1669207 0.01221251 0.1084273 0.1669207 0.01221251 0.2805278 0.1669207 0.01221251 0.3084273 0.1669207 0.01222437 0.07679802 0.1665215 0.01222437 0.1121571 0.1665215 0.01222437 0.276798 0.1665215 0.01222437 0.3121571 0.1665215 0.01223748 0.07981437 0.1660858 0.01223748 0.1091407 0.1660858 0.01223748 0.2798144 0.1660858 0.01223748 0.3091408 0.1660858 0.0122655 0.0792405 0.1651497 0.0122655 0.1097146 0.1651497 0.0122655 0.2792405 0.1651497 0.0122655 0.3097146 0.1651497 0.01226776 0.07618099 0.1650723 0.01226776 0.1127742 0.1650723 0.01226776 0.2761811 0.1650723 0.01226776 0.3127743 0.1650723 0.0122959 0.07882016 0.1641353 0.0122959 0.1101349 0.1641353 0.0122959 0.2788202 0.1641353 0.0122959 0.310135 0.1641353 0.01231211 0.0194776 0.197 0.01231211 0.05847758 0.197 0.01231211 0.0614776 0.197 0.01231211 0.1294776 0.197 0.01231211 0.1324776 0.197 0.01231211 0.2564776 0.197 0.01231211 0.2594776 0.197 0.01231211 0.3274776 0.197 0.01231211 0.3304776 0.197 0.01231211 0.3694776 0.197 0.0123136 0.07580417 0.1635431 0.0123136 0.1131509 0.1635431 0.0123136 0.2758042 0.1635431 0.0123136 0.313151 0.1635431 0.0123279 0.07856369 0.1630678 0.0123279 0.1103914 0.1630678 0.0123279 0.2785637 0.1630678 0.0123279 0.3103914 0.1630678 0.01236069 0.07567757 0.1619732 0.01236069 0.07847762 0.1619732 0.01236069 0.1104776 0.1619732 0.01236069 0.1132776 0.1619732 0.01236069 0.2756776 0.1619732 0.01236069 0.2784776 0.1619732 0.01236069 0.3104776 0.1619732 0.01236069 0.3132776 0.1619732 0.01246732 0.01750469 0.197 0.01246732 0.3714504 0.197 0.01266741 0.1294776 0.172 0.01266741 0.1294776 0.1851339 0.01266741 0.1324776 0.172 0.01266741 0.1324776 0.1851339 0.01266741 0.2564776 0.172 0.01266741 0.2564776 0.1851339 0.01266741 0.2594776 0.172 0.01266741 0.2594776 0.1851339 0.01289951 0.07567757 0.1439813 0.01289951 0.07847762 0.1439813 0.01289951 0.1104776 0.1439813 0.01289951 0.1132776 0.1439813 0.01289951 0.2756776 0.1439813 0.01289951 0.2784776 0.1439813 0.01289951 0.3104776 0.1439813 0.01289951 0.3132776 0.1439813 0.01292932 0.01558041 0.197 0.01292932 0.3733747 0.197 0.01293218 0.07856369 0.1428866 0.01293218 0.1103914 0.1428866 0.01293218 0.2785637 0.1428866 0.01293218 0.3103914 0.1428866 0.01294541 0.07579821 0.1424489 0.01294541 0.1131569 0.1424489 0.01294541 0.2757982 0.1424489 0.01294541 0.3131569 0.1424489 0.01296418 0.07882016 0.1418191 0.01296418 0.1101349 0.1418191 0.01296418 0.2788202 0.1418191 0.01296418 0.310135 0.1418191 0.01299011 0.07615721 0.1409543 0.01299011 0.1127979 0.1409543 0.01299011 0.2761572 0.1409543 0.01299011 0.3127979 0.1409543 0.01299458 0.0792405 0.1408047 0.01299458 0.1097146 0.1408047 0.01299458 0.2792405 0.1408047 0.01299458 0.3097146 0.1408047 0.0130226 0.07981437 0.1398686 0.0130226 0.1091407 0.1398686 0.0130226 0.2798144 0.1398686 0.0130226 0.3091408 0.1398686 0.01303088 0.1404776 0.1729982 0.01303088 0.2484776 0.1729982 0.01303267 0.07674568 0.1395342 0.01303267 0.1122094 0.1395342 0.01303267 0.2767457 0.1395342 0.01303267 0.3122094 0.1395342 0.01303428 0.1388295 0.1728846 0.01303428 0.2501257 0.1728846 0.01304441 0.1372127 0.1725457 0.01304441 0.2517424 0.1725457 0.01304769 0.08052778 0.1390337 0.01304769 0.1084273 0.1390337 0.01304769 0.2805278 0.1390337 0.01304769 0.3084273 0.1390337 0.0130608 0.0194776 0.172 0.0130608 0.05847758 0.172 0.0130608 0.0614776 0.172 0.0130608 0.1356848 0.172 0.0130608 0.2532703 0.172 0.0130608 0.3274776 0.172 0.0130608 0.3304776 0.172 0.0130608 0.3694776 0.172 0.01306897 0.08136308 0.1383207 0.01306897 0.1075921 0.1383207 0.01306897 0.2813631 0.1383207 0.01306897 0.3075921 0.1383207 0.01307189 0.07754921 0.1382236 0.01307189 0.1114059 0.1382236 0.01307189 0.2775492 0.1382236 0.01307189 0.3114059 0.1382236 0.01308619 0.08229959 0.137747 0.01308619 0.1066555 0.137747 0.01308619 0.2822996 0.137747 0.01308619 0.3066555 0.137747 0.01309877 0.08331441 0.1373268 0.01309877 0.1056407 0.1373268 0.01309877 0.2833144 0.1373268 0.01309877 0.3056407 0.1373268 0.0131064 0.08438247 0.1370705 0.0131064 0.1045726 0.1370705 0.0131064 0.2843825 0.1370705 0.0131064 0.3045727 0.1370705 0.01310688 0.07854789 0.1370547 0.01310688 0.1104072 0.1370547 0.01310688 0.278548 0.1370547 0.01310688 0.3104072 0.1370547 0.01310896 0.08547759 0.1369844 0.01310896 0.1034776 0.1369844 0.01310896 0.2854776 0.1369844 0.01310896 0.3034777 0.1369844 0.0131368 0.07971727 0.1360565 0.0131368 0.1092379 0.1360565 0.0131368 0.2797173 0.1360565 0.0131368 0.3092379 0.1360565 0.01315057 0.0194776 0.169 0.01315057 0.05847758 0.169 0.01315057 0.0614776 0.169 0.01315057 0.078619 0.169 0.01315057 0.1103361 0.169 0.01315057 0.1315333 0.169 0.01315057 0.2574218 0.169 0.01315057 0.278619 0.169 0.01315057 0.3103361 0.169 0.01315057 0.3274776 0.169 0.01315057 0.3304776 0.169 0.01315057 0.3694776 0.169 0.01316088 0.08102852 0.1352533 0.01316088 0.1079267 0.1352533 0.01316088 0.2810285 0.1352533 0.01316088 0.3079266 0.1352533 0.01317846 0.08244919 0.1346651 0.01317846 0.1065059 0.1346651 0.01317846 0.2824493 0.1346651 0.01317846 0.3065059 0.1346651 0.01318049 0.1307321 0.1680024 0.01318049 0.258223 0.1680024 0.01318407 0.0776394 0.167883 0.01318407 0.1113157 0.167883 0.01318407 0.2776394 0.167883 0.01318407 0.3113157 0.167883 0.01318919 0.08394449 0.1343063 0.01318919 0.1050106 0.1343063 0.01318919 0.2839446 0.1343063 0.01318919 0.3050106 0.1343063 0.01319289 0.08547759 0.1341857 0.01319289 0.1034776 0.1341857 0.01319289 0.2854776 0.1341857 0.01319289 0.3034777 0.1341857 0.01320677 0.01762181 0.172 0.01320677 0.3713333 0.172 0.013224 0.07679802 0.1665514 0.013224 0.1121571 0.1665514 0.013224 0.276798 0.1665514 0.013224 0.3121571 0.1665514 0.01322829 0.1297639 0.1664065 0.01322829 0.2591912 0.1664065 0.01326739 0.07618099 0.1651023 0.01326739 0.1127742 0.1651023 0.01326739 0.2761811 0.1651023 0.01326739 0.3127743 0.1651023 0.01327997 0.1290551 0.1646799 0.01327997 0.2599 0.1646799 0.01329559 0.01763588 0.169 0.01329559 0.3713193 0.169 0.01331317 0.07580417 0.163573 0.01331317 0.1131509 0.163573 0.01331317 0.2758042 0.163573 0.01331317 0.313151 0.163573 0.01333439 0.1286228 0.1628643 0.01333439 0.2603324 0.1628643 0.0133602 0.07567757 0.162003 0.0133602 0.1132776 0.162003 0.0133602 0.2756776 0.162003 0.0133602 0.3132776 0.162003 0.01339012 0.1284776 0.1610036 0.01339012 0.2604776 0.1610036 0.01357382 -0.002797544 0.00999999 0.01357382 -0.002797544 0.01299995 0.01357382 -0.002797544 0.169 0.01357382 -0.002797544 0.172 0.01357382 -0.002797544 0.197 0.01357382 -0.002797544 0.2 0.01357382 0.3917527 0.00999999 0.01357382 0.3917527 0.01299995 0.01357382 0.3917527 0.169 0.01357382 0.3917527 0.172 0.01357382 0.3917527 0.197 0.01357382 0.3917527 0.2 0.01364141 0.0158118 0.172 0.01364141 0.3731434 0.172 0.01368659 0.0137521 0.197 0.01368659 0.375203 0.197 0.01372677 0.01583951 0.169 0.01372677 0.3731156 0.169 0.0138691 0.1284776 0.1450108 0.0138691 0.2604776 0.1450108 0.01389896 0.07567757 0.1440111 0.01389896 0.1132776 0.1440111 0.01389896 0.2756776 0.1440111 0.01389896 0.3132776 0.1440111 0.01392531 0.1286253 0.1431344 0.01392531 0.2603299 0.1431344 0.01394492 0.07579821 0.1424788 0.01394492 0.1131569 0.1424788 0.01394492 0.2757982 0.1424788 0.01394492 0.3131569 0.1424788 0.01398009 0.1290649 0.1413041 0.01398009 0.2598902 0.1413041 0.01398968 0.07615721 0.1409842 0.01398968 0.1127979 0.1409842 0.01398968 0.2761572 0.1409842 0.01398968 0.3127979 0.1409842 0.01403218 0.1297855 0.1395653 0.01403218 0.2591696 0.1395653 0.01403218 0.07674568 0.139564 0.01403218 0.1122094 0.139564 0.01403218 0.2767457 0.139564 0.01403218 0.3122094 0.139564 0.01407152 0.07754921 0.1382535 0.01407152 0.1114059 0.1382535 0.01407152 0.2775492 0.1382535 0.01407152 0.3114059 0.1382535 0.01408016 0.1307694 0.1379605 0.01408016 0.2581858 0.1379605 0.01410651 0.07854789 0.1370847 0.01410651 0.1104072 0.1370847 0.01410651 0.278548 0.1370847 0.01410651 0.3104072 0.1370847 0.01412308 0.1319923 0.1365293 0.01412308 0.2569628 0.1365293 0.01413637 0.07971727 0.1360864 0.01413637 0.1092379 0.1360864 0.01413637 0.2797173 0.1360864 0.01413637 0.3092379 0.1360864 0.01415967 0.1334241 0.1353068 0.01415967 0.255531 0.1353068 0.01416039 0.08102852 0.1352832 0.01416039 0.1079267 0.1352832 0.01416039 0.2810285 0.1352832 0.01416039 0.3079266 0.1352832 0.01417809 0.08244919 0.1346949 0.01417809 0.1065059 0.1346949 0.01417809 0.2824493 0.1346949 0.01417809 0.3065059 0.1346949 0.01418876 0.08394449 0.1343362 0.01418876 0.1050106 0.1343362 0.01418876 0.2839446 0.1343362 0.01418876 0.3050106 0.1343362 0.01418918 0.1350297 0.1343235 0.01418918 0.2539255 0.1343235 0.0141924 0.08547759 0.1342156 0.0141924 0.1034776 0.1342156 0.0141924 0.2854776 0.1342156 0.0141924 0.3034777 0.1342156 0.01421082 0.1367694 0.1336032 0.01421082 0.2521858 0.1336032 0.01422387 0.1386003 0.1331638 0.01422387 0.2503548 0.1331638 0.01422828 0.1404776 0.1330161 0.01422828 0.2484776 0.1330161 0.01425307 0.0194776 0.2 0.01425307 0.2008655 0.2 0.01425307 0.3293318 0.2 0.01425307 0.3614484 0.2 0.01425307 0.3694776 0.2 0.014274 0.3701484 0.2 0.01435369 0.01409196 0.172 0.01435369 0.3748632 0.172 0.01438838 0.01778346 0.2 0.01440429 0.01107966 0.197 0.01440429 0.3778755 0.197 0.01442337 0.0194776 0.1999854 0.01442337 0.2008655 0.1999854 0.01442337 0.3293318 0.1999854 0.01442337 0.3614484 0.1999854 0.01442337 0.3694776 0.1999854 0.0144338 0.01413279 0.169 0.0144338 0.3748223 0.169 0.01444399 0.3701377 0.1999854 0.01451057 0.3718073 0.2 0.01455658 0.01781058 0.1999854 0.01456129 0.3720228 0.2 0.01458877 0.0194776 0.1999419 0.01458877 0.2008655 0.1999419 0.01458877 0.3293318 0.1999419 0.01458877 0.3614484 0.1999419 0.01458877 0.3694776 0.1999419 0.01460909 0.3701273 0.1999419 0.0146768 0.37177 0.1999854 0.0147199 0.01783686 0.1999419 0.01472061 0.01206469 0.197 0.01472061 0.3768904 0.197 0.01472669 0.3719821 0.1999854 0.0147444 0.0194776 0.199871 0.0147444 0.2008655 0.199871 0.0147444 0.3293318 0.199871 0.0147444 0.3614484 0.199871 0.0147444 0.3694776 0.199871 0.0147643 0.3701176 0.199871 0.01478451 0.01615428 0.2 0.01483821 0.3717339 0.1999419 0.01485431 0.01594841 0.2 0.0148735 0.0178616 0.199871 0.0148856 0.0194776 0.1997745 0.0148856 0.2008655 0.1997745 0.0148856 0.3293318 0.1997745 0.0148856 0.3614484 0.1997745 0.0148856 0.3694776 0.1997745 0.01488727 0.3719426 0.1999419 0.01490527 0.3701087 0.1997746 0.0149464 0.01620739 0.1999854 0.01498997 0.3716998 0.199871 0.01500827 0.0194776 0.1996554 0.01500827 0.2008655 0.1996554 0.01500827 0.3293318 0.1996554 0.01500827 0.3614484 0.1996554 0.01500827 0.3694776 0.1996554 0.0150128 0.01788401 0.1997746 0.01501512 0.0160048 0.1999854 0.0150277 0.370101 0.1996555 0.01503837 0.3719055 0.199871 0.01505231 0.01172757 0.172 0.01505231 0.3772276 0.172 0.01509171 0.3736237 0.2 0.01510351 0.01625901 0.1999419 0.01510888 0.0194776 0.1995172 0.01510888 0.2008655 0.1995172 0.01510888 0.3293318 0.1995172 0.01510888 0.3614484 0.1995172 0.01510888 0.3694776 0.1995172 0.0151236 0.0194776 0.00999999 0.0151236 0.3694776 0.00999999 0.01512777 0.371669 0.1997746 0.01512819 0.3700947 0.1995172 0.01512998 0.01180529 0.169 0.01512998 0.3771498 0.169 0.01513397 0.0179035 0.1996555 0.01517117 0.01605939 0.1999419 0.01517552 0.3718716 0.1997746 0.01518452 0.0194776 0.1993638 0.01518452 0.2008655 0.1993638 0.01518452 0.3293318 0.1993638 0.01518452 0.3614484 0.1993638 0.01518452 0.3694776 0.1993638 0.01520359 0.37009 0.1993638 0.01523292 0.0194776 0.1991997 0.01523292 0.2008655 0.1991997 0.01523292 0.3293318 0.1991997 0.01523292 0.3614484 0.1991997 0.01523292 0.3694776 0.1991997 0.01523327 0.01791948 0.1995172 0.01524418 0.01794451 0.00999999 0.01524418 0.3710106 0.00999999 0.01524752 0.3716421 0.1996555 0.01524877 0.3735576 0.1999854 0.01525127 0.01630741 0.199871 0.01525187 0.370087 0.1991997 0.01525259 0.0194776 0.1990299 0.01525259 0.02290409 0.1990299 0.01525259 0.02473288 0.1990299 0.01525259 0.07722699 0.1990299 0.01525259 0.2008655 0.1990299 0.01525259 0.2654151 0.1990299 0.01525259 0.2768305 0.1990299 0.01525259 0.2876278 0.1990299 0.01525259 0.2978066 0.1990299 0.01525259 0.3073662 0.1990299 0.01525259 0.3163064 0.1990299 0.01525259 0.3246277 0.1990299 0.01525259 0.3293318 0.1990299 0.01525259 0.3323319 0.1990299 0.01525259 0.3394243 0.1990299 0.01525259 0.3459171 0.1990299 0.01525259 0.3512653 0.1990299 0.01525259 0.3553609 0.1990299 0.01525259 0.3584966 0.1990299 0.01525259 0.3609313 0.1990299 0.01525259 0.3614484 0.1990299 0.01525259 0.3630164 0.1990299 0.01525259 0.3650555 0.1990299 0.01525259 0.367308 0.1990299 0.01525259 0.3694776 0.1990299 0.01525437 0.0192874 0.1990299 0.0152716 0.3700857 0.19903 0.01527291 0.01884806 0.19903 0.01529461 0.3718423 0.1996555 0.01529949 0.3704311 0.19903 0.01530802 0.01793146 0.1993639 0.01531422 0.0183869 0.19903 0.01531797 0.01611077 0.199871 0.01532638 0.01250481 0.172 0.01532638 0.3764503 0.172 0.01534569 0.3716201 0.1995173 0.01535582 0.0179392 0.1991999 0.01536166 0.3709263 0.19903 0.01537519 0.01794236 0.1990301 0.0153855 0.01635146 0.1997746 0.01539099 0.01784718 0.1990301 0.0153923 0.3718183 0.1995173 0.01539909 0.01255756 0.169 0.01539909 0.3763975 0.169 0.01540118 0.3734935 0.1999419 0.01541948 0.3716036 0.1993639 0.01545119 0.0161575 0.1997746 0.0154553 0.3714467 0.1990301 0.01546579 0.3718003 0.1993639 0.01546669 0.371593 0.1991999 0.015486 0.3715887 0.1990301 0.01550209 0.01638966 0.1996555 0.01550608 0.01727849 0.1990301 0.0155127 0.3717886 0.1991999 0.01553189 0.3717839 0.1990301 0.0155422 0.01439219 0.2 0.01554459 0.3734332 0.199871 0.015567 0.01619809 0.1996555 0.01559287 0.0194776 0.009963035 0.01559287 0.3694776 0.009963035 0.0155977 0.01642107 0.1995173 0.01560318 0.01644921 0.00999999 0.01560318 0.3725059 0.00999999 0.01560401 0.3720594 0.1990301 0.01564878 0.01673978 0.1990301 0.01566201 0.01623129 0.1995173 0.01566952 0.01644456 0.1993639 0.01567476 0.3733785 0.1997746 0.01569199 0.01447331 0.1999854 0.01570767 0.01801788 0.009963035 0.01570767 0.3709372 0.009963035 0.01571547 0.0164597 0.1991999 0.01573342 0.01625627 0.1993639 0.01573419 0.0164659 0.1990301 0.01577901 0.0162723 0.1991999 0.01578789 0.373331 0.1996555 0.01579767 0.0162788 0.1990301 0.01583349 0.01617807 0.1990301 0.01583731 0.01455211 0.1999419 0.01587116 0.375127 0.2 0.01588058 0.3732919 0.1995172 0.01595032 0.3732627 0.1993639 0.0159741 0.01462626 0.199871 0.01597946 0.3752965 0.2 0.0159949 0.3732439 0.1991999 0.01600587 0.01055991 0.197 0.01600587 0.3783952 0.197 0.01601308 0.3732362 0.1990301 0.01601558 0.3750366 0.1999854 0.0160194 0.3732511 0.1990301 0.0160495 0.01659417 0.009963035 0.0160495 0.372361 0.009963035 0.01605057 0.0194776 0.009853124 0.01605057 0.3694776 0.009853124 0.01605808 0.01561367 0.1990301 0.0160982 0.01469361 0.1997746 0.01612222 0.3752034 0.1999854 0.01614928 0.08547759 0.1690898 0.01614928 0.1034776 0.1690898 0.01614928 0.1404776 0.1690898 0.01614928 0.2484776 0.1690898 0.01614928 0.2854776 0.1690898 0.01614928 0.3034777 0.1690898 0.0161519 0.08438247 0.1690037 0.0161519 0.1045726 0.1690037 0.0161519 0.2843825 0.1690037 0.0161519 0.3045727 0.1690037 0.0161522 0.1392261 0.1689914 0.0161522 0.249729 0.1689914 0.01615571 0.3749488 0.1999419 0.01615947 0.08331441 0.1687473 0.01615947 0.1056407 0.1687473 0.01615947 0.2833144 0.1687473 0.01615947 0.3056407 0.1687473 0.01615977 0.01808947 0.009853124 0.01615977 0.3708657 0.009853124 0.01616096 0.1380054 0.1686984 0.01616096 0.2509498 0.1686984 0.01617211 0.08229959 0.1683272 0.01617211 0.1066555 0.1683272 0.01617211 0.2822996 0.1683272 0.01617211 0.3066555 0.1683272 0.01617538 0.1368456 0.1682183 0.01617538 0.2521095 0.1682183 0.01618927 0.08136308 0.1677535 0.01618927 0.1075921 0.1677535 0.01618927 0.2813631 0.1677535 0.01618927 0.3075921 0.1677535 0.01619172 0.01502841 0.00999999 0.01619172 0.3739267 0.00999999 0.01619499 0.1357753 0.1675626 0.01619499 0.2531799 0.1675626 0.01620608 0.01475197 0.1996555 0.01621067 0.08052778 0.1670405 0.01621067 0.1084273 0.1670405 0.01621067 0.2805278 0.1670405 0.01621067 0.3084273 0.1670405 0.01621937 0.1348207 0.1667477 0.01621937 0.2541344 0.1667477 0.0162357 0.07981437 0.1662056 0.0162357 0.1091407 0.1662056 0.0162357 0.2798144 0.1662056 0.0162357 0.3091408 0.1662056 0.01624798 0.1340054 0.1657935 0.01624798 0.2549497 0.1657935 0.01626068 0.375113 0.1999419 0.01626372 0.0792405 0.1652695 0.01626372 0.1097146 0.1652695 0.01626372 0.2792405 0.1652695 0.01626372 0.3097146 0.1652695 0.0162785 0.3738133 0.19903 0.01627999 0.1333495 0.1647237 0.01627999 0.2556056 0.1647237 0.01628762 0.3748663 0.199871 0.01629412 0.07882016 0.1642551 0.01629412 0.1101349 0.1642551 0.01629412 0.2788202 0.1642551 0.01629412 0.310135 0.1642551 0.01629459 0.01480001 0.1995172 0.0163148 0.1328691 0.1635644 0.0163148 0.256086 0.1635644 0.01632601 0.07856369 0.1631875 0.01632601 0.1103914 0.1631875 0.01632601 0.2785637 0.1631875 0.01632601 0.3103914 0.1631875 0.01633238 0.01503568 0.19903 0.01635128 0.132576 0.1623443 0.01635128 0.2563791 0.1623443 0.01635879 0.07847762 0.1620929 0.01635879 0.1104776 0.1620929 0.01635879 0.2784776 0.1620929 0.01635879 0.3104776 0.1620929 0.01636099 0.01483601 0.1993639 0.01638877 0.1324776 0.1610934 0.01638877 0.2564776 0.1610934 0.01639097 0.3750279 0.199871 0.01640361 0.01485908 0.1991999 0.01640731 0.3747913 0.1997746 0.0164209 0.01486849 0.19903 0.01645851 0.01298248 0.2 0.01648491 0.01673567 0.009853124 0.01648491 0.3722195 0.009853124 0.01648551 0.0194776 0.009672999 0.01648551 0.3694776 0.009672999 0.01650917 0.3749507 0.1997746 0.01651132 0.3747262 0.1996555 0.01652568 0.008958399 0.197 0.01652568 0.3799967 0.197 0.01653528 0.01108926 0.172 0.01653528 0.3778658 0.172 0.0165587 0.374332 0.19903 0.0165894 0.0181576 0.009672999 0.0165894 0.3707976 0.009672999 0.01659178 0.01281219 0.2 0.01659369 0.01308619 0.1999854 0.01659661 0.3746728 0.1995172 0.01659882 0.01115286 0.169 0.01659882 0.3778023 0.169 0.01660978 0.0152415 0.009963035 0.01660978 0.3737136 0.009963035 0.01661199 0.3748837 0.1996555 0.0166288 0.01450449 0.19903 0.01666069 0.3746327 0.1993638 0.01669621 0.3748287 0.1995172 0.01670169 0.374607 0.1991997 0.01671838 0.3745966 0.19903 0.016725 0.01291847 0.1999854 0.016725 0.01318681 0.1999419 0.01675951 0.3747873 0.1993638 0.01679998 0.3747609 0.1991997 0.01681649 0.3747501 0.19903 0.01684838 0.01328146 0.199871 0.01685416 0.0130217 0.1999419 0.01686769 0.1324776 0.1451006 0.01686769 0.2564776 0.1451006 0.01688688 0.0194776 0.009427011 0.01688688 0.3694776 0.009427011 0.01689767 0.07847762 0.144101 0.01689767 0.1104776 0.144101 0.01689767 0.2784776 0.144101 0.01689767 0.3104776 0.144101 0.01689851 0.01687008 0.009672999 0.01689851 0.372085 0.009672999 0.01690518 0.132576 0.1438497 0.01690536 0.2563779 0.1438422 0.01693052 0.07856369 0.1430065 0.01693052 0.1103914 0.1430065 0.01693052 0.2785637 0.1430065 0.01693052 0.3103914 0.1430065 0.01694166 0.1328691 0.1426295 0.0169422 0.2560814 0.1426151 0.0169605 0.01336741 0.1997745 0.0169624 0.07882016 0.1419389 0.0169624 0.1101349 0.1419389 0.0169624 0.2788202 0.1419389 0.0169624 0.310135 0.1419389 0.01697582 0.0131188 0.199871 0.01697647 0.1333495 0.1414703 0.01697707 0.2555953 0.1414501 0.01698589 0.01822036 0.009427011 0.01698589 0.3707348 0.009427011 0.0169928 0.0792405 0.1409245 0.0169928 0.1097146 0.1409245 0.0169928 0.2792405 0.1409245 0.0169928 0.3097146 0.1409245 0.01699519 0.01371729 0.00999999 0.01699519 0.375238 0.00999999 0.01700848 0.1340054 0.1404004 0.01700919 0.2549319 0.140376 0.01701772 0.01544928 0.009853124 0.01701772 0.3735058 0.009853124 0.01701831 0.376645 0.2 0.01702088 0.07981437 0.1399884 0.01702088 0.1091407 0.1399884 0.01702088 0.2798144 0.1399884 0.01702088 0.3091408 0.1399884 0.01703709 0.1348207 0.1394461 0.01703786 0.2541077 0.1394197 0.01704591 0.08052778 0.1391535 0.01704591 0.1084273 0.1391535 0.01704591 0.2805278 0.1391535 0.01704591 0.3084273 0.1391535 0.01705777 0.01344209 0.1996554 0.01706147 0.1357753 0.1386313 0.0170623 0.2531432 0.1386048 0.01706719 0.08136308 0.1384404 0.01706719 0.1075921 0.1384404 0.01706719 0.2813631 0.1384404 0.01706719 0.3075921 0.1384404 0.01708108 0.1368456 0.1379757 0.01708179 0.2520624 0.1379519 0.01708441 0.08229959 0.1378667 0.01708441 0.1066555 0.1378667 0.01708441 0.2822996 0.1378667 0.01708441 0.3066555 0.1378667 0.01708608 0.01320689 0.1997745 0.0170955 0.1380054 0.1374955 0.0170961 0.2508924 0.137477 0.01709699 0.08331441 0.1374466 0.01709699 0.1056407 0.1374466 0.01709699 0.2833144 0.1374466 0.01709699 0.3056407 0.1374466 0.01710426 0.1392261 0.1372026 0.01710462 0.249662 0.1371923 0.01710468 0.08438247 0.1371903 0.01710468 0.1045726 0.1371903 0.01710468 0.2843825 0.1371903 0.01710468 0.3045727 0.1371903 0.01710718 0.08547759 0.1371042 0.01710718 0.1034776 0.1371042 0.01710718 0.1404776 0.1371042 0.01710718 0.2484776 0.1371042 0.01710718 0.2854776 0.1371042 0.01710718 0.3034777 0.1371042 0.0171377 0.01350331 0.1995172 0.01714468 0.3765308 0.1999854 0.01717358 0.009606301 0.172 0.01717358 0.3793489 0.172 0.01718199 0.01328337 0.1996554 0.01719766 0.01354926 0.1993638 0.01719808 -0.004298806 0.00999999 0.01719808 -0.004298806 0.01299995 0.01719808 -0.004298806 0.169 0.01719808 -0.004298806 0.172 0.01719808 -0.004298806 0.197 0.01719808 -0.004298806 0.2 0.01719808 0.3932541 0.00999999 0.01719808 0.3932541 0.01299995 0.01719808 0.3932541 0.169 0.01719808 0.3932541 0.172 0.01719808 0.3932541 0.197 0.01719808 0.3932541 0.2 0.01723611 0.01357871 0.1991997 0.01724487 0.0194776 0.009121298 0.01724487 0.3694776 0.009121298 0.01725131 0.009683966 0.169 0.01725131 0.3792712 0.169 0.01725167 0.01359081 0.19903 0.01726061 0.01334619 0.1995172 0.0172674 0.3764199 0.1999419 0.01728028 0.01699411 0.009427011 0.01728028 0.371961 0.009427011 0.01731967 0.0133934 0.1993638 0.0173394 0.01827627 0.009121298 0.0173394 0.3706789 0.009121298 0.01735746 0.01342356 0.1991997 0.0173729 0.0134359 0.19903 0.01737487 0.01399308 0.009963035 0.01737487 0.374962 0.009963035 0.0173828 0.3763156 0.199871 0.01740521 0.01564681 0.009672999 0.01740521 0.3733083 0.009672999 0.01748758 0.376221 0.1997745 0.01751071 0.009274601 0.197 0.01751071 0.3796805 0.197 0.01755058 0.0194776 0.008763313 0.01755058 0.3694776 0.008763313 0.0175786 0.3761386 0.1996554 0.01762068 0.01710468 0.009121298 0.01762068 0.3718504 0.009121298 0.01764142 0.01832419 0.008763313 0.01764142 0.3706309 0.008763313 0.01765328 0.3760712 0.1995172 0.01770937 0.3760205 0.1993638 0.0177406 0.01300168 0.1990299 0.01774519 0.01426219 0.009853124 0.01774519 0.3746929 0.009853124 0.01774531 0.3759881 0.1991997 0.0177561 0.01157218 0.2 0.01775991 0.3759748 0.1990299 0.01776289 0.01582896 0.009427011 0.01776289 0.3731262 0.009427011 0.01779657 0.0194776 0.008361935 0.01779657 0.3694776 0.008361935 0.01782268 0.0194776 0.01299995 0.01782268 0.05847758 0.01299995 0.01782268 0.0614776 0.01299995 0.01782268 0.3274776 0.01299995 0.01782268 0.3304776 0.01299995 0.01782268 0.3694776 0.01299995 0.0178703 0.0116986 0.1999854 0.01787149 0.01454681 0.06321996 0.01787149 0.3744083 0.06321996 0.01787358 0.01435548 0.06686973 0.01787358 0.3745996 0.06686973 0.01788431 0.0183627 0.008361935 0.01788431 0.3705925 0.008361935 0.01791012 0.01836669 0.01299995 0.01791012 0.3705884 0.01299995 0.01791149 0.01719921 0.008763313 0.01791149 0.3717559 0.008763313 0.0179224 0.01394778 0.0737946 0.0179224 0.3750073 0.0737946 0.01795077 0.009880363 0.172 0.01795077 0.3790748 0.172 0.0179767 0.0194776 0.007927 0.0179767 0.3694776 0.007927 0.01798117 0.01182126 0.1999419 0.01799386 0.01254791 0.00999999 0.01799386 0.3764072 0.00999999 0.01800358 0.009953081 0.169 0.01800358 0.3790021 0.169 0.01803141 0.01357847 0.07881534 0.01803141 0.3753767 0.07881534 0.01806229 0.01839077 0.007927 0.01806229 0.3705644 0.007927 0.01808178 0.0159915 0.009121298 0.01808178 0.3729636 0.009121298 0.01808547 0.01193666 0.199871 0.01808661 0.0194776 0.007469296 0.01808661 0.3694776 0.007469296 0.0180971 0.01451778 0.009672999 0.0180971 0.3744373 0.009672999 0.0181235 0.0194776 0.002999961 0.0181235 0.0194776 0.006999969 0.0181235 0.3694776 0.002999961 0.0181235 0.3694776 0.006999969 0.01814538 0.01727521 0.008361935 0.01814538 0.3716799 0.008361935 0.01816052 0.0194776 0.002530694 0.01816052 0.3694776 0.002530694 0.01817029 0.01728326 0.01299995 0.01817029 0.3716718 0.01299995 0.01817077 0.018408 0.007469296 0.01817077 0.3705471 0.007469296 0.01818019 0.01204138 0.1997745 0.01819896 0.01325327 0.08185774 0.01819896 0.3757019 0.08185774 0.01820731 0.01841378 0.002999961 0.01820731 0.01841378 0.006999969 0.01820731 0.3705413 0.002999961 0.01820731 0.3705413 0.006999969 0.01824367 0.01841956 0.002530694 0.01824367 0.3705355 0.002530694 0.01825791 0.3778092 0.2 0.0182625 0.01213246 0.1996554 0.01827037 0.0194776 0.00207293 0.01827037 0.3694776 0.00207293 0.01827591 0.3710834 0.1047903 0.01830399 0.01310861 0.08262187 0.01830399 0.3758465 0.08262187 0.01831668 0.01733088 0.007927 0.01831668 0.3716243 0.007927 0.0183258 0.01287978 0.009963035 0.0183258 0.3760755 0.009963035 0.01832997 0.01220721 0.1995172 0.01833242 0.01307439 0.08273339 0.01833242 0.3758807 0.08273339 0.01835227 0.01843678 0.00207293 0.01835227 0.3705185 0.00207293 0.01835417 0.01613026 0.008763313 0.01835417 0.3728248 0.008763313 0.01836168 0.01304095 0.08281314 0.01836168 0.3759141 0.08281314 0.01836419 0.377676 0.1999854 0.01837658 0.01302456 0.08284103 0.01837658 0.3759306 0.08284103 0.0183807 0.01226317 0.1993638 0.01838421 0.01301646 0.082852 0.01838421 0.3759386 0.082852 0.01839178 0.01300847 0.08286094 0.01839178 0.3759467 0.08286094 0.01839798 0.3715206 0.1047903 0.01839941 0.01300036 0.08286792 0.01839941 0.3759548 0.08286792 0.0184071 0.0129925 0.08287292 0.0184071 0.3759627 0.08287292 0.01841306 0.01229906 0.1991997 0.01841491 0.01298457 0.0828759 0.01841491 0.3759706 0.0828759 0.01841878 0.01298058 0.08287662 0.01841878 0.3759745 0.08287662 0.01842117 0.01736479 0.007469296 0.01842117 0.3715903 0.007469296 0.01842176 0.01475369 0.009427011 0.01842176 0.3742014 0.009427011 0.01842272 0.0129767 0.08287686 0.01842272 0.3759784 0.08287686 0.01842629 0.01231366 0.1990299 0.01842659 0.01297277 0.08287662 0.01842659 0.3759824 0.08287662 0.01842719 0.3779416 0.2 0.01843047 0.01296889 0.0828759 0.01843047 0.3759862 0.0828759 0.01843851 0.01296108 0.08287292 0.01843851 0.375994 0.08287292 0.01844638 0.0129534 0.08286792 0.01844638 0.3760017 0.08286792 0.01845049 0.0194776 0.001637995 0.01845049 0.3694776 0.001637995 0.01845437 0.01294577 0.08286094 0.01845437 0.3760094 0.08286094 0.01845639 0.01737618 0.002999961 0.01845639 0.01737618 0.006999969 0.01845639 0.3715789 0.002999961 0.01845639 0.3715789 0.006999969 0.01846247 0.0129382 0.082852 0.01846247 0.376017 0.082852 0.01846736 0.3775468 0.1999419 0.01847058 0.01293057 0.08284103 0.01847058 0.3760246 0.08284103 0.01848697 0.01291567 0.08281314 0.01848697 0.3760395 0.08281314 0.0184915 0.01738768 0.002530694 0.0184915 0.3715676 0.002530694 0.01852041 0.0128864 0.08273339 0.01852041 0.3760687 0.08273339 0.01853018 0.01846498 0.001637995 0.01853018 0.3704902 0.001637995 0.01853078 0.3778064 0.1999854 0.01855337 0.3719646 0.1047903 0.01855456 0.01285797 0.08262187 0.01855456 0.3760972 0.08262187 0.0185644 0.3774252 0.199871 0.0185734 0.01624196 0.008361935 0.0185734 0.3727132 0.008361935 0.01859319 0.01216638 0.1990299 0.01859599 0.0174216 0.00207293 0.01859599 0.3715335 0.00207293 0.0185967 0.01625376 0.01299995 0.0185967 0.3727014 0.01299995 0.01863151 0.3776752 0.1999419 0.01864939 0.01320338 0.009853124 0.01864939 0.3757517 0.009853124 0.01865249 0.3773149 0.1997745 0.01869648 0.0194776 0.001236617 0.01869648 0.3694776 0.001236617 0.01869916 0.012753 0.08185774 0.01869916 0.3762021 0.08185774 0.01871138 0.0149641 0.009121298 0.01871138 0.373991 0.009121298 0.01872611 0.3775517 0.199871 0.01872909 0.3772189 0.1996554 0.01873391 0.0163238 0.007927 0.01873391 0.3726314 0.007927 0.01876729 0.01747727 0.001637995 0.01876729 0.3714778 0.001637995 0.01877319 0.01850336 0.001236617 0.01877319 0.3704518 0.001236617 0.01879191 0.3771404 0.1995172 0.018812 0.3774396 0.1997745 0.01883178 0.01637357 0.007469296 0.01883178 0.3725816 0.007469296 0.018839 0.3770812 0.1993638 0.01886469 0.01639038 0.002999961 0.01886469 0.01639038 0.006999969 0.01886469 0.3725647 0.002999961 0.01886469 0.3725647 0.006999969 0.01886922 0.3770434 0.1991997 0.01888149 0.3770281 0.19903 0.01888668 0.3773424 0.1996554 0.01889759 0.01640719 0.002530694 0.01889759 0.3725479 0.002530694 0.01894789 0.3772624 0.1995172 0.01895517 0.01563048 0.01299995 0.01895517 0.3733247 0.01299995 0.01895701 0.013511 0.009672999 0.01895701 0.3754441 0.009672999 0.01895868 0.01514381 0.008763313 0.01895868 0.3738113 0.008763313 0.01899397 0.3772024 0.1993638 0.01899552 0.01645708 0.00207293 0.01899552 0.372498 0.00207293 0.0190013 0.01755326 0.001236617 0.0190013 0.3714018 0.001236617 0.01900219 0.0194776 8.7868e-4 0.01900219 0.3694776 8.7868e-4 0.01902341 0.377164 0.1991997 0.01902449 0.0125854 0.07881534 0.01902449 0.3763697 0.07881534 0.01903539 0.3771485 0.19903 0.01907509 0.01855129 8.7868e-4 0.01907509 0.370404 8.7868e-4 0.01910388 0.0105341 0.2 0.01915597 0.01653891 0.001637995 0.01915597 0.3724162 0.001637995 0.0191577 0.01528841 0.008361935 0.0191577 0.3736667 0.008361935 0.01916331 0.01154917 0.00999999 0.01916331 0.377406 0.00999999 0.01919698 0.01067668 0.1999854 0.019198 0.00824058 0.197 0.019198 0.3807145 0.197 0.01924079 0.01379477 0.009427011 0.01924079 0.3751603 0.009427011 0.01927351 0.01042568 0.2 0.0192874 0.01081526 0.1999419 0.01929199 0.0176478 8.7868e-4 0.01929199 0.3713074 8.7868e-4 0.01930338 0.01539427 0.007927 0.01930338 0.3735608 0.007927 0.01936018 0.0194776 5.72949e-4 0.01936018 0.3694776 5.72949e-4 0.01936388 0.0105701 0.1999854 0.0193724 0.01094549 0.199871 0.0193752 0.01665049 0.001236617 0.0193752 0.3723046 0.001236617 0.01939237 0.01545888 0.007469296 0.01939237 0.3734962 0.007469296 0.01939368 0.01247638 0.0737946 0.01939368 0.3764787 0.0737946 0.01942229 0.01548057 0.002999961 0.01942229 0.01548057 0.006999969 0.01942229 0.3734745 0.002999961 0.01942229 0.3734745 0.006999969 0.01942867 0.01860731 5.72949e-4 0.01942867 0.3703479 5.72949e-4 0.0194391 0.01192891 0.009963035 0.0194391 0.3770263 0.009963035 0.01944959 0.01106381 0.1997746 0.01945167 0.01071017 0.1999419 0.01945209 0.01550227 0.002530694 0.01945209 0.3734529 0.002530694 0.01949387 0.01404786 0.009121298 0.01949387 0.3749072 0.009121298 0.0195167 0.01116651 0.1996555 0.01953417 0.01084208 0.199871 0.01953798 0.008907794 0.172 0.01953798 0.3800475 0.172 0.01954096 0.01556688 0.00207293 0.01954096 0.3733882 0.00207293 0.01957172 0.01125079 0.1995172 0.01957881 0.008987784 0.169 0.01957881 0.3799673 0.169 0.01960921 0.01096177 0.1997746 0.01961296 0.01131409 0.1993638 0.01963251 0.01775836 5.72949e-4 0.01963251 0.3711968 5.72949e-4 0.01963949 0.01135456 0.1991997 0.01964759 0.01678931 8.7868e-4 0.01964759 0.3721658 8.7868e-4 0.01965022 0.01137107 0.19903 0.0196743 0.01106578 0.1996555 0.01968681 0.0156728 0.001637995 0.01968681 0.3732823 0.001637995 0.01970821 0.01229918 0.009853124 0.01970821 0.3766559 0.009853124 0.01971012 0.0142641 0.008763313 0.01971012 0.374691 0.008763313 0.0197277 0.01115107 0.1995172 0.01976162 0.0194776 3.2698e-4 0.01976162 0.3694776 3.2698e-4 0.01976782 0.01121509 0.1993638 0.01979351 0.01125609 0.1991997 0.01980149 0.01242756 0.06686973 0.01980149 0.3765276 0.06686973 0.01980388 0.01127278 0.19903 0.0198251 0.01866996 3.2698e-4 0.0198251 0.3702851 3.2698e-4 0.01983821 0.3788591 0.2 0.01988399 0.01443797 0.008361935 0.01988399 0.3745172 0.008361935 0.01988577 0.0158174 0.001236617 0.01988577 0.3731377 0.001236617 0.01991939 0.3787092 0.1999854 0.0199638 0.01265108 0.009672999 0.0199638 0.3763042 0.009672999 0.01996648 0.01695179 5.72949e-4 0.01996648 0.3720033 5.72949e-4 0.01999276 0.01242548 0.06321996 0.01999276 0.3765296 0.06321996 0.01999831 0.3785638 0.1999419 0.02001142 0.0145654 0.007927 0.02001142 0.3743897 0.007927 0.02001416 0.0178824 3.2698e-4 0.02001416 0.3710727 3.2698e-4 0.0200563 0.3778349 0.19903 0.0200724 0.378427 0.199871 0.02008908 0.01464307 0.007469296 0.02008908 0.3743121 0.007469296 0.02011519 0.01466917 0.002999961 0.02011519 0.01466917 0.006999969 0.02011519 0.3742859 0.002999961 0.02011519 0.3742859 0.006999969 0.02013307 0.01599711 8.7868e-4 0.02013307 0.372958 8.7868e-4 0.02013969 0.3783029 0.1997746 0.02014142 0.01469528 0.002530694 0.02014142 0.3742598 0.002530694 0.02019649 0.0194776 1.4683e-4 0.02019649 0.3694776 1.4683e-4 0.02019816 0.3781951 0.1996555 0.02019971 0.01297581 0.009427011 0.02019971 0.3759793 0.009427011 0.0202071 0.01103407 0.19903 0.02021896 0.01477307 0.00207293 0.02021896 0.3741821 0.00207293 0.0202462 0.3781066 0.1995172 0.02025467 0.01873809 1.4683e-4 0.02025467 0.370217 1.4683e-4 0.0202822 0.3780401 0.1993639 0.02030521 0.3779976 0.1991999 0.02031457 0.3779802 0.19903 0.02032417 0.01713407 3.2698e-4 0.02032417 0.3718211 3.2698e-4 0.0203464 0.01490038 0.001637995 0.0203464 0.3740547 0.001637995 0.02041012 0.01326537 0.009121298 0.02041012 0.3756898 0.009121298 0.02042269 0.01620751 5.72949e-4 0.02042269 0.3727476 5.72949e-4 0.02042788 0.01801681 1.4683e-4 0.02042788 0.3709383 1.4683e-4 0.02047449 0.0107457 0.00999999 0.02047449 0.3782094 0.00999999 0.02052038 0.01507437 0.001236617 0.02052038 0.3738808 0.001236617 0.02058851 0.3781231 0.19903 0.02058976 0.01351267 0.008763313 0.02058976 0.3754425 0.008763313 0.0206542 0.0194776 3.6935e-5 0.0206542 0.3694776 3.6935e-5 0.02068752 0.01116377 0.009963035 0.02068752 0.3777914 0.009963035 0.02070677 0.01880967 3.6935e-5 0.02070677 0.3701454 3.6935e-5 0.02071171 0.01733148 1.4683e-4 0.02071171 0.3716236 1.4683e-4 0.02072662 0.01076436 0.19903 0.02073436 0.01371169 0.008361935 0.02073436 0.3752434 0.008361935 0.02073657 0.01529061 8.7868e-4 0.02073657 0.3736646 8.7868e-4 0.02074742 0.01644337 3.2698e-4 0.02074742 0.3725118 3.2698e-4 0.02077686 0.009645879 0.2 0.02084028 0.01385748 0.007927 0.02084028 0.3750977 0.007927 0.0208429 0.009802997 0.1999854 0.02086317 0.01815831 3.6935e-5 0.02086317 0.3707969 3.6935e-5 0.02089107 0.0194776 0.01076048 0.02089107 0.02282327 0.01076048 0.02089107 0.07384002 0.01076048 0.02089107 0.1723859 0.01076048 0.02089107 0.2709317 0.01076048 0.02089107 0.2776196 0.01076048 0.02089107 0.2884484 0.01076048 0.02089107 0.2986329 0.01076048 0.02089107 0.3081744 0.01076048 0.02089107 0.3170753 0.01076048 0.02089107 0.325339 0.01076048 0.02089107 0.3329708 0.01076048 0.02089107 0.3399794 0.01076048 0.02089107 0.3463804 0.01076048 0.02089107 0.3516419 0.01076048 0.02089107 0.3556638 0.01076048 0.02089107 0.3587388 0.01076048 0.02089107 0.361124 0.01076048 0.02089107 0.3631647 0.01076048 0.02089107 0.3651587 0.01076048 0.02089107 0.3673596 0.01076048 0.02089107 0.3694776 0.01076048 0.02089118 0.3694972 0.01075989 0.0208953 0.0115717 0.009853124 0.0208953 0.3773834 0.009853124 0.02090489 0.01394641 0.007469296 0.02090489 0.3750088 0.007469296 0.02090698 0.009955406 0.1999419 0.02090847 0.01910889 0.01074993 0.02091109 0.3698724 0.01074928 0.02092659 0.01397621 0.002999961 0.02092659 0.01397621 0.006999969 0.02092659 0.3749789 0.002999961 0.02092659 0.3749789 0.006999969 0.02094137 0.3701012 0.01074331 0.02094829 0.01400607 0.002530694 0.02094829 0.374949 0.002530694 0.02095687 0.370191 0.01074111 0.02095872 0.01949906 0.009935319 0.02095872 0.369456 0.009935319 0.0209673 0.01009881 0.199871 0.02097082 0.3702633 0.01073932 0.02097249 0.01868307 0.01073914 0.02098309 0.01911401 0.009911 0.02098309 0.3698411 0.009911 0.02098971 0.01554369 5.72949e-4 0.02098971 0.3734115 5.72949e-4 0.02099597 0.0187034 0.01031559 0.02099931 0.01951551 0.009667456 0.02099931 0.3694396 0.009667456 0.02101272 -0.005214631 0.00999999 0.02101272 -0.005214631 0.01299995 0.02101272 -0.005214631 0.169 0.02101272 -0.005214631 0.172 0.02101272 -0.005214631 0.197 0.02101272 -0.005214631 0.2 0.02101272 0.3941698 0.00999999 0.02101272 0.3941698 0.01299995 0.02101272 0.3941698 0.169 0.02101272 0.3941698 0.172 0.02101272 0.3941698 0.197 0.02101272 0.3941698 0.2 0.0210129 0.014095 0.00207293 0.0210129 0.3748601 0.00207293 0.02101457 0.3704562 0.01073485 0.02101761 0.3704681 0.01073461 0.02102208 0.01022887 0.1997746 0.02102637 0.007483303 0.197 0.02102637 0.3814718 0.197 0.02102971 0.0184409 0.0107336 0.0210424 0.018395 0.01073259 0.0210464 0.01873219 0.009889721 0.0210464 0.3702229 0.009889721 0.02104878 0.07384002 0.009401619 0.02104878 0.1723859 0.009401619 0.02104878 0.2709317 0.009401619 0.02104902 0.01953661 0.009400844 0.02104902 0.3694185 0.009400844 0.02106779 0.3706467 0.01073074 0.02106958 0.01034206 0.1996555 0.0210765 0.01350921 0.01299995 0.0210765 0.375446 0.01299995 0.02109122 0.3707208 0.01072925 0.02109181 0.3704115 0.009880185 0.02109277 0.01195919 0.009672999 0.02109277 0.3769959 0.009672999 0.0210936 0.01832276 0.01030439 0.02109581 0.3707348 0.01072895 0.02109926 0.01669907 1.4683e-4 0.02109926 0.3722561 1.4683e-4 0.02110689 0.01956188 0.00913918 0.02110689 0.3693932 0.00913918 0.02110856 0.0104348 0.1995173 0.02111881 0.0142408 0.001637995 0.02111881 0.3747143 0.001637995 0.02111959 0.01753926 3.6935e-5 0.02111959 0.3714158 3.6935e-5 0.02112346 0.0194776 0 0.02112346 0.3694776 0 0.02112609 0.01813209 0.01072722 0.02112931 0.378373 0.1990301 0.02113801 0.01050448 0.1993639 0.02114337 0.0191977 0.009085416 0.02114337 0.3697574 0.009085416 0.02114629 0.01835727 0.009871423 0.02114629 0.3705978 0.009871423 0.02115666 0.01054906 0.1991999 0.02116441 0.0105673 0.1990301 0.02117031 0.0188831 0 0.02117031 0.370072 0 0.02118676 0.370983 0.01072424 0.02120149 0.371019 0.01072365 0.02120989 0.3707816 0.009863495 0.02121239 0.01791018 0.01072317 0.0212171 0.0188356 0.009038388 0.0212171 0.3701195 0.009038388 0.02122759 0.01795309 0.01029503 0.02125769 0.01780676 0.01072144 0.02125769 0.0081954 0.172 0.02125769 0.3807597 0.172 0.02126342 0.01443976 0.001236617 0.02126342 0.3745154 0.001236617 0.02127349 0.01582747 3.2698e-4 0.02127349 0.3731276 3.2698e-4 0.02127498 0.01231688 0.009427011 0.02127498 0.3766383 0.009427011 0.02127552 0.01963818 0.00853914 0.02127552 0.3693169 0.00853914 0.02128159 0.3711998 0.01072061 0.02128201 0.01799279 0.009856283 0.02128201 0.3709625 0.009856283 0.02128547 0.008280813 0.169 0.02128547 0.3806743 0.169 0.02129477 0.0105136 0.1990301 0.02129501 0.3712279 0.01072019 0.021308 0.01770049 0.01071977 0.02130949 0.01830327 0 0.02130949 0.3706519 0 0.02132546 0.01847898 0.008998274 0.02132546 0.3704761 0.008998274 0.0213344 0.01966536 0.008363783 0.0213344 0.3692897 0.008363783 0.02136039 0.3713579 0.01071822 0.02136278 0.3711397 0.009849965 0.02137041 0.3713766 0.01071798 0.02138769 0.01932346 0.008276224 0.02138769 0.3696317 0.008276224 0.0213927 0.371418 0.01071739 0.02139467 0.3795469 0.2 0.02139651 0.01759761 0.01028764 0.02139651 0.3713575 0.01028764 0.02140927 0.01750707 0.01071697 0.02143579 0.07384002 0.008089482 0.02143579 0.1723859 0.008089482 0.02143579 0.2709317 0.008089482 0.02143639 0.01971286 0.008087873 0.02143639 0.3692422 0.008087873 0.02143752 0.01263576 0.009121298 0.02143752 0.3763194 0.009121298 0.02144306 0.01468706 8.7868e-4 0.02144306 0.374268 8.7868e-4 0.02145099 0.3793863 0.1999854 0.02145189 0.0176419 0.009844422 0.02145189 0.3713132 0.009844422 0.02146738 0.01813119 0.008965134 0.02146738 0.370824 0.008965134 0.02146756 0.3715489 0.01071572 0.02146959 0.01696807 3.6935e-5 0.02146959 0.3719871 3.6935e-5 0.02147442 0.01898396 0.008199751 0.02147442 0.3699711 0.008199751 0.02149361 0.3715288 0.01028472 0.02149838 0.3715996 0.01071512 0.02150571 0.3792302 0.1999419 0.021519 0.01732248 0.01071476 0.02153772 0.0177524 0 0.02153772 0.3712027 0 0.02154928 0.3714824 0.009839653 0.02155709 0.3790832 0.199871 0.02157306 0.3717163 0.01071387 0.02157628 0.01290816 0.008763313 0.02157628 0.3760469 0.008763313 0.02157938 0.01722949 0.01071375 0.02158099 0.01613497 1.4683e-4 0.02158099 0.3728201 1.4683e-4 0.02159237 0.01864951 0.008134543 0.02159237 0.3703056 0.008134543 0.02159887 0.01726001 0.01028233 0.02159887 0.3716952 0.01028233 0.02159947 0.3796163 0.2 0.02160131 0.3717581 0.01071345 0.0216037 0.37895 0.1997746 0.02162569 0.01716178 0.01071316 0.02163577 0.01980698 0.007621824 0.02163577 0.3691481 0.007621824 0.02164089 0.01779508 0.008939146 0.02164089 0.37116 0.008939146 0.02164429 0.3788343 0.1996555 0.02165257 0.3794545 0.1999854 0.02165347 0.01497668 5.72949e-4 0.02165347 0.3739784 5.72949e-4 0.0216546 0.01730811 0.009835779 0.0216546 0.371647 0.009835779 0.0216574 0.3785796 0.1990301 0.02167749 0.3787392 0.1995173 0.02168798 0.01312738 0.008361935 0.02168798 0.3758277 0.008361935 0.02169978 0.01315069 0.01299995 0.02169978 0.3758046 0.01299995 0.02170246 0.3786678 0.1993639 0.02170407 0.3792973 0.1999419 0.02170759 0.0194863 0.007507681 0.02170759 0.3694689 0.007507681 0.02171069 0.3719106 0.01071214 0.0217185 0.3786222 0.1991999 0.0217213 0.01984769 0.007443964 0.0217213 0.3691074 0.007443964 0.02172499 0.3786035 0.1990301 0.02172589 0.3719306 0.01071202 0.02173912 0.01700729 0.0107119 0.02174007 0.01832288 0.00808078 0.02174007 0.3706322 0.00808078 0.02175259 0.3791495 0.199871 0.0217697 0.0132879 0.007927 0.0217697 0.3756672 0.007927 0.0217967 0.3790155 0.1997746 0.02180737 0.01916921 0.007408142 0.02180737 0.3697859 0.007408142 0.02181959 0.01338577 0.007469296 0.02181959 0.3755694 0.007469296 0.02183312 0.01694339 0.01027905 0.02183312 0.3720117 0.01027905 0.0218349 0.3788988 0.1996555 0.0218364 0.01341867 0.002999961 0.0218364 0.01341867 0.006999969 0.0218364 0.3755365 0.002999961 0.0218364 0.3755365 0.006999969 0.02184462 0.01747399 0.008920431 0.02184462 0.3714812 0.008920431 0.02184718 0.01030969 0.1990301 0.02184927 0.01724398 0 0.02184927 0.3717111 0 0.0218532 0.01345157 0.002530694 0.0218532 0.3755035 0.002530694 0.02186632 0.3788032 0.1995173 0.02188819 0.01699471 0.009830594 0.02188819 0.3719604 0.009830594 0.02188938 0.0153014 3.2698e-4 0.02188938 0.3736537 3.2698e-4 0.0218898 0.3787313 0.1993639 0.02189517 0.01015716 0.00999999 0.02189517 0.378798 0.00999999 0.02190309 0.0135495 0.00207293 0.02190309 0.3754056 0.00207293 0.0219047 0.01645869 3.6935e-5 0.0219047 0.3724964 3.6935e-5 0.02190488 0.3786853 0.1991999 0.02191108 0.3786666 0.1990301 0.02191561 0.0180068 0.00803858 0.02191561 0.3709483 0.00803858 0.02193337 0.01885801 0.007323265 0.02193337 0.3700971 0.007323265 0.02195858 0.3722083 0.01071065 0.02197068 0.0167337 0.01071065 0.02198487 0.01371008 0.001637995 0.02198487 0.3752451 0.001637995 0.02198541 0.01671791 0.01071059 0.0220102 0.01998651 0.006913185 0.02204018 0.01060348 0.009963035 0.02204018 0.3783516 0.009963035 0.0220406 0.07384002 0.006862461 0.0220406 0.1723859 0.006862461 0.0220406 0.2709317 0.006862461 0.02204179 0.02000176 0.006860435 0.02204179 0.3689534 0.006860435 0.0220732 0.01662731 0.01071053 0.0220732 0.3723279 0.01071053 0.02207648 0.01717078 0.008909106 0.02207648 0.3717843 0.008909106 0.02208411 0.01855468 0.007253348 0.02208411 0.3704004 0.007253348 0.02209651 0.01392918 0.001236617 0.02209651 0.3750259 0.001236617 0.0220974 0.01665139 0.01027798 0.0220974 0.3723037 0.01027798 0.02209931 0.01969027 0.006790161 0.02209931 0.3692649 0.006790161 0.02211737 0.01770359 0.008008241 0.02211737 0.3712515 0.008008241 0.02214509 0.01565331 1.4683e-4 0.02214509 0.3733018 1.4683e-4 0.02215099 0.01670509 0.009828865 0.02215099 0.3722501 0.009828865 0.0221638 0.3724156 0.01071059 0.02218168 0.01103889 0.009853124 0.02218168 0.3779162 0.009853124 0.02219951 0.3724486 0.01071071 0.02221029 0.01939851 0.006682872 0.02221029 0.3695566 0.006682872 0.02221262 0.01649457 0.01071071 0.0222212 0.3787627 0.1990301 0.02223527 0.01420158 8.7868e-4 0.02223527 0.3747535 8.7868e-4 0.02223646 0.01679056 0 0.02223646 0.3721646 0 0.02225798 0.01826119 0.007198512 0.02225798 0.3706939 0.007198512 0.02231609 0.01145249 0.009672999 0.02231609 0.3775026 0.009672999 0.02233457 0.01688861 0.008905291 0.02233457 0.3720665 0.008905291 0.0223416 0.02014738 0.006401002 0.0223416 0.3688077 0.006401002 0.02234196 0.01911276 0.006591558 0.02234196 0.3698423 0.006591558 0.02234357 0.017416 0.007989883 0.02234357 0.3715391 0.007989883 0.02237778 0.009115517 0.2 0.02238941 0.01638716 0.01027905 0.02238941 0.3725679 0.01027905 0.02239781 0.01452058 5.72949e-4 0.02239781 0.3744346 5.72949e-4 0.02241408 0.01602357 3.6935e-5 0.02241408 0.3729315 3.6935e-5 0.02241849 0.00928086 0.1999854 0.02244007 0.0118342 0.009427011 0.02244007 0.3771209 0.009427011 0.02244067 0.01644229 0.009830594 0.02244067 0.3725128 0.009830594 0.02245372 0.0179795 0.007159054 0.02245372 0.3709756 0.007159054 0.02245807 0.009441375 0.1999419 0.02247071 0.01627987 0.01071202 0.02247458 0.3726782 0.01071202 0.02249312 0.01883471 0.006516277 0.02249312 0.3701205 0.006516277 0.02249526 0.009592473 0.199871 0.02252131 0.01624178 0.01071238 0.022529 0.009729564 0.1997746 0.02253419 0.01307076 0.1047903 0.0225507 0.01217466 0.009121298 0.0225507 0.3767804 0.009121298 0.02255219 0.01993727 0.006131887 0.02255219 0.3690179 0.006131887 0.02255839 0.009848713 0.1996555 0.02258008 0.01487821 3.2698e-4 0.02258008 0.3740769 3.2698e-4 0.02258247 0.009946405 0.1995173 0.02259248 0.01714646 0.007983744 0.02259248 0.3718087 0.007983744 0.02259391 0.009064614 0.2 0.02260059 0.01001989 0.1993639 0.02261209 0.0100668 0.1991999 0.0226168 0.01663047 0.008909106 0.0226168 0.3723247 0.008909106 0.0226168 0.01008599 0.1990301 0.02263087 0.3727914 0.01071333 0.0226311 0.009230911 0.1999854 0.02264517 0.01246547 0.008763313 0.02264517 0.3764897 0.008763313 0.02266258 0.01856559 0.006457328 0.02266258 0.3703895 0.006457328 0.02266728 0.009392201 0.1999419 0.02266979 0.0177114 0.007135212 0.02266979 0.3712437 0.007135212 0.02267229 0.01967775 0.006028115 0.02267229 0.3692773 0.006028115 0.02267509 0.3728214 0.01071375 0.02267616 0.01613301 0.01071375 0.02268487 0.01612716 0.01071387 0.02268999 0.01640331 0 0.02268999 0.3725518 0 0.02270132 0.009544014 0.199871 0.02270597 0.01615297 0.01028233 0.02270597 0.3728021 0.01028233 0.02272117 0.01269936 0.008361935 0.02272117 0.3762557 0.008361935 0.02272927 0.01272428 0.01299995 0.02272927 0.3762308 0.01299995 0.02273219 0.009681761 0.1997746 0.02275407 0.0162087 0.009835779 0.02275407 0.3727464 0.009835779 0.02275907 0.009801506 0.1996555 0.0227617 0.3789036 0.1990301 0.0227769 0.01287066 0.007927 0.0227769 0.3760845 0.007927 0.02277749 0.0152657 1.4683e-4 0.02277749 0.3736894 1.4683e-4 0.02278107 0.009899675 0.1995173 0.02279347 0.3728978 0.010715 0.02279758 0.009973466 0.1993639 0.02280819 0.01002067 0.1991999 0.02280861 0.01942276 0.005940079 0.02280861 0.3695324 0.005940079 0.02281081 0.01297521 0.007469296 0.02281081 0.3759799 0.007469296 0.02281248 0.01003998 0.1990301 0.0228222 0.01301038 0.002999961 0.0228222 0.01301038 0.006999969 0.0228222 0.3759447 0.002999961 0.0228222 0.3759447 0.006999969 0.0228337 0.01304548 0.002530694 0.0228337 0.3759096 0.002530694 0.02283722 0.01603078 0.01071554 0.02284556 0.07384002 0.005756437 0.02284556 0.1723859 0.005756437 0.02284556 0.2709317 0.005756437 0.02284711 0.02039521 0.005754649 0.02284711 0.3685599 0.005754649 0.0228495 0.01830691 0.006414949 0.0228495 0.3706482 0.006414949 0.02285218 0.01602166 0.01071572 0.02286201 0.01689767 0.007989883 0.02286201 0.3720574 0.007989883 0.02286761 0.01314997 0.00207293 0.02286761 0.3758051 0.00207293 0.02287238 0.01604771 0.01028472 0.02290487 0.01745891 0.007127225 0.02290487 0.3714963 0.007127225 0.0229187 0.01610338 0.009839713 0.02292001 0.01639866 0.008920431 0.02292001 0.3725565 0.008920431 0.02292329 0.01332139 0.001637995 0.02292329 0.3756338 0.001637995 0.02294069 0.02044129 0.005648851 0.02294069 0.3685138 0.005648851 0.0229507 0.007021307 0.197 0.0229507 0.3819338 0.197 0.02296 0.01917356 0.00586766 0.02296 0.3697816 0.00586766 0.02296817 0.3730002 0.01071721 0.02297717 0.01292276 0.1047903 0.02298527 0.01567357 3.6935e-5 0.02298527 0.3732815 3.6935e-5 0.02299928 0.01355528 0.001236617 0.02299928 0.3754 0.001236617 0.02302402 0.01592481 0.01071798 0.02304369 0.01595056 0.01028764 0.02304369 0.3730045 0.01028764 0.02304381 0.01591426 0.01071822 0.02305221 0.02021217 0.005540132 0.02305221 0.368743 0.005540132 0.0230531 0.01805996 0.006389379 0.0230531 0.3708952 0.006389379 0.02306777 0.007760763 0.172 0.02306777 0.3811943 0.172 0.02308189 0.007849574 0.169 0.02308189 0.3811056 0.169 0.02308791 0.01600599 0.009844422 0.02308791 0.3729491 0.009844422 0.02308976 0.009982109 0.1990301 0.02309381 0.01384609 8.7868e-4 0.02309381 0.3751091 8.7868e-4 0.02311468 0.0205273 0.005461513 0.02311468 0.3684278 0.005461513 0.02312576 0.01893109 0.005811095 0.02312576 0.370024 0.005811095 0.0231496 0.01667147 0.008008241 0.0231496 0.3722836 0.008008241 0.02315068 0.3730951 0.01071983 0.02315741 0.01722377 0.007135212 0.02315741 0.3717314 0.007135212 0.023175 0.3760883 0.1047903 0.0231772 0.01998519 0.005446135 0.0231772 0.3689699 0.005446135 0.02319842 0.0160917 0 0.02319842 0.3728634 0 0.02320128 0.0158357 0.01072061 0.02320438 0.0141865 5.72949e-4 0.02320438 0.3747686 5.72949e-4 0.02321988 0.015827 0.0107209 0.02322918 0.3800127 0.2 0.0232411 0.01619499 0.008939146 0.0232411 0.3727601 0.008939146 0.02325278 0.3731433 0.01072144 0.0232563 0.3798446 0.1999854 0.02326136 0.01591688 0.009849965 0.02327227 0.01782631 0.006380796 0.02327227 0.3711288 0.006380796 0.02328258 0.3796812 0.1999419 0.02330517 0.0186966 0.005770444 0.02330517 0.3702585 0.005770444 0.02330732 0.3795276 0.199871 0.02331477 0.0197612 0.005366683 0.02331477 0.3691939 0.005366683 0.02332842 0.0145682 3.2698e-4 0.02332842 0.3743869 3.2698e-4 0.02332979 0.3793882 0.1997746 0.02332991 0.3790163 0.1990301 0.02334928 0.3792671 0.1996555 0.02336287 0.3731915 0.01072329 0.02336519 0.3791677 0.1995172 0.02337729 0.3790931 0.1993639 0.02338218 0.01575559 0.01072365 0.02338498 0.3790453 0.1991999 0.02338808 0.3790258 0.1990301 0.02339047 0.009798169 0.00999999 0.02339047 0.379157 0.00999999 0.02339911 0.3731734 0.01029503 0.02341347 0.0128073 0.1047903 0.02342551 0.0170077 0.007159054 0.02342551 0.3719474 0.007159054 0.02343881 0.01583606 0.009856283 0.02343881 0.373119 0.009856283 0.02345281 0.01646971 0.00803858 0.02345281 0.3724854 0.00803858 0.02346277 0.01498186 1.4683e-4 0.02346277 0.3739732 1.4683e-4 0.0234639 0.01026171 0.009963035 0.0234639 0.3786934 0.009963035 0.02346396 0.01954108 0.005301594 0.02346396 0.3694141 0.005301594 0.02346926 0.01572066 0.0107252 0.02348071 0.02070879 0.005103647 0.02348071 0.3682463 0.005103647 0.0234974 0.01847106 0.005745887 0.0234974 0.370484 0.005745887 0.02350598 0.01760721 0.006389379 0.02350598 0.3713479 0.006389379 0.02353549 0.01071381 0.009853124 0.02353549 0.3782413 0.009853124 0.02357721 0.01602137 0.008965194 0.02357721 0.3729338 0.008965194 0.0235877 0.3732783 0.0107274 0.02359187 0.3761866 0.1047903 0.02359378 0.009898364 0.19903 0.02359652 0.02050787 0.005008816 0.02359652 0.3684473 0.005008816 0.02360349 0.01114338 0.009672999 0.02360349 0.3778117 0.009672999 0.02360427 0.01541721 3.6935e-5 0.02360427 0.3735379 3.6935e-5 0.02361947 0.01576387 0.009863495 0.02362388 0.01932561 0.005250811 0.02362388 0.3696295 0.005250811 0.02366632 0.01153987 0.009427011 0.02366632 0.3774153 0.009427011 0.02366697 0.01564967 0.01072901 0.02370166 0.01825571 0.005737721 0.02370166 0.3706994 0.005737721 0.02370721 0.01681196 0.007198512 0.02370721 0.3721432 0.007198512 0.02372181 0.0203092 0.004927217 0.02372181 0.3686459 0.004927217 0.02372229 0.01189339 0.009121298 0.02372229 0.3770617 0.009121298 0.02373671 0.01562726 0.01073038 0.02374929 0.01586347 0 0.02374929 0.3730916 0 0.02375286 0.0174036 0.006415009 0.02375286 0.3715515 0.006415009 0.02375441 0.0156219 0.01073074 0.02376878 0.3733074 0.01030439 0.0237689 0.01629418 0.00808078 0.0237689 0.372661 0.00808078 0.02377021 0.0121954 0.008763313 0.02377021 0.3767597 0.008763313 0.02379387 0.01911568 0.005214393 0.02379387 0.3698394 0.005214393 0.02380329 0.01570039 0.009871423 0.02380329 0.3732547 0.009871423 0.02380859 0.01243829 0.008361935 0.02380859 0.3765168 0.008361935 0.02381271 0.01246416 0.01299995 0.02381271 0.376491 0.01299995 0.02382719 0.07384002 0.004803717 0.02382719 0.1723859 0.004803717 0.02382719 0.2709317 0.004803717 0.02382922 0.02088236 0.004802167 0.02382922 0.3680728 0.004802167 0.02383679 0.01261627 0.007927 0.02383679 0.3763388 0.007927 0.02385342 0.3733623 0.01073288 0.02385401 0.01272481 0.007469296 0.02385401 0.3762303 0.007469296 0.02385592 0.02011328 0.004858553 0.02385598 0.3688418 0.004858553 0.02385979 0.01276129 0.002999961 0.02385979 0.01276129 0.006999969 0.02385979 0.3761938 0.002999961 0.02385979 0.3761938 0.006999969 0.02386558 0.01279777 0.002530694 0.02386558 0.3761574 0.002530694 0.02386868 0.379091 0.19903 0.0238828 0.01290631 0.00207293 0.0238828 0.3760488 0.00207293 0.02388721 0.3733714 0.0107336 0.02391088 0.01308417 0.001637995 0.02391088 0.375871 0.001637995 0.02391707 0.01805138 0.005745947 0.02391707 0.3709037 0.005745947 0.023925 0.01587951 0.008998274 0.023925 0.3730756 0.008998274 0.02394491 0.01556861 0.01073485 0.02394938 0.01332718 0.001236617 0.02394938 0.3756279 0.001236617 0.0239734 0.01891207 0.005192518 0.0239734 0.370043 0.005192518 0.02398967 0.0156458 0.009880185 0.02399057 0.01555728 0.01073592 0.0239973 0.01362907 8.7868e-4 0.0239973 0.375326 8.7868e-4 0.0239982 0.01992058 0.004802465 0.0239982 0.3690347 0.004802465 0.0240007 0.01663821 0.007253348 0.0240007 0.3723169 0.007253348 0.02401161 0.01721656 0.006457388 0.02401161 0.3717385 0.006457388 0.02405327 0.01398271 5.72949e-4 0.02405327 0.3749724 5.72949e-4 0.0240736 0.009843766 0.19903 0.02409547 0.01614648 0.008134543 0.02409547 0.3728086 0.008134543 0.0241121 0.02102369 0.00458163 0.0241121 0.3679314 0.00458163 0.02411609 0.01437908 3.2698e-4 0.02411609 0.374576 3.2698e-4 0.02413779 0.0155248 0.01073932 0.02413779 0.3734303 0.01073932 0.02414262 0.01785928 0.005770444 0.02414262 0.3710959 0.005770444 0.02414518 0.3734318 0.0107395 0.02414941 0.373405 0.01031559 0.02416181 0.01871579 0.005185186 0.02416181 0.3702393 0.005185186 0.0241782 0.0156005 0.009889721 0.0241782 0.3733546 0.009889721 0.02418202 0.02082479 0.004536569 0.02418202 0.3681303 0.004536569 0.0241841 0.01480871 1.4683e-4 0.0241841 0.3741464 1.4683e-4 0.02425271 0.008827984 0.2 0.02425569 0.01526081 3.6935e-5 0.02425569 0.3736943 3.6935e-5 0.02426332 0.008997976 0.1999854 0.0242697 0.01550036 0.01074254 0.02427369 0.009163081 0.1999419 0.02428066 0.0170471 0.006516337 0.02428066 0.371908 0.006516337 0.02428162 0.01577109 0.009038388 0.02428162 0.373184 0.009038388 0.02428346 0.009318292 0.199871 0.02429229 0.009459316 0.1997746 0.02429997 0.009581685 0.1996555 0.02429997 0.01549535 0.01074331 0.02430307 0.02065169 0.00446856 0.02430307 0.3683034 0.00446856 0.02430397 0.01648747 0.007323324 0.02430397 0.3724677 0.007323324 0.02430456 0.01954668 0.004727602 0.02430456 0.3694084 0.004727602 0.02430629 0.009682178 0.1995172 0.024311 0.009757578 0.1993638 0.0243141 0.009805917 0.1991997 0.02431529 0.009825587 0.19903 0.02432388 0.3791301 0.19903 0.02432906 0.0157243 0 0.02432906 0.3732308 0 0.02435809 0.0185275 0.005192518 0.02435809 0.3704276 0.005192518 0.0243771 0.01767987 0.005811095 0.0243771 0.3712753 0.005811095 0.02442997 0.0160284 0.008199751 0.02442997 0.3729267 0.008199751 0.02446788 0.3695887 0.004708886 0.02452868 0.01546508 0.01074928 0.02455538 0.3734927 0.01074999 0.02455878 0.016896 0.006591558 0.02455878 0.3720591 0.006591558 0.02455997 0.01553708 0.009911 0.02455997 0.373418 0.009911 0.02456057 0.02031487 0.004364848 0.02456057 0.3686403 0.004364848 0.0245617 0.01834797 0.005214452 0.0245617 0.3706072 0.005214452 0.02461516 0.01636141 0.007408142 0.02461516 0.3725937 0.007408142 0.02461951 0.0175141 0.005867719 0.02461951 0.371441 0.005867719 0.02463728 0.01919138 0.004702627 0.02463728 0.3697638 0.004702627 0.02464371 0.01569747 0.009085416 0.02464371 0.3732576 0.009085416 0.02469098 0.02131408 0.004189014 0.02469098 0.367641 0.004189014 0.02475768 0.3791471 0.1990299 0.02476948 0.01594167 0.008276224 0.02476948 0.3730134 0.008276224 0.02477157 0.01817786 0.005250811 0.02477157 0.3707773 0.005250811 0.02481251 0.01902186 0.004708886 0.0248363 0.01999169 0.00430274 0.0248363 0.3689635 0.00430274 0.02484446 0.01676428 0.006682932 0.02484446 0.3721908 0.006682932 0.02486878 0.01736259 0.005940079 0.02486878 0.3715925 0.005940079 0.02491229 0.0210213 0.004074454 0.02491229 0.3679339 0.004074454 0.02492362 -0.005522429 0.00999999 0.02492362 -0.005522429 0.01299995 0.02492362 -0.005522429 0.169 0.02492362 -0.005522429 0.172 0.02492362 -0.005522429 0.197 0.02492362 -0.005522429 0.2 0.02492362 0.006866037 0.197 0.02492362 0.007614791 0.172 0.02492362 0.007704615 0.169 0.02492362 0.008807063 0.2 0.02492362 0.008977413 0.1999854 0.02492362 0.009142816 0.1999419 0.02492362 0.009298384 0.199871 0.02492362 0.009439587 0.1997745 0.02492362 0.009562313 0.1996554 0.02492362 0.009662866 0.1995172 0.02492362 0.009677588 0.00999999 0.02492362 0.009738504 0.1993638 0.02492362 0.009786903 0.1991997 0.02492362 0.009806573 0.1990299 0.02492362 0.01014691 0.009963035 0.02492362 0.01060456 0.009853124 0.02492362 0.01103949 0.009672999 0.02492362 0.01144087 0.009427011 0.02492362 0.01179891 0.009121298 0.02492362 0.01210457 0.008763313 0.02492362 0.01235061 0.008361935 0.02492362 0.01237666 0.01299995 0.02492362 0.01253068 0.007927 0.02492362 0.01264059 0.007469296 0.02492362 0.0126776 0.002999961 0.02492362 0.0126776 0.006999969 0.02492362 0.0127145 0.002530694 0.02492362 0.01282441 0.00207293 0.02492362 0.01300448 0.001637995 0.02492362 0.01325047 0.001236617 0.02492362 0.01355618 8.7868e-4 0.02492362 0.01391416 5.72949e-4 0.02492362 0.0143156 3.2698e-4 0.02492362 0.01475048 1.4683e-4 0.02492362 0.0152083 3.6935e-5 0.02492362 0.01544511 0.01076048 0.02492362 0.01567757 0 0.02492362 0.3732776 0 0.02492362 0.37351 0.01076048 0.02492362 0.3737469 3.6935e-5 0.02492362 0.3742046 1.4683e-4 0.02492362 0.3746395 3.2698e-4 0.02492362 0.375041 5.72949e-4 0.02492362 0.3753989 8.7868e-4 0.02492362 0.3757047 0.001236617 0.02492362 0.3759506 0.001637995 0.02492362 0.3761307 0.00207293 0.02492362 0.3762406 0.002530694 0.02492362 0.3762775 0.002999961 0.02492362 0.3762775 0.006999969 0.02492362 0.3763145 0.007469296 0.02492362 0.3764244 0.007927 0.02492362 0.3765784 0.01299995 0.02492362 0.3766045 0.008361935 0.02492362 0.3768506 0.008763313 0.02492362 0.3771562 0.009121298 0.02492362 0.3775143 0.009427011 0.02492362 0.3779156 0.009672999 0.02492362 0.3783505 0.009853124 0.02492362 0.3788083 0.009963035 0.02492362 0.3791486 0.1990299 0.02492362 0.3791682 0.1991997 0.02492362 0.3792166 0.1993638 0.02492362 0.3792777 0.00999999 0.02492362 0.3792923 0.1995172 0.02492362 0.3793928 0.1996554 0.02492362 0.3795155 0.1997745 0.02492362 0.3796567 0.199871 0.02492362 0.3798123 0.1999419 0.02492362 0.3799777 0.1999854 0.02492362 0.3801481 0.2 0.02492362 0.3812505 0.169 0.02492362 0.3813403 0.172 0.02492362 0.3820891 0.197 0.02492362 0.3944776 0.00999999 0.02492362 0.3944776 0.01299995 0.02492362 0.3944776 0.169 0.02492362 0.3944776 0.172 0.02492362 0.3944776 0.197 0.02492362 0.3944776 0.2 0.0249322 0.01626157 0.007507681 0.0249322 0.3726935 0.007507681 0.02494508 0.3734424 0.009935319 0.02494579 0.01551449 0.009922146 0.02495688 0.07384002 0.004032194 0.02495688 0.1723859 0.004032194 0.02495688 0.2709317 0.004032194 0.02495867 0.02144879 0.004031181 0.02495867 0.3675063 0.004031181 0.02496147 0.3734018 0.009667456 0.02498257 0.015603 0.009400546 0.02498257 0.3733522 0.009400844 0.0249871 0.018018 0.005301594 0.0249871 0.3709371 0.005301594 0.0249927 0.01885861 0.004727661 0.0249927 0.3700965 0.004727661 0.0250079 0.015661 0.00913918 0.0250079 0.3732942 0.00913918 0.02502757 0.02087831 0.004030048 0.02505779 0.0157718 0.008725345 0.02508407 0.3731257 0.00853914 0.02511137 0.01588839 0.008363783 0.02511137 0.3730667 0.008363783 0.02512377 0.01722627 0.006028115 0.02512377 0.3717288 0.006028175 0.02512902 0.019683 0.004281997 0.02512902 0.3692721 0.004281997 0.02513617 0.01665329 0.006790161 0.02513617 0.3723018 0.006790161 0.02514576 0.02073758 0.003993868 0.02514576 0.3682175 0.003993868 0.02515888 0.3729647 0.008087873 0.025159 0.01599049 0.008087694 0.02520722 0.01786881 0.005366683 0.02520722 0.3710863 0.005366683 0.02523356 0.02158737 0.003883183 0.02523356 0.3673678 0.003883183 0.02525299 0.3727654 0.007621824 0.02526658 0.0205993 0.003965735 0.02526718 0.01621967 0.007558345 0.0252937 0.3726798 0.007443964 0.0253666 0.01855218 0.004802465 0.0253666 0.3704029 0.004802465 0.02538329 0.01710617 0.006131887 0.02538329 0.371849 0.006131887 0.02538996 0.02046328 0.003945648 0.02538996 0.3684918 0.003945648 0.02543121 0.01773118 0.005446135 0.02543121 0.3712239 0.005446135 0.02543759 0.01939028 0.00430274 0.02543759 0.3695648 0.00430274 0.02544766 0.0165956 0.006860792 0.02544778 0.3723593 0.006860435 0.02554279 0.0214082 0.003744065 0.02554279 0.3675469 0.003744065 0.02554899 0.01680439 0.006533622 0.0255593 0.01840996 0.004858553 0.0255593 0.3705452 0.004858553 0.0255934 0.3720597 0.006401002 0.02564388 0.02129191 0.003712058 0.02564471 0.0201987 0.003929615 0.02564471 0.3687565 0.003929615 0.02564597 0.01700341 0.006251215 0.02565819 0.01760619 0.005540132 0.02565819 0.371349 0.005540132 0.02574682 0.02117657 0.00368607 0.02574682 0.3677785 0.00368607 0.02575516 0.01827579 0.004927217 0.02575516 0.3706793 0.004927217 0.02576088 0.01911461 0.004364907 0.02576088 0.3698406 0.004364907 0.02584117 0.371554 0.005754649 0.02584129 0.01740127 0.00575447 0.02588731 0.3714605 0.005648851 0.0259093 0.01994401 0.003945708 0.0259093 0.3690111 0.003945708 0.02595388 0.0181505 0.005008816 0.02595388 0.3708046 0.005008816 0.02595716 0.3680055 0.003651499 0.02596211 0.01764601 0.005485236 0.02597332 0.3712864 0.005461513 0.02602481 0.02198731 0.003529727 0.02602481 0.3669678 0.003529727 0.02604532 0.3691346 0.003965795 0.02609759 0.01885706 0.00446856 0.02609759 0.370098 0.00446856 0.02615481 0.3709204 0.005103647 0.0261836 0.01969981 0.003993868 0.0261836 0.3692553 0.003993868 0.02619057 0.02180141 0.003475129 0.02619057 0.3671538 0.003475129 0.02620148 0.07384002 0.0034644 0.02620148 0.1723859 0.0034644 0.02620148 0.2709317 0.0034644 0.02620297 0.02207756 0.003463864 0.02620297 0.3668775 0.003463864 0.02622187 0.01816946 0.004982829 0.0262708 0.018736 0.004536569 0.0262708 0.3702191 0.004536569 0.02627468 0.02170938 0.00345391 0.02632427 0.3693735 0.004030048 0.0263282 0.01838278 0.004802465 0.02632838 0.3705719 0.004802167 0.02635949 0.02161818 0.003436684 0.02635949 0.3673369 0.003436684 0.02639561 0.0205112 0.003651499 0.02644509 0.0215277 0.003423392 0.02644687 0.01862049 0.004615843 0.02646732 0.01946628 0.004074454 0.02646732 0.3694888 0.004074454 0.02646976 0.370289 0.00458163 0.02649617 0.02222627 0.003365755 0.02649617 0.3667289 0.003365755 0.02653139 0.02143788 0.003413975 0.02653139 0.3675173 0.003413975 0.02662259 0.0203008 0.00368607 0.02662259 0.3686543 0.00368607 0.02670627 0.02126026 0.003406465 0.02670627 0.3676948 0.003406465 0.02673786 0.3687573 0.003712058 0.02674162 0.01920819 0.004211843 0.0267601 0.3697102 0.004189014 0.02685421 0.02009677 0.003744065 0.02685427 0.3688583 0.003744065 0.02688378 0.0210855 0.003413975 0.02688378 0.3678697 0.003413975 0.0268948 0.3694425 0.004031181 0.02689486 0.01951301 0.004031002 0.02697372 0.3679561 0.003423392 0.026982 0.02206391 0.003244876 0.026982 0.3668912 0.003244876 0.02703338 0.3691675 0.003883183 0.0270642 0.02091348 0.003436684 0.0270642 0.3680416 0.003436684 0.02709019 0.01990026 0.003826498 0.02715539 0.3681264 0.00345391 0.02724736 0.02074456 0.003475129 0.02724736 0.3682105 0.003475129 0.02740991 0.0205326 0.003547608 0.02743327 0.0205788 0.003529727 0.02743327 0.3683763 0.003529727 0.02743721 0.02270418 0.003132522 0.02743721 0.366251 0.003132522 0.02750986 0.02153599 0.003244876 0.02750986 0.3674191 0.003244876 0.02752339 0.0207566 0.003463983 0.02752357 0.3681982 0.003463864 0.02752459 0.07384002 0.003116905 0.02752459 0.1723859 0.003116905 0.02752459 0.2709317 0.003116905 0.0275256 0.02274906 0.003116726 0.0275256 0.366206 0.003116726 0.02761471 0.02252131 0.003108382 0.02761471 0.3664338 0.003108382 0.02767229 0.3679049 0.003365755 0.02770251 0.02243226 0.00310266 0.02770251 0.3665228 0.00310266 0.02778667 0.02127575 0.003298759 0.02779018 0.02234417 0.003100812 0.02779018 0.366611 0.003100812 0.02787828 0.02225649 0.00310266 0.02787828 0.3666988 0.00310266 0.02788788 0.0229333 0.003062665 0.02788788 0.3660219 0.003062665 0.02796727 0.02216869 0.003108382 0.02796727 0.3667864 0.003108382 0.02813738 0.02196621 0.00313723 0.0281502 0.3669639 0.003132522 0.02819472 0.02207881 0.003116905 0.02819508 0.3668754 0.003116726 0.02825051 0.02298206 0.003027081 0.02825051 0.365973 0.003027081 0.02828496 0.37351 0.01076048 0.02833747 0.3791486 0.1990299 0.0283792 0.3665132 0.003062665 0.02842807 0.02280449 0.003027081 0.02842807 0.3661506 0.003027081 0.02851802 0.02271479 0.003033041 0.02888756 0.02344161 0.002999961 0.02888756 0.07384002 0.002999961 0.02888756 0.1723859 0.002999961 0.02888756 0.2709317 0.002999961 0.02888756 0.3655136 0.002999961 0.03295272 0.008807063 0.2 0.03295272 0.008977413 0.1999854 0.03295272 0.009142816 0.1999419 0.03295272 0.009298384 0.199871 0.03295272 0.009439587 0.1997745 0.03295272 0.009562313 0.1996554 0.03295272 0.009662866 0.1995172 0.03295272 0.009738504 0.1993638 0.03295272 0.009786903 0.1991997 0.03295272 0.009806573 0.1990299 0.05571079 0.37351 0.01076048 0.05612069 0.3791486 0.1990299 0.05925726 0.37351 0.01076048 0.0597046 0.3791486 0.1990299 0.06392359 -0.005522429 0.01299995 0.06392359 -0.005522429 0.169 0.06392359 -0.005522429 0.172 0.06392359 -0.005522429 0.197 0.06392359 0.006866037 0.197 0.06392359 0.007614791 0.172 0.06392359 0.007704615 0.169 0.06392359 0.01237666 0.01299995 0.06392359 0.3765784 0.01299995 0.06392359 0.3812505 0.169 0.06392359 0.3813403 0.172 0.06392359 0.3820891 0.197 0.06392359 0.3944776 0.01299995 0.06392359 0.3944776 0.169 0.06392359 0.3944776 0.172 0.06392359 0.3944776 0.197 0.06506931 0.008807063 0.2 0.06506931 0.008977413 0.1999854 0.06506931 0.009142816 0.1999419 0.06506931 0.009298384 0.199871 0.06506931 0.009439587 0.1997745 0.06506931 0.009562313 0.1996554 0.06506931 0.009662866 0.1995172 0.06506931 0.009738504 0.1993638 0.06506931 0.009786903 0.1991997 0.06506931 0.009806573 0.1990299 0.06692361 -0.005522429 0.01299995 0.06692361 -0.005522429 0.169 0.06692361 -0.005522429 0.172 0.06692361 -0.005522429 0.197 0.06692361 0.006866037 0.197 0.06692361 0.007614791 0.172 0.06692361 0.007704615 0.169 0.06692361 0.01237666 0.01299995 0.06692361 0.3765784 0.01299995 0.06692361 0.3812505 0.169 0.06692361 0.3813403 0.172 0.06692361 0.3820891 0.197 0.06692361 0.3944776 0.01299995 0.06692361 0.3944776 0.169 0.06692361 0.3944776 0.172 0.06692361 0.3944776 0.197 0.09612351 0.006914615 0.1619732 0.09612351 0.007453501 0.1439813 0.09612351 0.007914185 0.162003 0.09612351 0.008453011 0.1440111 0.09612351 0.3805021 0.1440111 0.09612351 0.3810409 0.162003 0.09612351 0.3815016 0.1439813 0.09612351 0.3820405 0.1619732 0.09624421 0.007499396 0.1424489 0.09624421 0.008498907 0.1424788 0.09624421 0.3804562 0.1424788 0.09624421 0.3814557 0.1424489 0.09625017 0.006867587 0.1635431 0.09625017 0.007867217 0.163573 0.09625017 0.3810879 0.163573 0.09625017 0.3820875 0.1635431 0.09660321 0.0075441 0.1409543 0.09660321 0.00854367 0.1409842 0.09660321 0.3804115 0.1409842 0.09660321 0.381411 0.1409543 0.09662699 0.006821811 0.1650723 0.09662699 0.007821381 0.1651023 0.09662699 0.3811337 0.1651023 0.09662699 0.3821333 0.1650723 0.09719169 0.007586717 0.1395342 0.09719169 0.008586168 0.139564 0.09719169 0.380369 0.139564 0.09719169 0.3813685 0.1395342 0.09724402 0.006778419 0.1665215 0.09724402 0.007777988 0.1665514 0.09724402 0.3811771 0.1665514 0.09724402 0.3821767 0.1665215 0.09799522 0.007625877 0.1382236 0.09799522 0.008625507 0.1382535 0.09799522 0.3803296 0.1382535 0.09799522 0.3813292 0.1382236 0.09808552 0.006738543 0.1678531 0.09808552 0.007738113 0.167883 0.09808552 0.381217 0.167883 0.09808552 0.3822166 0.1678531 0.0989235 0.006914615 0.1619732 0.0989235 0.007453501 0.1439813 0.0989235 0.01091277 0.1620929 0.0989235 0.01145166 0.144101 0.0989235 0.3775034 0.144101 0.0989235 0.3780423 0.1620929 0.0989235 0.3815016 0.1439813 0.0989235 0.3820405 0.1619732 0.09899389 0.007660865 0.1370547 0.09899389 0.008660495 0.1370847 0.09899389 0.3802946 0.1370847 0.09899389 0.3812942 0.1370547 0.09900969 0.006881833 0.1630678 0.09900969 0.007486283 0.1428866 0.09900969 0.01088011 0.1631875 0.09900969 0.0114845 0.1430065 0.09900969 0.3774707 0.1430065 0.09900969 0.3780751 0.1631875 0.09900969 0.3814689 0.1428866 0.09900969 0.3820734 0.1630678 0.099065 0.007704615 0.169 0.099065 0.3812505 0.169 0.0990957 0.006704211 0.169 0.0990957 0.3822509 0.169 0.09926623 0.006849884 0.1641353 0.09926623 0.007518172 0.1418191 0.09926623 0.0108481 0.1642551 0.09926623 0.01151651 0.1419389 0.09926623 0.3774387 0.1419389 0.09926623 0.378107 0.1642551 0.09926623 0.381437 0.1418191 0.09926623 0.3821052 0.1641353 0.0996865 0.006819486 0.1651497 0.0996865 0.00754857 0.1408047 0.0996865 0.0108177 0.1652695 0.0996865 0.01154679 0.1409245 0.0996865 0.3774083 0.1409245 0.0996865 0.3781374 0.1652695 0.0996865 0.3814066 0.1408047 0.0996865 0.3821356 0.1651497 0.1001633 0.007690787 0.1360565 0.1001633 0.008690416 0.1360864 0.1001633 0.3802648 0.1360864 0.1001633 0.3812643 0.1360565 0.1002604 0.006791472 0.1660858 0.1002604 0.007576704 0.1398686 0.1002604 0.01078969 0.1662056 0.1002604 0.01157486 0.1399884 0.1002604 0.3773803 0.1399884 0.1002604 0.3781654 0.1662056 0.1002604 0.3813785 0.1398686 0.1002604 0.3821637 0.1660858 0.1009738 0.006766438 0.1669207 0.1009738 0.007601678 0.1390337 0.1009738 0.01076471 0.1670405 0.1009738 0.01159989 0.1391535 0.1009738 0.3773552 0.1391535 0.1009738 0.3781904 0.1670405 0.1009738 0.3813535 0.1390337 0.1009738 0.3821886 0.1669207 0.1014744 0.007714867 0.1352533 0.1014744 0.008714377 0.1352832 0.1014744 0.3802407 0.1352832 0.1014744 0.3812403 0.1352533 0.1018091 0.0067451 0.1676338 0.1018091 0.007623016 0.1383207 0.1018091 0.01074326 0.1677535 0.1018091 0.01162117 0.1384404 0.1018091 0.3773339 0.1384404 0.1018091 0.3782118 0.1677535 0.1018091 0.3813321 0.1383207 0.1018091 0.38221 0.1676338 0.1027456 0.006727933 0.1682075 0.1027456 0.007640182 0.137747 0.1027456 0.01072609 0.1683272 0.1027456 0.0116384 0.1378667 0.1027456 0.3773167 0.1378667 0.1027456 0.378229 0.1683272 0.1027456 0.3813149 0.137747 0.1027456 0.3822273 0.1682075 0.1028318 0.3655136 0.002999961 0.1028318 0.3668766 0.003116905 0.1028318 0.3681997 0.0034644 0.1028318 0.3694442 0.004032194 0.1028318 0.3705739 0.004803717 0.1028318 0.3715555 0.005756437 0.1028318 0.3723605 0.006862461 0.1028318 0.3729653 0.008089482 0.1028318 0.3733524 0.009401619 0.1028318 0.37351 0.01076048 0.1028952 0.00773251 0.1346651 0.1028952 0.00873208 0.1346949 0.1028952 0.3802231 0.1346949 0.1028952 0.3812226 0.1346651 0.1037604 0.006715357 0.1686276 0.1037604 0.007652759 0.1373268 0.1037604 0.01071351 0.1687473 0.1037604 0.01165097 0.1374466 0.1037604 0.3773042 0.1374466 0.1037604 0.3782416 0.1687473 0.1037604 0.3813024 0.1373268 0.1037604 0.3822398 0.1686276 0.1043905 0.007743179 0.1343063 0.1043905 0.008742809 0.1343362 0.1043905 0.3802123 0.1343362 0.1043905 0.3812119 0.1343063 0.1048285 0.006707668 0.1688839 0.1048285 0.007660508 0.1370705 0.1048285 0.01070588 0.1690037 0.1048285 0.01165866 0.1371903 0.1048285 0.3772965 0.1371903 0.1048285 0.3782494 0.1690037 0.1048285 0.3812947 0.1370705 0.1048285 0.3822475 0.1688839 0.1059235 0.006705105 0.1689701 0.1059235 0.007663011 0.1369844 0.1059235 0.007746875 0.1341857 0.1059235 0.008746385 0.1342156 0.1059235 0.01070326 0.1690898 0.1059235 0.01166117 0.1371042 0.1059235 0.377294 0.1371042 0.1059235 0.3782518 0.1690898 0.1059235 0.3802087 0.1342156 0.1059235 0.3812083 0.1341857 0.1059235 0.3812921 0.1369844 0.1059235 0.38225 0.1689701 0.1239236 0.006705105 0.1689701 0.1239236 0.007663011 0.1369844 0.1239236 0.007746875 0.1341857 0.1239236 0.008746385 0.1342156 0.1239236 0.01070326 0.1690898 0.1239236 0.01166117 0.1371042 0.1239236 0.377294 0.1371042 0.1239236 0.3782518 0.1690898 0.1239236 0.3802087 0.1342156 0.1239236 0.3812083 0.1341857 0.1239236 0.3812921 0.1369844 0.1239236 0.38225 0.1689701 0.1250186 0.006707668 0.1688839 0.1250186 0.007660508 0.1370705 0.1250186 0.01070588 0.1690037 0.1250186 0.01165866 0.1371903 0.1250186 0.3772965 0.1371903 0.1250186 0.3782494 0.1690037 0.1250186 0.3812947 0.1370705 0.1250186 0.3822475 0.1688839 0.1254566 0.007743179 0.1343063 0.1254566 0.008742809 0.1343362 0.1254566 0.3802123 0.1343362 0.1254566 0.3812119 0.1343063 0.1260867 0.006715357 0.1686276 0.1260867 0.007652759 0.1373268 0.1260867 0.01071351 0.1687473 0.1260867 0.01165097 0.1374466 0.1260867 0.3773042 0.1374466 0.1260867 0.3782416 0.1687473 0.1260867 0.3813024 0.1373268 0.1260867 0.3822398 0.1686276 0.1269519 0.00773251 0.1346651 0.1269519 0.00873208 0.1346949 0.1269519 0.3802231 0.1346949 0.1269519 0.3812226 0.1346651 0.1271015 0.006727933 0.1682075 0.1271015 0.007640182 0.137747 0.1271015 0.01072609 0.1683272 0.1271015 0.0116384 0.1378667 0.1271015 0.3773167 0.1378667 0.1271015 0.378229 0.1683272 0.1271015 0.3813149 0.137747 0.1271015 0.3822273 0.1682075 0.128038 0.0067451 0.1676338 0.128038 0.007623016 0.1383207 0.128038 0.01074326 0.1677535 0.128038 0.01162117 0.1384404 0.128038 0.3773339 0.1384404 0.128038 0.3782118 0.1677535 0.128038 0.3813321 0.1383207 0.128038 0.38221 0.1676338 0.1283727 0.007714867 0.1352533 0.1283727 0.008714377 0.1352832 0.1283727 0.3802407 0.1352832 0.1283727 0.3812403 0.1352533 0.1288733 0.006766438 0.1669207 0.1288733 0.007601678 0.1390337 0.1288733 0.01076471 0.1670405 0.1288733 0.01159989 0.1391535 0.1288733 0.3773552 0.1391535 0.1288733 0.3781904 0.1670405 0.1288733 0.3813535 0.1390337 0.1288733 0.3821886 0.1669207 0.1295867 0.006791472 0.1660858 0.1295867 0.007576704 0.1398686 0.1295867 0.01078969 0.1662056 0.1295867 0.01157486 0.1399884 0.1295867 0.3773803 0.1399884 0.1295867 0.3781654 0.1662056 0.1295867 0.3813785 0.1398686 0.1295867 0.3821637 0.1660858 0.1296839 0.007690787 0.1360565 0.1296839 0.008690416 0.1360864 0.1296839 0.3802648 0.1360864 0.1296839 0.3812643 0.1360565 0.1301606 0.006819486 0.1651497 0.1301606 0.00754857 0.1408047 0.1301606 0.0108177 0.1652695 0.1301606 0.01154679 0.1409245 0.1301606 0.3774083 0.1409245 0.1301606 0.3781374 0.1652695 0.1301606 0.3814066 0.1408047 0.1301606 0.3821356 0.1651497 0.1305809 0.006849884 0.1641353 0.1305809 0.007518172 0.1418191 0.1305809 0.0108481 0.1642551 0.1305809 0.01151651 0.1419389 0.1305809 0.3774387 0.1419389 0.1305809 0.378107 0.1642551 0.1305809 0.381437 0.1418191 0.1305809 0.3821052 0.1641353 0.1307514 0.006704211 0.169 0.1307514 0.3822509 0.169 0.1307821 0.007704615 0.169 0.1307821 0.3812505 0.169 0.1308374 0.006881833 0.1630678 0.1308374 0.007486283 0.1428866 0.1308374 0.01088011 0.1631875 0.1308374 0.0114845 0.1430065 0.1308374 0.3774707 0.1430065 0.1308374 0.3780751 0.1631875 0.1308374 0.3814689 0.1428866 0.1308374 0.3820734 0.1630678 0.1308532 0.007660865 0.1370547 0.1308532 0.008660495 0.1370847 0.1308532 0.3802946 0.1370847 0.1308532 0.3812942 0.1370547 0.1309236 0.006914615 0.1619732 0.1309236 0.007453501 0.1439813 0.1309236 0.01091277 0.1620929 0.1309236 0.01145166 0.144101 0.1309236 0.3775034 0.144101 0.1309236 0.3780423 0.1620929 0.1309236 0.3815016 0.1439813 0.1309236 0.3820405 0.1619732 0.1317616 0.006738543 0.1678531 0.1317616 0.007738113 0.167883 0.1317616 0.381217 0.167883 0.1317616 0.3822166 0.1678531 0.1318519 0.007625877 0.1382236 0.1318519 0.008625507 0.1382535 0.1318519 0.3803296 0.1382535 0.1318519 0.3813292 0.1382236 0.1326031 0.006778419 0.1665215 0.1326031 0.007777988 0.1665514 0.1326031 0.3811771 0.1665514 0.1326031 0.3821767 0.1665215 0.1326554 0.007586717 0.1395342 0.1326554 0.008586168 0.139564 0.1326554 0.380369 0.139564 0.1326554 0.3813685 0.1395342 0.1332201 0.006821811 0.1650723 0.1332201 0.007821381 0.1651023 0.1332201 0.3811337 0.1651023 0.1332201 0.3821333 0.1650723 0.1332439 0.0075441 0.1409543 0.1332439 0.00854367 0.1409842 0.1332439 0.3804115 0.1409842 0.1332439 0.381411 0.1409543 0.1335969 0.006867587 0.1635431 0.1335969 0.007867217 0.163573 0.1335969 0.3810879 0.163573 0.1335969 0.3820875 0.1635431 0.1336029 0.007499396 0.1424489 0.1336029 0.008498907 0.1424788 0.1336029 0.3804562 0.1424788 0.1336029 0.3814557 0.1424489 0.1337236 0.006914615 0.1619732 0.1337236 0.007453501 0.1439813 0.1337236 0.007914185 0.162003 0.1337236 0.008453011 0.1440111 0.1337236 0.3805021 0.1440111 0.1337236 0.3810409 0.162003 0.1337236 0.3815016 0.1439813 0.1337236 0.3820405 0.1619732 0.1661235 0.006914615 0.1619732 0.1661235 0.007453501 0.1439813 0.1661235 0.007914185 0.162003 0.1661235 0.008453011 0.1440111 0.1661235 0.3805021 0.1440111 0.1661235 0.3810409 0.162003 0.1661235 0.3815016 0.1439813 0.1661235 0.3820405 0.1619732 0.1662442 0.007499396 0.1424489 0.1662442 0.008498907 0.1424788 0.1662442 0.3804562 0.1424788 0.1662442 0.3814557 0.1424489 0.1662502 0.006867587 0.1635431 0.1662502 0.007867217 0.163573 0.1662502 0.3810879 0.163573 0.1662502 0.3820875 0.1635431 0.1666032 0.0075441 0.1409543 0.1666032 0.00854367 0.1409842 0.1666032 0.3804115 0.1409842 0.1666032 0.381411 0.1409543 0.166627 0.006821811 0.1650723 0.166627 0.007821381 0.1651023 0.166627 0.3811337 0.1651023 0.166627 0.3821333 0.1650723 0.1671917 0.007586717 0.1395342 0.1671917 0.008586168 0.139564 0.1671917 0.380369 0.139564 0.1671917 0.3813685 0.1395342 0.167244 0.006778419 0.1665215 0.167244 0.007777988 0.1665514 0.167244 0.3811771 0.1665514 0.167244 0.3821767 0.1665215 0.1679952 0.007625877 0.1382236 0.1679952 0.008625507 0.1382535 0.1679952 0.3803296 0.1382535 0.1679952 0.3813292 0.1382236 0.1680855 0.006738543 0.1678531 0.1680855 0.007738113 0.167883 0.1680855 0.381217 0.167883 0.1680855 0.3822166 0.1678531 0.1689236 0.006914615 0.1619732 0.1689236 0.007453501 0.1439813 0.1689236 0.01091277 0.1620929 0.1689236 0.01145166 0.144101 0.1689236 0.3775034 0.144101 0.1689236 0.3780423 0.1620929 0.1689236 0.3815016 0.1439813 0.1689236 0.3820405 0.1619732 0.1689939 0.007660865 0.1370547 0.1689939 0.008660495 0.1370847 0.1689939 0.3802946 0.1370847 0.1689939 0.3812942 0.1370547 0.1690097 0.006881833 0.1630678 0.1690097 0.007486283 0.1428866 0.1690097 0.01088011 0.1631875 0.1690097 0.0114845 0.1430065 0.1690097 0.3774707 0.1430065 0.1690097 0.3780751 0.1631875 0.1690097 0.3814689 0.1428866 0.1690097 0.3820734 0.1630678 0.169065 0.007704615 0.169 0.169065 0.3812505 0.169 0.1690957 0.006704211 0.169 0.1690957 0.3822509 0.169 0.1692662 0.006849884 0.1641353 0.1692662 0.007518172 0.1418191 0.1692662 0.0108481 0.1642551 0.1692662 0.01151651 0.1419389 0.1692662 0.3774387 0.1419389 0.1692662 0.378107 0.1642551 0.1692662 0.381437 0.1418191 0.1692662 0.3821052 0.1641353 0.1696865 0.006819486 0.1651497 0.1696865 0.00754857 0.1408047 0.1696865 0.0108177 0.1652695 0.1696865 0.01154679 0.1409245 0.1696865 0.3774083 0.1409245 0.1696865 0.3781374 0.1652695 0.1696865 0.3814066 0.1408047 0.1696865 0.3821356 0.1651497 0.1701633 0.007690787 0.1360565 0.1701633 0.008690416 0.1360864 0.1701633 0.3802648 0.1360864 0.1701633 0.3812643 0.1360565 0.1702604 0.006791472 0.1660858 0.1702604 0.007576704 0.1398686 0.1702604 0.01078969 0.1662056 0.1702604 0.01157486 0.1399884 0.1702604 0.3773803 0.1399884 0.1702604 0.3781654 0.1662056 0.1702604 0.3813785 0.1398686 0.1702604 0.3821637 0.1660858 0.1709738 0.006766438 0.1669207 0.1709738 0.007601678 0.1390337 0.1709738 0.01076471 0.1670405 0.1709738 0.01159989 0.1391535 0.1709738 0.3773552 0.1391535 0.1709738 0.3781904 0.1670405 0.1709738 0.3813535 0.1390337 0.1709738 0.3821886 0.1669207 0.1714744 0.007714867 0.1352533 0.1714744 0.008714377 0.1352832 0.1714744 0.3802407 0.1352832 0.1714744 0.3812403 0.1352533 0.1718091 0.0067451 0.1676338 0.1718091 0.007623016 0.1383207 0.1718091 0.01074326 0.1677535 0.1718091 0.01162117 0.1384404 0.1718091 0.3773339 0.1384404 0.1718091 0.3782118 0.1677535 0.1718091 0.3813321 0.1383207 0.1718091 0.38221 0.1676338 0.1727456 0.006727933 0.1682075 0.1727456 0.007640182 0.137747 0.1727456 0.01072609 0.1683272 0.1727456 0.0116384 0.1378667 0.1727456 0.3773167 0.1378667 0.1727456 0.378229 0.1683272 0.1727456 0.3813149 0.137747 0.1727456 0.3822273 0.1682075 0.1728952 0.00773251 0.1346651 0.1728952 0.00873208 0.1346949 0.1728952 0.3802231 0.1346949 0.1728952 0.3812226 0.1346651 0.1737604 0.006715357 0.1686276 0.1737604 0.007652759 0.1373268 0.1737604 0.01071351 0.1687473 0.1737604 0.01165097 0.1374466 0.1737604 0.3773042 0.1374466 0.1737604 0.3782416 0.1687473 0.1737604 0.3813024 0.1373268 0.1737604 0.3822398 0.1686276 0.1743905 0.007743179 0.1343063 0.1743905 0.008742809 0.1343362 0.1743905 0.3802123 0.1343362 0.1743905 0.3812119 0.1343063 0.1748285 0.006707668 0.1688839 0.1748285 0.007660508 0.1370705 0.1748285 0.01070588 0.1690037 0.1748285 0.01165866 0.1371903 0.1748285 0.3772965 0.1371903 0.1748285 0.3782494 0.1690037 0.1748285 0.3812947 0.1370705 0.1748285 0.3822475 0.1688839 0.1759236 0.006705105 0.1689701 0.1759236 0.007663011 0.1369844 0.1759236 0.007746875 0.1341857 0.1759236 0.008746385 0.1342156 0.1759236 0.01070326 0.1690898 0.1759236 0.01166117 0.1371042 0.1759236 0.377294 0.1371042 0.1759236 0.3782518 0.1690898 0.1759236 0.3802087 0.1342156 0.1759236 0.3812083 0.1341857 0.1759236 0.3812921 0.1369844 0.1759236 0.38225 0.1689701 0.1935357 0.008807063 0.2 0.1935357 0.008977413 0.1999854 0.1935357 0.009142816 0.1999419 0.1935357 0.009298384 0.199871 0.1935357 0.009439587 0.1997745 0.1935357 0.009562313 0.1996554 0.1935357 0.009662866 0.1995172 0.1935357 0.009738504 0.1993638 0.1935357 0.009786903 0.1991997 0.1935357 0.009806573 0.1990299 0.1939236 0.006705105 0.1689701 0.1939236 0.007663011 0.1369844 0.1939236 0.007746875 0.1341857 0.1939236 0.008746385 0.1342156 0.1939236 0.01070326 0.1690898 0.1939236 0.01166117 0.1371042 0.1939236 0.377294 0.1371042 0.1939236 0.3782518 0.1690898 0.1939236 0.3802087 0.1342156 0.1939236 0.3812083 0.1341857 0.1939236 0.3812921 0.1369844 0.1939236 0.38225 0.1689701 0.1950186 0.006707668 0.1688839 0.1950186 0.007660508 0.1370705 0.1950186 0.01070588 0.1690037 0.1950186 0.01165866 0.1371903 0.1950186 0.3772965 0.1371903 0.1950186 0.3782494 0.1690037 0.1950186 0.3812947 0.1370705 0.1950186 0.3822475 0.1688839 0.1954566 0.007743179 0.1343063 0.1954566 0.008742809 0.1343362 0.1954566 0.3802123 0.1343362 0.1954566 0.3812119 0.1343063 0.1960867 0.006715357 0.1686276 0.1960867 0.007652759 0.1373268 0.1960867 0.01071351 0.1687473 0.1960867 0.01165097 0.1374466 0.1960867 0.3773042 0.1374466 0.1960867 0.3782416 0.1687473 0.1960867 0.3813024 0.1373268 0.1960867 0.3822398 0.1686276 0.1969519 0.00773251 0.1346651 0.1969519 0.00873208 0.1346949 0.1969519 0.3802231 0.1346949 0.1969519 0.3812226 0.1346651 0.1971015 0.006727933 0.1682075 0.1971015 0.007640182 0.137747 0.1971015 0.01072609 0.1683272 0.1971015 0.0116384 0.1378667 0.1971015 0.3773167 0.1378667 0.1971015 0.378229 0.1683272 0.1971015 0.3813149 0.137747 0.1971015 0.3822273 0.1682075 0.198038 0.0067451 0.1676338 0.198038 0.007623016 0.1383207 0.198038 0.01074326 0.1677535 0.198038 0.01162117 0.1384404 0.198038 0.3773339 0.1384404 0.198038 0.3782118 0.1677535 0.198038 0.3813321 0.1383207 0.198038 0.38221 0.1676338 0.1983727 0.007714867 0.1352533 0.1983727 0.008714377 0.1352832 0.1983727 0.3802407 0.1352832 0.1983727 0.3812403 0.1352533 0.1988733 0.006766438 0.1669207 0.1988733 0.007601678 0.1390337 0.1988733 0.01076471 0.1670405 0.1988733 0.01159989 0.1391535 0.1988733 0.3773552 0.1391535 0.1988733 0.3781904 0.1670405 0.1988733 0.3813535 0.1390337 0.1988733 0.3821886 0.1669207 0.1995867 0.006791472 0.1660858 0.1995867 0.007576704 0.1398686 0.1995867 0.01078969 0.1662056 0.1995867 0.01157486 0.1399884 0.1995867 0.3773803 0.1399884 0.1995867 0.3781654 0.1662056 0.1995867 0.3813785 0.1398686 0.1995867 0.3821637 0.1660858 0.1996839 0.007690787 0.1360565 0.1996839 0.008690416 0.1360864 0.1996839 0.3802648 0.1360864 0.1996839 0.3812643 0.1360565 0.2001606 0.006819486 0.1651497 0.2001606 0.00754857 0.1408047 0.2001606 0.0108177 0.1652695 0.2001606 0.01154679 0.1409245 0.2001606 0.3774083 0.1409245 0.2001606 0.3781374 0.1652695 0.2001606 0.3814066 0.1408047 0.2001606 0.3821356 0.1651497 0.2005809 0.006849884 0.1641353 0.2005809 0.007518172 0.1418191 0.2005809 0.0108481 0.1642551 0.2005809 0.01151651 0.1419389 0.2005809 0.3774387 0.1419389 0.2005809 0.378107 0.1642551 0.2005809 0.381437 0.1418191 0.2005809 0.3821052 0.1641353 0.2007514 0.006704211 0.169 0.2007514 0.3822509 0.169 0.2007821 0.007704615 0.169 0.2007821 0.3812505 0.169 0.2008374 0.006881833 0.1630678 0.2008374 0.007486283 0.1428866 0.2008374 0.01088011 0.1631875 0.2008374 0.0114845 0.1430065 0.2008374 0.3774707 0.1430065 0.2008374 0.3780751 0.1631875 0.2008374 0.3814689 0.1428866 0.2008374 0.3820734 0.1630678 0.2008532 0.007660865 0.1370547 0.2008532 0.008660495 0.1370847 0.2008532 0.3802946 0.1370847 0.2008532 0.3812942 0.1370547 0.2009236 0.006914615 0.1619732 0.2009236 0.007453501 0.1439813 0.2009236 0.01091277 0.1620929 0.2009236 0.01145166 0.144101 0.2009236 0.3775034 0.144101 0.2009236 0.3780423 0.1620929 0.2009236 0.3815016 0.1439813 0.2009236 0.3820405 0.1619732 0.2017616 0.006738543 0.1678531 0.2017616 0.007738113 0.167883 0.2017616 0.381217 0.167883 0.2017616 0.3822166 0.1678531 0.2018519 0.007625877 0.1382236 0.2018519 0.008625507 0.1382535 0.2018519 0.3803296 0.1382535 0.2018519 0.3813292 0.1382236 0.2026031 0.006778419 0.1665215 0.2026031 0.007777988 0.1665514 0.2026031 0.3811771 0.1665514 0.2026031 0.3821767 0.1665215 0.2026554 0.007586717 0.1395342 0.2026554 0.008586168 0.139564 0.2026554 0.380369 0.139564 0.2026554 0.3813685 0.1395342 0.2032201 0.006821811 0.1650723 0.2032201 0.007821381 0.1651023 0.2032201 0.3811337 0.1651023 0.2032201 0.3821333 0.1650723 0.2032439 0.0075441 0.1409543 0.2032439 0.00854367 0.1409842 0.2032439 0.3804115 0.1409842 0.2032439 0.381411 0.1409543 0.2035969 0.006867587 0.1635431 0.2035969 0.007867217 0.163573 0.2035969 0.3810879 0.163573 0.2035969 0.3820875 0.1635431 0.2036029 0.007499396 0.1424489 0.2036029 0.008498907 0.1424788 0.2036029 0.3804562 0.1424788 0.2036029 0.3814557 0.1424489 0.2037236 0.006914615 0.1619732 0.2037236 0.007453501 0.1439813 0.2037236 0.007914185 0.162003 0.2037236 0.008453011 0.1440111 0.2037236 0.3805021 0.1440111 0.2037236 0.3810409 0.162003 0.2037236 0.3815016 0.1439813 0.2037236 0.3820405 0.1619732 0.2220153 0.01544511 0.01076048 0.2220153 0.01560276 0.009401619 0.2220153 0.01598978 0.008089482 0.2220153 0.01659458 0.006862461 0.2220153 0.0173996 0.005756437 0.2220153 0.01838129 0.004803717 0.2220153 0.01951086 0.004032194 0.2220153 0.02075546 0.0034644 0.2220153 0.02207857 0.003116905 0.2220153 0.02344161 0.002999961 0.2243485 0.01544511 0.01076048 0.2248988 0.009806573 0.1990299 0.2339236 -0.005522429 0.169 0.2339236 -0.005522429 0.1690202 0.2339236 -0.005301773 0.1690202 0.2339236 -0.005295634 0.169 0.2339236 -0.00276798 0.1606827 0.2339236 0.002052664 0.14482 0.2339236 0.007944107 0.1610036 0.2339236 0.008423089 0.1450108 0.2339236 0.380532 0.1450108 0.2339236 0.381011 0.1610036 0.2339236 0.3869024 0.14482 0.2339236 0.3917232 0.1606827 0.2339236 0.3942508 0.169 0.2339236 0.394257 0.1690202 0.2339236 0.3944776 0.169 0.2339236 0.3944776 0.1690202 0.2340688 -0.003328859 0.1625283 0.2340688 0.007888376 0.1628643 0.2340688 0.3810667 0.1628643 0.2340688 0.392284 0.1625283 0.2340713 0.002618253 0.1429588 0.2340713 0.008479297 0.1431344 0.2340713 0.3804758 0.1431344 0.2340713 0.3863368 0.1429588 0.2345011 -0.003876149 0.1643292 0.2345011 0.007834017 0.1646799 0.2345011 0.3811211 0.1646799 0.2345011 0.3928313 0.1643292 0.2345109 0.003169894 0.1411436 0.2345109 0.008534073 0.1413041 0.2345109 0.3804211 0.1413041 0.2345109 0.3857852 0.1411436 0.2352099 -0.004396617 0.1660418 0.2352099 0.00778228 0.1664065 0.2352099 0.3811728 0.1664065 0.2352099 0.3933518 0.1660418 0.2352315 0.003694057 0.1394188 0.2352315 0.008586168 0.1395653 0.2352315 0.380369 0.1395653 0.2352315 0.385261 0.1394188 0.2361781 -0.004877626 0.1676246 0.2361781 0.007734477 0.1680024 0.2361781 0.3812206 0.1680024 0.2361781 0.3938328 0.1676246 0.2362153 0.004177808 0.137827 0.2362153 0.008634269 0.1379605 0.2362153 0.3803209 0.1379605 0.2362153 0.3847773 0.137827 0.2364236 -0.005522429 0.172 0.2364236 -0.005522429 0.197 0.2364236 0.006866037 0.197 0.2364236 0.007614791 0.172 0.2364236 0.3813403 0.172 0.2364236 0.3820891 0.197 0.2364236 0.3944776 0.172 0.2364236 0.3944776 0.197 0.2369793 0.007704615 0.169 0.2369793 0.3812505 0.169 0.2373432 -0.005295634 0.169 0.2373432 0.3942508 0.169 0.2374383 0.004609227 0.1364074 0.2374383 0.008677065 0.1365293 0.2374383 0.380278 0.1365293 0.2374383 0.384346 0.1364074 0.2379236 -0.00276798 0.1606827 0.2379236 0.002052664 0.14482 0.2379236 0.01094281 0.1610934 0.2379236 0.01142179 0.1451006 0.2379236 0.3775334 0.1451006 0.2379236 0.3780123 0.1610934 0.2379236 0.3869024 0.14482 0.2379236 0.3917232 0.1606827 0.238022 -0.003145039 0.1619235 0.238022 0.002429723 0.1435792 0.238022 0.01090526 0.1623443 0.238022 0.01145917 0.1438497 0.238022 0.377496 0.1438497 0.238022 0.3780498 0.1623443 0.238022 0.3865254 0.1435792 0.238022 0.3921002 0.1619235 0.2383151 -0.003512859 0.1631337 0.2383151 0.002797484 0.142369 0.2383151 0.01086878 0.1635644 0.2383151 0.01149576 0.1426295 0.2383151 0.3774594 0.1426295 0.2383151 0.3780863 0.1635644 0.2383151 0.3861576 0.142369 0.2383151 0.392468 0.1631337 0.2387955 -0.003862261 0.1642835 0.2387955 0.003146946 0.1412191 0.2387955 0.01083409 0.1647237 0.2387955 0.01153051 0.1414703 0.2387955 0.3774246 0.1414703 0.2387955 0.3781211 0.1647237 0.2387955 0.3858082 0.1412191 0.2387955 0.3928174 0.1642835 0.2388701 0.004977703 0.135195 0.2388701 0.008713662 0.1353068 0.2388701 0.3802414 0.1353068 0.2388701 0.3839774 0.135195 0.2394236 -0.005522429 0.172 0.2394236 -0.005522429 0.197 0.2394236 0.006866037 0.197 0.2394236 0.007614791 0.172 0.2394236 0.3813403 0.172 0.2394236 0.3820891 0.197 0.2394236 0.3944776 0.172 0.2394236 0.3944776 0.197 0.2394514 -0.004184782 0.1653447 0.2394514 0.003469407 0.1401579 0.2394514 0.01080197 0.1657935 0.2394514 0.01156246 0.1404004 0.2394514 0.3773927 0.1404004 0.2394514 0.3781532 0.1657935 0.2394514 0.3854857 0.1401579 0.2394514 0.3931399 0.1653447 0.2402667 -0.004472374 0.1662911 0.2402667 0.003757059 0.1392115 0.2402667 0.01077336 0.1667477 0.2402667 0.01159107 0.1394461 0.2402667 0.377364 0.1394461 0.2402667 0.3781817 0.1667477 0.2402667 0.3851981 0.1392115 0.2402667 0.3934275 0.1662911 0.2404757 0.005274116 0.1342196 0.2404757 0.008743166 0.1343235 0.2404757 0.380212 0.1343235 0.2404757 0.383681 0.1342196 0.2411308 0.007614791 0.172 0.2411308 0.3813403 0.172 0.2412213 -0.004718005 0.1670994 0.2412213 0.00400269 0.1384032 0.2412213 0.01074898 0.1675626 0.2412213 0.01161551 0.1386313 0.2412213 0.3773396 0.1386313 0.2412213 0.3782061 0.1675626 0.2412213 0.3849524 0.1384032 0.2412213 0.3936733 0.1670994 0.2416351 7.25955e-4 0.172 0.2416351 0.3882292 0.172 0.2421483 -0.005391001 0.172 0.2421483 0.3943461 0.172 0.2422153 0.005491256 0.1335052 0.2422153 0.008764684 0.1336032 0.2422153 0.3801904 0.1336032 0.2422153 0.3834639 0.1335052 0.2422916 -0.004915654 0.1677497 0.2422916 0.004200279 0.137753 0.2422916 0.01072937 0.1682183 0.2422916 0.01163506 0.1379757 0.2422916 0.37732 0.1379757 0.2422916 0.3782258 0.1682183 0.2422916 0.3847548 0.137753 0.2422916 0.3938708 0.1677497 0.2426587 -0.00539565 0.1721566 0.2426587 0.0075984 0.1725457 0.2426587 0.3813567 0.1725457 0.2426587 0.3943508 0.1721566 0.2434514 -0.005060374 0.168226 0.2434514 0.004345059 0.1372767 0.2434514 0.010715 0.1686984 0.2434514 0.01164948 0.1374955 0.2434514 0.3773056 0.1374955 0.2434514 0.3782401 0.1686984 0.2434514 0.3846101 0.1372767 0.2434514 0.3940155 0.168226 0.2440463 0.005623698 0.1330693 0.2440463 0.008777916 0.1331638 0.2440463 0.3801772 0.1331638 0.2440463 0.3833314 0.1330693 0.2442755 -0.005405843 0.1724954 0.2442755 0.007588267 0.1728846 0.2442755 0.3813668 0.1728846 0.2442755 0.394361 0.1724954 0.2446721 -0.005148649 0.1685165 0.2446721 0.004433333 0.1369861 0.2446721 0.01070618 0.1689914 0.2446721 0.01165831 0.1372026 0.2446721 0.3772968 0.1372026 0.2446721 0.3782489 0.1689914 0.2446721 0.3845219 0.1369861 0.2446721 0.3941038 0.1685165 0.2459235 -0.005178332 0.1686142 0.2459235 0.3844921 0.1368886 0.2459235 0.3941335 0.1686142 0.2459236 -0.00540924 0.172609 0.2459236 0.004463016 0.1368886 0.2459236 0.005668163 0.1329229 0.2459236 0.007584869 0.1729982 0.2459236 0.008782267 0.1330161 0.2459236 0.01070326 0.1690898 0.2459236 0.01166117 0.1371042 0.2459236 0.377294 0.1371042 0.2459236 0.3782518 0.1690898 0.2459236 0.3801728 0.1330161 0.2459236 0.3813703 0.1729982 0.2459236 0.3832869 0.1329229 0.2459236 0.3943644 0.172609 0.2999236 0.3655136 0.002999961 0.2999236 0.3668766 0.003116905 0.2999236 0.3681997 0.0034644 0.2999236 0.3694442 0.004032194 0.2999236 0.3705739 0.004803717 0.2999236 0.3715555 0.005756437 0.2999236 0.3723605 0.006862461 0.2999236 0.3729653 0.008089482 0.2999236 0.3733524 0.009401619 0.2999236 0.37351 0.01076048 0.3539235 -0.00540924 0.172609 0.3539235 -0.005178332 0.1686142 0.3539235 0.004463016 0.1368886 0.3539235 0.005668163 0.1329229 0.3539235 0.007584869 0.1729982 0.3539235 0.008782267 0.1330161 0.3539235 0.01070326 0.1690898 0.3539235 0.01166117 0.1371042 0.3539235 0.377294 0.1371042 0.3539235 0.3782518 0.1690898 0.3539235 0.3801728 0.1330161 0.3539235 0.3813703 0.1729982 0.3539235 0.3832869 0.1329229 0.3539235 0.3844921 0.1368886 0.3539235 0.3941335 0.1686142 0.3539235 0.3943644 0.172609 0.355175 -0.005148649 0.1685165 0.355175 0.004433333 0.1369861 0.355175 0.01070618 0.1689914 0.355175 0.01165831 0.1372026 0.355175 0.3772968 0.1372026 0.355175 0.3782489 0.1689914 0.355175 0.3845219 0.1369861 0.355175 0.3941038 0.1685165 0.3555716 -0.005405843 0.1724954 0.3555716 0.007588267 0.1728846 0.3555716 0.3813668 0.1728846 0.3555716 0.394361 0.1724954 0.3558008 0.005623698 0.1330693 0.3558008 0.008777916 0.1331638 0.3558008 0.3801772 0.1331638 0.3558008 0.3833314 0.1330693 0.3563957 -0.005060374 0.168226 0.3563957 0.004345059 0.1372767 0.3563957 0.010715 0.1686984 0.3563957 0.01164948 0.1374955 0.3563957 0.3773056 0.1374955 0.3563957 0.3782401 0.1686984 0.3563957 0.3846101 0.1372767 0.3563957 0.3940155 0.168226 0.3571884 -0.00539565 0.1721566 0.3571884 0.0075984 0.1725457 0.3571884 0.3813567 0.1725457 0.3571884 0.3943508 0.1721566 0.3575555 -0.004915654 0.1677497 0.3575555 0.004200279 0.137753 0.3575555 0.01072937 0.1682183 0.3575555 0.01163506 0.1379757 0.3575555 0.37732 0.1379757 0.3575555 0.3782258 0.1682183 0.3575555 0.3847548 0.137753 0.3575555 0.3938708 0.1677497 0.3576318 0.005491256 0.1335052 0.3576318 0.008764684 0.1336032 0.3576318 0.3801904 0.1336032 0.3576318 0.3834639 0.1335052 0.3576988 -0.005391001 0.172 0.3576988 0.3943461 0.172 0.3582119 7.25955e-4 0.172 0.3582119 0.3882292 0.172 0.3586258 -0.004718005 0.1670994 0.3586258 0.00400269 0.1384032 0.3586258 0.01074898 0.1675626 0.3586258 0.01161551 0.1386313 0.3586258 0.3773396 0.1386313 0.3586258 0.3782061 0.1675626 0.3586258 0.3849524 0.1384032 0.3586258 0.3936733 0.1670994 0.3587163 0.007614791 0.172 0.3587163 0.3813403 0.172 0.3593714 0.005274116 0.1342196 0.3593714 0.008743166 0.1343235 0.3593714 0.380212 0.1343235 0.3593714 0.383681 0.1342196 0.3595804 -0.004472374 0.1662911 0.3595804 0.003757059 0.1392115 0.3595804 0.01077336 0.1667477 0.3595804 0.01159107 0.1394461 0.3595804 0.377364 0.1394461 0.3595804 0.3781817 0.1667477 0.3595804 0.3851981 0.1392115 0.3595804 0.3934275 0.1662911 0.3603957 -0.004184782 0.1653447 0.3603957 0.003469407 0.1401579 0.3603957 0.01080197 0.1657935 0.3603957 0.01156246 0.1404004 0.3603957 0.3773927 0.1404004 0.3603957 0.3781532 0.1657935 0.3603957 0.3854857 0.1401579 0.3603957 0.3931399 0.1653447 0.360977 0.004977703 0.135195 0.360977 0.008713662 0.1353068 0.360977 0.3802414 0.1353068 0.360977 0.3839774 0.135195 0.3610516 -0.003862261 0.1642835 0.3610516 0.003146946 0.1412191 0.3610516 0.01083409 0.1647237 0.3610516 0.01153051 0.1414703 0.3610516 0.3774246 0.1414703 0.3610516 0.3781211 0.1647237 0.3610516 0.3858082 0.1412191 0.3610516 0.3928174 0.1642835 0.361532 -0.003512859 0.1631337 0.361532 0.002797484 0.142369 0.361532 0.01086878 0.1635644 0.361532 0.01149576 0.1426295 0.361532 0.3774594 0.1426295 0.361532 0.3780863 0.1635644 0.361532 0.3861576 0.142369 0.361532 0.392468 0.1631337 0.3618251 -0.003145039 0.1619235 0.3618251 0.002429723 0.1435792 0.3618251 0.01090526 0.1623443 0.3618251 0.01145917 0.1438497 0.3618251 0.377496 0.1438497 0.3618251 0.3780498 0.1623443 0.3618251 0.3865254 0.1435792 0.3618251 0.3921002 0.1619235 0.3619235 -0.005522429 0.172 0.3619235 -0.005522429 0.197 0.3619235 -0.00276798 0.1606827 0.3619235 0.002052664 0.14482 0.3619235 0.006866037 0.197 0.3619235 0.007614791 0.172 0.3619235 0.01094281 0.1610934 0.3619235 0.01142179 0.1451006 0.3619235 0.3775334 0.1451006 0.3619235 0.3780123 0.1610934 0.3619235 0.3813403 0.172 0.3619235 0.3820891 0.197 0.3619235 0.3869024 0.14482 0.3619235 0.3917232 0.1606827 0.3619235 0.3944776 0.172 0.3619235 0.3944776 0.197 0.3624088 0.004609227 0.1364074 0.3624088 0.008677065 0.1365293 0.3624088 0.380278 0.1365293 0.3624088 0.384346 0.1364074 0.362504 -0.005295634 0.169 0.362504 0.3942508 0.169 0.3628678 0.007704615 0.169 0.3628678 0.3812505 0.169 0.3636317 0.004177808 0.137827 0.3636317 0.008634269 0.1379605 0.3636317 0.3803209 0.1379605 0.3636317 0.3847773 0.137827 0.363669 -0.004877626 0.1676246 0.363669 0.007734477 0.1680024 0.363669 0.3812206 0.1680024 0.363669 0.3938328 0.1676246 0.3646156 0.003694057 0.1394188 0.3646156 0.008586168 0.1395653 0.3646156 0.380369 0.1395653 0.3646156 0.385261 0.1394188 0.3646372 -0.004396617 0.1660418 0.3646372 0.00778228 0.1664065 0.3646372 0.3811728 0.1664065 0.3646372 0.3933518 0.1660418 0.3649235 -0.005522429 0.172 0.3649235 -0.005522429 0.197 0.3649235 0.006866037 0.197 0.3649235 0.007614791 0.172 0.3649235 0.3813403 0.172 0.3649235 0.3820891 0.197 0.3649235 0.3944776 0.172 0.3649235 0.3944776 0.197 0.3653363 0.003169894 0.1411436 0.3653363 0.008534073 0.1413041 0.3653363 0.3804211 0.1413041 0.3653363 0.3857852 0.1411436 0.365346 -0.003876149 0.1643292 0.365346 0.007834017 0.1646799 0.365346 0.3811211 0.1646799 0.365346 0.3928313 0.1643292 0.3657758 0.002618253 0.1429588 0.3657758 0.008479297 0.1431344 0.3657758 0.3804758 0.1431344 0.3657758 0.3863368 0.1429588 0.3657783 -0.003328859 0.1625283 0.3657783 0.007888376 0.1628643 0.3657783 0.3810667 0.1628643 0.3657783 0.392284 0.1625283 0.3659235 -0.005522429 0.169 0.3659235 -0.005522429 0.1690202 0.3659235 -0.005301773 0.1690202 0.3659235 -0.005295634 0.169 0.3659235 -0.00276798 0.1606827 0.3659235 0.002052664 0.14482 0.3659235 0.007944107 0.1610036 0.3659235 0.008423089 0.1450108 0.3659235 0.380532 0.1450108 0.3659235 0.381011 0.1610036 0.3659235 0.3869024 0.14482 0.3659235 0.3917232 0.1606827 0.3659235 0.3942508 0.169 0.3659235 0.394257 0.1690202 0.3659235 0.3944776 0.169 0.3659235 0.3944776 0.1690202 0.3749492 0.3791486 0.1990299 0.3754996 0.37351 0.01076048 0.38995 0.3791486 0.1990299 0.3905867 0.37351 0.01076048 0.3961235 0.006914615 0.1619732 0.3961235 0.007453501 0.1439813 0.3961235 0.007914185 0.162003 0.3961235 0.008453011 0.1440111 0.3961235 0.3805021 0.1440111 0.3961235 0.3810409 0.162003 0.3961235 0.3815016 0.1439813 0.3961235 0.3820405 0.1619732 0.3962442 0.007499396 0.1424489 0.3962442 0.008498907 0.1424788 0.3962442 0.3804562 0.1424788 0.3962442 0.3814557 0.1424489 0.3962503 0.006867587 0.1635431 0.3962503 0.007867217 0.163573 0.3962503 0.3810879 0.163573 0.3962503 0.3820875 0.1635431 0.3966032 0.0075441 0.1409543 0.3966032 0.00854367 0.1409842 0.3966032 0.3804115 0.1409842 0.3966032 0.381411 0.1409543 0.396627 0.006821811 0.1650723 0.396627 0.007821381 0.1651023 0.396627 0.3811337 0.1651023 0.396627 0.3821333 0.1650723 0.3971917 0.007586717 0.1395342 0.3971917 0.008586168 0.139564 0.3971917 0.380369 0.139564 0.3971917 0.3813685 0.1395342 0.397244 0.006778419 0.1665215 0.397244 0.007777988 0.1665514 0.397244 0.3811771 0.1665514 0.397244 0.3821767 0.1665215 0.3979952 0.007625877 0.1382236 0.3979952 0.008625507 0.1382535 0.3979952 0.3803296 0.1382535 0.3979952 0.3813292 0.1382236 0.3980855 0.006738543 0.1678531 0.3980855 0.007738113 0.167883 0.3980855 0.381217 0.167883 0.3980855 0.3822166 0.1678531 0.3989235 0.006914615 0.1619732 0.3989235 0.007453501 0.1439813 0.3989235 0.01091277 0.1620929 0.3989235 0.01145166 0.144101 0.3989235 0.3775034 0.144101 0.3989235 0.3780423 0.1620929 0.3989235 0.3815016 0.1439813 0.3989235 0.3820405 0.1619732 0.3989939 0.007660865 0.1370547 0.3989939 0.008660495 0.1370847 0.3989939 0.3802946 0.1370847 0.3989939 0.3812942 0.1370547 0.3990097 0.006881833 0.1630678 0.3990097 0.007486283 0.1428866 0.3990097 0.01088011 0.1631875 0.3990097 0.0114845 0.1430065 0.3990097 0.3774707 0.1430065 0.3990097 0.3780751 0.1631875 0.3990097 0.3814689 0.1428866 0.3990097 0.3820734 0.1630678 0.399065 0.007704615 0.169 0.399065 0.3812505 0.169 0.3990957 0.006704211 0.169 0.3990957 0.3822509 0.169 0.3992663 0.006849884 0.1641353 0.3992663 0.007518172 0.1418191 0.3992663 0.0108481 0.1642551 0.3992663 0.01151651 0.1419389 0.3992663 0.3774387 0.1419389 0.3992663 0.378107 0.1642551 0.3992663 0.381437 0.1418191 0.3992663 0.3821052 0.1641353 0.3996865 0.006819486 0.1651497 0.3996865 0.00754857 0.1408047 0.3996865 0.0108177 0.1652695 0.3996865 0.01154679 0.1409245 0.3996865 0.3774083 0.1409245 0.3996865 0.3781374 0.1652695 0.3996865 0.3814066 0.1408047 0.3996865 0.3821356 0.1651497 0.4001634 0.007690787 0.1360565 0.4001634 0.008690416 0.1360864 0.4001634 0.3802648 0.1360864 0.4001634 0.3812643 0.1360565 0.4002605 0.006791472 0.1660858 0.4002605 0.007576704 0.1398686 0.4002605 0.01078969 0.1662056 0.4002605 0.01157486 0.1399884 0.4002605 0.3773803 0.1399884 0.4002605 0.3781654 0.1662056 0.4002605 0.3813785 0.1398686 0.4002605 0.3821637 0.1660858 0.4009738 0.006766438 0.1669207 0.4009738 0.007601678 0.1390337 0.4009738 0.01076471 0.1670405 0.4009738 0.01159989 0.1391535 0.4009738 0.3773552 0.1391535 0.4009738 0.3781904 0.1670405 0.4009738 0.3813535 0.1390337 0.4009738 0.3821886 0.1669207 0.4014744 0.007714867 0.1352533 0.4014744 0.008714377 0.1352832 0.4014744 0.3802407 0.1352832 0.4014744 0.3812403 0.1352533 0.401809 0.0067451 0.1676338 0.401809 0.007623016 0.1383207 0.401809 0.01074326 0.1677535 0.401809 0.01162117 0.1384404 0.401809 0.3773339 0.1384404 0.401809 0.3782118 0.1677535 0.401809 0.3813321 0.1383207 0.401809 0.38221 0.1676338 0.4027456 0.006727933 0.1682075 0.4027456 0.007640182 0.137747 0.4027456 0.01072609 0.1683272 0.4027456 0.0116384 0.1378667 0.4027456 0.3773167 0.1378667 0.4027456 0.378229 0.1683272 0.4027456 0.3813149 0.137747 0.4027456 0.3822273 0.1682075 0.4028952 0.00773251 0.1346651 0.4028952 0.00873208 0.1346949 0.4028952 0.3802231 0.1346949 0.4028952 0.3812226 0.1346651 0.4037604 0.006715357 0.1686276 0.4037604 0.007652759 0.1373268 0.4037604 0.01071351 0.1687473 0.4037604 0.01165097 0.1374466 0.4037604 0.3773042 0.1374466 0.4037604 0.3782416 0.1687473 0.4037604 0.3813024 0.1373268 0.4037604 0.3822398 0.1686276 0.4043905 0.007743179 0.1343063 0.4043905 0.008742809 0.1343362 0.4043905 0.3802123 0.1343362 0.4043905 0.3812119 0.1343063 0.4044302 0.3791486 0.1990299 0.4048286 0.006707668 0.1688839 0.4048286 0.007660508 0.1370705 0.4048286 0.01070588 0.1690037 0.4048286 0.01165866 0.1371903 0.4048286 0.3772965 0.1371903 0.4048286 0.3782494 0.1690037 0.4048286 0.3812947 0.1370705 0.4048286 0.3822475 0.1688839 0.4051381 0.37351 0.01076048 0.4059236 0.006705105 0.1689701 0.4059236 0.007663011 0.1369844 0.4059236 0.007746875 0.1341857 0.4059236 0.008746385 0.1342156 0.4059236 0.01070326 0.1690898 0.4059236 0.01166117 0.1371042 0.4059236 0.377294 0.1371042 0.4059236 0.3782518 0.1690898 0.4059236 0.3802087 0.1342156 0.4059236 0.3812083 0.1341857 0.4059236 0.3812921 0.1369844 0.4059236 0.38225 0.1689701 0.4063115 0.3791486 0.1990299 0.4063115 0.3791682 0.1991997 0.4063115 0.3792166 0.1993638 0.4063115 0.3792923 0.1995172 0.4063115 0.3793928 0.1996554 0.4063115 0.3795155 0.1997745 0.4063115 0.3796567 0.199871 0.4063115 0.3798123 0.1999419 0.4063115 0.3799777 0.1999854 0.4063115 0.3801481 0.2 0.4186167 0.3791486 0.1990299 0.4191071 0.01544511 0.01076048 0.4191071 0.01560276 0.009401619 0.4191071 0.01598978 0.008089482 0.4191071 0.01659458 0.006862461 0.4191071 0.0173996 0.005756437 0.4191071 0.01838129 0.004803717 0.4191071 0.01951086 0.004032194 0.4191071 0.02075546 0.0034644 0.4191071 0.02207857 0.003116905 0.4191071 0.02344161 0.002999961 0.419381 0.37351 0.01076048 0.4239236 0.006705105 0.1689701 0.4239236 0.007663011 0.1369844 0.4239236 0.007746875 0.1341857 0.4239236 0.008746385 0.1342156 0.4239236 0.01070326 0.1690898 0.4239236 0.01166117 0.1371042 0.4239236 0.377294 0.1371042 0.4239236 0.3782518 0.1690898 0.4239236 0.3802087 0.1342156 0.4239236 0.3812083 0.1341857 0.4239236 0.3812921 0.1369844 0.4239236 0.38225 0.1689701 0.4250186 0.006707668 0.1688839 0.4250186 0.007660508 0.1370705 0.4250186 0.01070588 0.1690037 0.4250186 0.01165866 0.1371903 0.4250186 0.3772965 0.1371903 0.4250186 0.3782494 0.1690037 0.4250186 0.3812947 0.1370705 0.4250186 0.3822475 0.1688839 0.4254567 0.007743179 0.1343063 0.4254567 0.008742809 0.1343362 0.4254567 0.3802123 0.1343362 0.4254567 0.3812119 0.1343063 0.4260867 0.006715357 0.1686276 0.4260867 0.007652759 0.1373268 0.4260867 0.01071351 0.1687473 0.4260867 0.01165097 0.1374466 0.4260867 0.3773042 0.1374466 0.4260867 0.3782416 0.1687473 0.4260867 0.3813024 0.1373268 0.4260867 0.3822398 0.1686276 0.426952 0.00773251 0.1346651 0.426952 0.00873208 0.1346949 0.426952 0.3802231 0.1346949 0.426952 0.3812226 0.1346651 0.4271016 0.006727933 0.1682075 0.4271016 0.007640182 0.137747 0.4271016 0.01072609 0.1683272 0.4271016 0.0116384 0.1378667 0.4271016 0.3773167 0.1378667 0.4271016 0.378229 0.1683272 0.4271016 0.3813149 0.137747 0.4271016 0.3822273 0.1682075 0.428038 0.0067451 0.1676338 0.428038 0.007623016 0.1383207 0.428038 0.01074326 0.1677535 0.428038 0.01162117 0.1384404 0.428038 0.3773339 0.1384404 0.428038 0.3782118 0.1677535 0.428038 0.3813321 0.1383207 0.428038 0.38221 0.1676338 0.4283728 0.007714867 0.1352533 0.4283728 0.008714377 0.1352832 0.4283728 0.3802407 0.1352832 0.4283728 0.3812403 0.1352533 0.4288733 0.006766438 0.1669207 0.4288733 0.007601678 0.1390337 0.4288733 0.01076471 0.1670405 0.4288733 0.01159989 0.1391535 0.4288733 0.3773552 0.1391535 0.4288733 0.3781904 0.1670405 0.4288733 0.3813535 0.1390337 0.4288733 0.3821886 0.1669207 0.4295867 0.006791472 0.1660858 0.4295867 0.007576704 0.1398686 0.4295867 0.01078969 0.1662056 0.4295867 0.01157486 0.1399884 0.4295867 0.3773803 0.1399884 0.4295867 0.3781654 0.1662056 0.4295867 0.3813785 0.1398686 0.4295867 0.3821637 0.1660858 0.4296839 0.007690787 0.1360565 0.4296839 0.008690416 0.1360864 0.4296839 0.3802648 0.1360864 0.4296839 0.3812643 0.1360565 0.4301607 0.006819486 0.1651497 0.4301607 0.00754857 0.1408047 0.4301607 0.0108177 0.1652695 0.4301607 0.01154679 0.1409245 0.4301607 0.3774083 0.1409245 0.4301607 0.3781374 0.1652695 0.4301607 0.3814066 0.1408047 0.4301607 0.3821356 0.1651497 0.4305809 0.006849884 0.1641353 0.4305809 0.007518172 0.1418191 0.4305809 0.0108481 0.1642551 0.4305809 0.01151651 0.1419389 0.4305809 0.3774387 0.1419389 0.4305809 0.378107 0.1642551 0.4305809 0.381437 0.1418191 0.4305809 0.3821052 0.1641353 0.4307515 0.006704211 0.169 0.4307515 0.3822509 0.169 0.4307821 0.007704615 0.169 0.4307821 0.3812505 0.169 0.4308375 0.006881833 0.1630678 0.4308375 0.007486283 0.1428866 0.4308375 0.01088011 0.1631875 0.4308375 0.0114845 0.1430065 0.4308375 0.3774707 0.1430065 0.4308375 0.3780751 0.1631875 0.4308375 0.3814689 0.1428866 0.4308375 0.3820734 0.1630678 0.4308533 0.007660865 0.1370547 0.4308533 0.008660495 0.1370847 0.4308533 0.3802946 0.1370847 0.4308533 0.3812942 0.1370547 0.4309235 0.006914615 0.1619732 0.4309235 0.007453501 0.1439813 0.4309235 0.01091277 0.1620929 0.4309235 0.01145166 0.144101 0.4309235 0.3775034 0.144101 0.4309235 0.3780423 0.1620929 0.4309235 0.3815016 0.1439813 0.4309235 0.3820405 0.1619732 0.4317618 0.006738543 0.1678531 0.4317618 0.007738113 0.167883 0.4317618 0.381217 0.167883 0.4317618 0.3822166 0.1678531 0.4318519 0.007625877 0.1382236 0.4318519 0.008625507 0.1382535 0.4318519 0.3803296 0.1382535 0.4318519 0.3813292 0.1382236 0.4326031 0.006778419 0.1665215 0.4326031 0.007777988 0.1665514 0.4326031 0.3811771 0.1665514 0.4326031 0.3821767 0.1665215 0.4326145 0.3791486 0.1990299 0.4326554 0.007586717 0.1395342 0.4326554 0.008586168 0.139564 0.4326554 0.380369 0.139564 0.4326554 0.3813685 0.1395342 0.4332202 0.006821811 0.1650723 0.4332202 0.007821381 0.1651023 0.4332202 0.3811337 0.1651023 0.4332202 0.3821333 0.1650723 0.4332439 0.0075441 0.1409543 0.4332439 0.00854367 0.1409842 0.4332439 0.3804115 0.1409842 0.4332439 0.381411 0.1409543 0.4334197 0.37351 0.01076048 0.4335969 0.006867587 0.1635431 0.4335969 0.007867217 0.163573 0.4335969 0.3810879 0.163573 0.4335969 0.3820875 0.1635431 0.4336029 0.007499396 0.1424489 0.4336029 0.008498907 0.1424788 0.4336029 0.3804562 0.1424788 0.4336029 0.3814557 0.1424489 0.4337235 0.006914615 0.1619732 0.4337235 0.007453501 0.1439813 0.4337235 0.007914185 0.162003 0.4337235 0.008453011 0.1440111 0.4337235 0.3805021 0.1440111 0.4337235 0.3810409 0.162003 0.4337235 0.3815016 0.1439813 0.4337235 0.3820405 0.1619732 0.4459896 0.3791486 0.1990299 0.4468184 0.37351 0.01076048 0.4587413 0.3791486 0.1990299 0.4595775 0.37351 0.01076048 0.4661235 0.006914615 0.1619732 0.4661235 0.007453501 0.1439813 0.4661235 0.007914185 0.162003 0.4661235 0.008453011 0.1440111 0.4661235 0.3805021 0.1440111 0.4661235 0.3810409 0.162003 0.4661235 0.3815016 0.1439813 0.4661235 0.3820405 0.1619732 0.4662442 0.007499396 0.1424489 0.4662442 0.008498907 0.1424788 0.4662442 0.3804562 0.1424788 0.4662442 0.3814557 0.1424489 0.4662503 0.006867587 0.1635431 0.4662503 0.007867217 0.163573 0.4662503 0.3810879 0.163573 0.4662503 0.3820875 0.1635431 0.4666032 0.0075441 0.1409543 0.4666032 0.00854367 0.1409842 0.4666032 0.3804115 0.1409842 0.4666032 0.381411 0.1409543 0.466627 0.006821811 0.1650723 0.466627 0.007821381 0.1651023 0.466627 0.3811337 0.1651023 0.466627 0.3821333 0.1650723 0.4671917 0.007586717 0.1395342 0.4671917 0.008586168 0.139564 0.4671917 0.380369 0.139564 0.4671917 0.3813685 0.1395342 0.467244 0.006778419 0.1665215 0.467244 0.007777988 0.1665514 0.467244 0.3811771 0.1665514 0.467244 0.3821767 0.1665215 0.4679952 0.007625877 0.1382236 0.4679952 0.008625507 0.1382535 0.4679952 0.3803296 0.1382535 0.4679952 0.3813292 0.1382236 0.4680855 0.006738543 0.1678531 0.4680855 0.007738113 0.167883 0.4680855 0.381217 0.167883 0.4680855 0.3822166 0.1678531 0.4689235 0.006914615 0.1619732 0.4689235 0.007453501 0.1439813 0.4689235 0.01091277 0.1620929 0.4689235 0.01145166 0.144101 0.4689235 0.3775034 0.144101 0.4689235 0.3780423 0.1620929 0.4689235 0.3815016 0.1439813 0.4689235 0.3820405 0.1619732 0.4689939 0.007660865 0.1370547 0.4689939 0.008660495 0.1370847 0.4689939 0.3802946 0.1370847 0.4689939 0.3812942 0.1370547 0.4690097 0.006881833 0.1630678 0.4690097 0.007486283 0.1428866 0.4690097 0.01088011 0.1631875 0.4690097 0.0114845 0.1430065 0.4690097 0.3774707 0.1430065 0.4690097 0.3780751 0.1631875 0.4690097 0.3814689 0.1428866 0.4690097 0.3820734 0.1630678 0.469065 0.007704615 0.169 0.469065 0.3812505 0.169 0.4690957 0.006704211 0.169 0.4690957 0.3822509 0.169 0.4692662 0.006849884 0.1641353 0.4692662 0.007518172 0.1418191 0.4692662 0.0108481 0.1642551 0.4692662 0.01151651 0.1419389 0.4692662 0.3774387 0.1419389 0.4692662 0.378107 0.1642551 0.4692662 0.381437 0.1418191 0.4692662 0.3821052 0.1641353 0.4696865 0.006819486 0.1651497 0.4696865 0.00754857 0.1408047 0.4696865 0.0108177 0.1652695 0.4696865 0.01154679 0.1409245 0.4696865 0.3774083 0.1409245 0.4696865 0.3781374 0.1652695 0.4696865 0.3814066 0.1408047 0.4696865 0.3821356 0.1651497 0.4701634 0.007690787 0.1360565 0.4701634 0.008690416 0.1360864 0.4701634 0.3802648 0.1360864 0.4701634 0.3812643 0.1360565 0.4702605 0.006791472 0.1660858 0.4702605 0.007576704 0.1398686 0.4702605 0.01078969 0.1662056 0.4702605 0.01157486 0.1399884 0.4702605 0.3773803 0.1399884 0.4702605 0.3781654 0.1662056 0.4702605 0.3813785 0.1398686 0.4702605 0.3821637 0.1660858 0.4708685 0.3791486 0.1990299 0.4709739 0.006766438 0.1669207 0.4709739 0.007601678 0.1390337 0.4709739 0.01076471 0.1670405 0.4709739 0.01159989 0.1391535 0.4709739 0.3773552 0.1391535 0.4709739 0.3781904 0.1670405 0.4709739 0.3813535 0.1390337 0.4709739 0.3821886 0.1669207 0.4714744 0.007714867 0.1352533 0.4714744 0.008714377 0.1352832 0.4714744 0.3802407 0.1352832 0.4714744 0.3812403 0.1352533 0.4716965 0.37351 0.01076048 0.471809 0.0067451 0.1676338 0.471809 0.007623016 0.1383207 0.471809 0.01074326 0.1677535 0.471809 0.01162117 0.1384404 0.471809 0.3773339 0.1384404 0.471809 0.3782118 0.1677535 0.471809 0.3813321 0.1383207 0.471809 0.38221 0.1676338 0.4727456 0.006727933 0.1682075 0.4727456 0.007640182 0.137747 0.4727456 0.01072609 0.1683272 0.4727456 0.0116384 0.1378667 0.4727456 0.3773167 0.1378667 0.4727456 0.378229 0.1683272 0.4727456 0.3813149 0.137747 0.4727456 0.3822273 0.1682075 0.4728952 0.00773251 0.1346651 0.4728952 0.00873208 0.1346949 0.4728952 0.3802231 0.1346949 0.4728952 0.3812226 0.1346651 0.4737604 0.006715357 0.1686276 0.4737604 0.007652759 0.1373268 0.4737604 0.01071351 0.1687473 0.4737604 0.01165097 0.1374466 0.4737604 0.3773042 0.1374466 0.4737604 0.3782416 0.1687473 0.4737604 0.3813024 0.1373268 0.4737604 0.3822398 0.1686276 0.4743905 0.007743179 0.1343063 0.4743905 0.008742809 0.1343362 0.4743905 0.3802123 0.1343362 0.4743905 0.3812119 0.1343063 0.4748286 0.006707668 0.1688839 0.4748286 0.007660508 0.1370705 0.4748286 0.01070588 0.1690037 0.4748286 0.01165866 0.1371903 0.4748286 0.3772965 0.1371903 0.4748286 0.3782494 0.1690037 0.4748286 0.3812947 0.1370705 0.4748286 0.3822475 0.1688839 0.4759235 0.006705105 0.1689701 0.4759235 0.007663011 0.1369844 0.4759235 0.007746875 0.1341857 0.4759235 0.008746385 0.1342156 0.4759235 0.01070326 0.1690898 0.4759235 0.01166117 0.1371042 0.4759235 0.377294 0.1371042 0.4759235 0.3782518 0.1690898 0.4759235 0.3802087 0.1342156 0.4759235 0.3812083 0.1341857 0.4759235 0.3812921 0.1369844 0.4759235 0.38225 0.1689701 0.4823703 0.3791486 0.1990299 0.4831761 0.37351 0.01076048 0.4932456 0.3791486 0.1990299 0.4939236 0.006705105 0.1689701 0.4939236 0.007663011 0.1369844 0.4939236 0.007746875 0.1341857 0.4939236 0.008746385 0.1342156 0.4939236 0.01070326 0.1690898 0.4939236 0.01166117 0.1371042 0.4939236 0.377294 0.1371042 0.4939236 0.3782518 0.1690898 0.4939236 0.3802087 0.1342156 0.4939236 0.3812083 0.1341857 0.4939236 0.3812921 0.1369844 0.4939236 0.38225 0.1689701 0.4940164 0.37351 0.01076048 0.4950186 0.006707668 0.1688839 0.4950186 0.007660508 0.1370705 0.4950186 0.01070588 0.1690037 0.4950186 0.01165866 0.1371903 0.4950186 0.3772965 0.1371903 0.4950186 0.3782494 0.1690037 0.4950186 0.3812947 0.1370705 0.4950186 0.3822475 0.1688839 0.4954566 0.007743179 0.1343063 0.4954566 0.008742809 0.1343362 0.4954566 0.3802123 0.1343362 0.4954566 0.3812119 0.1343063 0.4960867 0.006715357 0.1686276 0.4960867 0.007652759 0.1373268 0.4960867 0.01071351 0.1687473 0.4960867 0.01165097 0.1374466 0.4960867 0.3773042 0.1374466 0.4960867 0.3782416 0.1687473 0.4960867 0.3813024 0.1373268 0.4960867 0.3822398 0.1686276 0.4969519 0.00773251 0.1346651 0.4969519 0.00873208 0.1346949 0.4969519 0.3802231 0.1346949 0.4969519 0.3812226 0.1346651 0.4970153 0.3655136 0.002999961 0.4970153 0.3668766 0.003116905 0.4970153 0.3681997 0.0034644 0.4970153 0.3694442 0.004032194 0.4970153 0.3705739 0.004803717 0.4970153 0.3715555 0.005756437 0.4970153 0.3723605 0.006862461 0.4970153 0.3729653 0.008089482 0.4970153 0.3733524 0.009401619 0.4970153 0.37351 0.01076048 0.4971016 0.006727933 0.1682075 0.4971016 0.007640182 0.137747 0.4971016 0.01072609 0.1683272 0.4971016 0.0116384 0.1378667 0.4971016 0.3773167 0.1378667 0.4971016 0.378229 0.1683272 0.4971016 0.3813149 0.137747 0.4971016 0.3822273 0.1682075 0.498038 0.0067451 0.1676338 0.498038 0.007623016 0.1383207 0.498038 0.01074326 0.1677535 0.498038 0.01162117 0.1384404 0.498038 0.3773339 0.1384404 0.498038 0.3782118 0.1677535 0.498038 0.3813321 0.1383207 0.498038 0.38221 0.1676338 0.4983726 0.007714867 0.1352533 0.4983726 0.008714377 0.1352832 0.4983726 0.3802407 0.1352832 0.4983726 0.3812403 0.1352533 0.4988734 0.006766438 0.1669207 0.4988734 0.007601678 0.1390337 0.4988734 0.01076471 0.1670405 0.4988734 0.01159989 0.1391535 0.4988734 0.3773552 0.1391535 0.4988734 0.3781904 0.1670405 0.4988734 0.3813535 0.1390337 0.4988734 0.3821886 0.1669207 0.4995867 0.006791472 0.1660858 0.4995867 0.007576704 0.1398686 0.4995867 0.01078969 0.1662056 0.4995867 0.01157486 0.1399884 0.4995867 0.3773803 0.1399884 0.4995867 0.3781654 0.1662056 0.4995867 0.3813785 0.1398686 0.4995867 0.3821637 0.1660858 0.4996839 0.007690787 0.1360565 0.4996839 0.008690416 0.1360864 0.4996839 0.3802648 0.1360864 0.4996839 0.3812643 0.1360565 0.5001606 0.006819486 0.1651497 0.5001606 0.00754857 0.1408047 0.5001606 0.0108177 0.1652695 0.5001606 0.01154679 0.1409245 0.5001606 0.3774083 0.1409245 0.5001606 0.3781374 0.1652695 0.5001606 0.3814066 0.1408047 0.5001606 0.3821356 0.1651497 0.5005809 0.006849884 0.1641353 0.5005809 0.007518172 0.1418191 0.5005809 0.0108481 0.1642551 0.5005809 0.01151651 0.1419389 0.5005809 0.3774387 0.1419389 0.5005809 0.378107 0.1642551 0.5005809 0.381437 0.1418191 0.5005809 0.3821052 0.1641353 0.5007514 0.006704211 0.169 0.5007514 0.3822509 0.169 0.5007821 0.007704615 0.169 0.5007821 0.3812505 0.169 0.5008375 0.006881833 0.1630678 0.5008375 0.007486283 0.1428866 0.5008375 0.01088011 0.1631875 0.5008375 0.0114845 0.1430065 0.5008375 0.3774707 0.1430065 0.5008375 0.3780751 0.1631875 0.5008375 0.3814689 0.1428866 0.5008375 0.3820734 0.1630678 0.5008533 0.007660865 0.1370547 0.5008533 0.008660495 0.1370847 0.5008533 0.3802946 0.1370847 0.5008533 0.3812942 0.1370547 0.5009235 0.006914615 0.1619732 0.5009235 0.007453501 0.1439813 0.5009235 0.01091277 0.1620929 0.5009235 0.01145166 0.144101 0.5009235 0.3775034 0.144101 0.5009235 0.3780423 0.1620929 0.5009235 0.3815016 0.1439813 0.5009235 0.3820405 0.1619732 0.5017617 0.006738543 0.1678531 0.5017617 0.007738113 0.167883 0.5017617 0.381217 0.167883 0.5017617 0.3822166 0.1678531 0.5018519 0.007625877 0.1382236 0.5018519 0.008625507 0.1382535 0.5018519 0.3803296 0.1382535 0.5018519 0.3813292 0.1382236 0.5026031 0.006778419 0.1665215 0.5026031 0.007777988 0.1665514 0.5026031 0.3811771 0.1665514 0.5026031 0.3821767 0.1665215 0.5026555 0.007586717 0.1395342 0.5026555 0.008586168 0.139564 0.5026555 0.380369 0.139564 0.5026555 0.3813685 0.1395342 0.5032202 0.006821811 0.1650723 0.5032202 0.007821381 0.1651023 0.5032202 0.3811337 0.1651023 0.5032202 0.3821333 0.1650723 0.5032439 0.0075441 0.1409543 0.5032439 0.00854367 0.1409842 0.5032439 0.3804115 0.1409842 0.5032439 0.381411 0.1409543 0.5034928 0.3791486 0.1990299 0.5035969 0.006867587 0.1635431 0.5035969 0.007867217 0.163573 0.5035969 0.3810879 0.163573 0.5035969 0.3820875 0.1635431 0.5036029 0.007499396 0.1424489 0.5036029 0.008498907 0.1424788 0.5036029 0.3804562 0.1424788 0.5036029 0.3814557 0.1424489 0.5037235 0.006914615 0.1619732 0.5037235 0.007453501 0.1439813 0.5037235 0.007914185 0.162003 0.5037235 0.008453011 0.1440111 0.5037235 0.3805021 0.1440111 0.5037235 0.3810409 0.162003 0.5037235 0.3815016 0.1439813 0.5037235 0.3820405 0.1619732 0.5042178 0.37351 0.01076048 0.5131112 0.3791486 0.1990299 0.513781 0.37351 0.01076048 0.5220999 0.3791486 0.1990299 0.522707 0.37351 0.01076048 0.5304586 0.3791486 0.1990299 0.5309974 0.37351 0.01076048 0.5329235 -0.005522429 0.01299995 0.5329235 -0.005522429 0.169 0.5329235 -0.005522429 0.172 0.5329235 -0.005522429 0.197 0.5329235 0.006866037 0.197 0.5329235 0.007614791 0.172 0.5329235 0.007704615 0.169 0.5329235 0.01237666 0.01299995 0.5329235 0.3765784 0.01299995 0.5329235 0.3812505 0.169 0.5329235 0.3813403 0.172 0.5329235 0.3820891 0.197 0.5329235 0.3944776 0.01299995 0.5329235 0.3944776 0.169 0.5329235 0.3944776 0.172 0.5329235 0.3944776 0.197 0.5347778 0.3791486 0.1990299 0.5347778 0.3791682 0.1991997 0.5347778 0.3792166 0.1993638 0.5347778 0.3792923 0.1995172 0.5347778 0.3793928 0.1996554 0.5347778 0.3795155 0.1997745 0.5347778 0.3796567 0.199871 0.5347778 0.3798123 0.1999419 0.5347778 0.3799777 0.1999854 0.5347778 0.3801481 0.2 0.5359236 -0.005522429 0.01299995 0.5359236 -0.005522429 0.169 0.5359236 -0.005522429 0.172 0.5359236 -0.005522429 0.197 0.5359236 0.006866037 0.197 0.5359236 0.007614791 0.172 0.5359236 0.007704615 0.169 0.5359236 0.01237666 0.01299995 0.5359236 0.3765784 0.01299995 0.5359236 0.3812505 0.169 0.5359236 0.3813403 0.172 0.5359236 0.3820891 0.197 0.5359236 0.3944776 0.01299995 0.5359236 0.3944776 0.169 0.5359236 0.3944776 0.172 0.5359236 0.3944776 0.197 0.5381878 0.3791486 0.1990299 0.5386546 0.37351 0.01076048 0.5401434 0.009806573 0.1990299 0.5405907 0.01544511 0.01076048 0.5437262 0.009806573 0.1990299 0.544136 0.01544511 0.01076048 0.5452899 0.3791486 0.1990299 0.5456829 0.37351 0.01076048 0.5517714 0.3791486 0.1990299 0.5520902 0.37351 0.01076048 0.5572066 0.3791486 0.1990299 0.5574584 0.37351 0.01076048 0.5613667 0.3791486 0.1990299 0.5615639 0.37351 0.01076048 0.5645503 0.3791486 0.1990299 0.564704 0.37351 0.01076048 0.5668944 0.3791486 0.1990299 0.5668944 0.3791682 0.1991997 0.5668944 0.3792166 0.1993638 0.5668944 0.3792923 0.1995172 0.5668944 0.3793928 0.1996554 0.5668944 0.3795155 0.1997745 0.5668944 0.3796567 0.199871 0.5668944 0.3798123 0.1999419 0.5668944 0.3799777 0.1999854 0.5668944 0.3801481 0.2 0.5669888 0.3791486 0.1990299 0.5671079 0.37351 0.01076048 0.5689843 0.3791486 0.1990299 0.5690745 0.37351 0.01076048 0.570776 0.3791486 0.1990299 0.5708395 0.37351 0.01076048 0.5709595 0.02344161 0.002999961 0.5709595 0.1180234 0.002999961 0.5709595 0.2165693 0.002999961 0.5709595 0.3151151 0.002999961 0.5709595 0.3655136 0.002999961 0.5713291 0.02271479 0.003033041 0.571419 0.02280449 0.003027081 0.571419 0.3661506 0.003027081 0.5714678 0.3665132 0.003062665 0.5715097 0.009806573 0.1990299 0.5715622 0.01544511 0.01076048 0.5715966 0.02298206 0.003027081 0.5715966 0.365973 0.003027081 0.571652 0.3668754 0.003116726 0.5716524 0.02207881 0.003116905 0.5716863 0.023072 0.003033041 0.5716863 0.3658831 0.003033041 0.571697 0.3669639 0.003132522 0.5717098 0.02196621 0.00313723 0.5718798 0.02216869 0.003108382 0.5718798 0.3667864 0.003108382 0.5719689 0.02225649 0.00310266 0.5719689 0.3666988 0.00310266 0.572057 0.02234417 0.003100812 0.572057 0.366611 0.003100812 0.5720604 0.02127575 0.003298759 0.5721448 0.02243226 0.00310266 0.5721448 0.3665228 0.00310266 0.5721749 0.3679049 0.003365755 0.5722324 0.02252131 0.003108382 0.5722324 0.3664338 0.003108382 0.5723223 0.0227487 0.003116905 0.5723223 0.3662064 0.003116905 0.5723226 0.1180234 0.003116905 0.5723226 0.2165693 0.003116905 0.5723226 0.3151151 0.003116905 0.5723235 0.3681982 0.003463864 0.5723237 0.0207566 0.003463983 0.5723372 0.02153599 0.003244876 0.5723372 0.3674191 0.003244876 0.5724138 0.0205788 0.003529727 0.5724138 0.3683763 0.003529727 0.5724349 0.02269136 0.00313723 0.5724349 0.3662638 0.00313723 0.5724372 0.0205326 0.003547608 0.5725418 0.3791486 0.1990299 0.5725787 0.37351 0.01076048 0.5725997 0.02074456 0.003475129 0.5725997 0.3682105 0.003475129 0.5726917 0.02082866 0.00345391 0.5727568 0.01990026 0.003826498 0.5727829 0.02091348 0.003436684 0.5727829 0.3680416 0.003436684 0.5728138 0.3691675 0.003883183 0.5728651 0.02206391 0.003244876 0.5728651 0.3668912 0.003244876 0.5728734 0.02099907 0.003423392 0.5729522 0.01951301 0.004031002 0.5729523 0.3694425 0.004031181 0.5729633 0.0210855 0.003413975 0.5729633 0.3678697 0.003413975 0.5729929 0.02009677 0.003744065 0.5729929 0.3688583 0.003744065 0.573087 0.3697102 0.004189014 0.5731055 0.01920819 0.004211843 0.5731093 0.02019786 0.003712058 0.5731253 0.02234077 0.003298759 0.5731253 0.3666144 0.003298759 0.5731408 0.02126026 0.003406465 0.5731408 0.3676948 0.003406465 0.5732246 0.0203008 0.00368607 0.5732246 0.3686543 0.00368607 0.5733157 0.02143788 0.003413975 0.5733157 0.3675173 0.003413975 0.5733773 0.370289 0.00458163 0.5733798 0.01946628 0.004074454 0.5733798 0.3694888 0.004074454 0.5734002 0.01862049 0.004615843 0.573402 0.3674274 0.003423392 0.5734515 0.3684439 0.003651499 0.5734876 0.02161818 0.003436684 0.5734876 0.3673369 0.003436684 0.5735188 0.3705719 0.004802167 0.5735189 0.01838278 0.004802465 0.5735228 0.01958161 0.004030048 0.5735725 0.3672457 0.00345391 0.5735763 0.018736 0.004536569 0.5735763 0.3702191 0.004536569 0.5736253 0.01816946 0.004982829 0.5736445 0.02207738 0.003463983 0.5736445 0.3668777 0.003463983 0.5736457 0.1180234 0.0034644 0.5736457 0.2165693 0.0034644 0.5736457 0.3151151 0.0034644 0.5736565 0.02180141 0.003475129 0.5736565 0.3671538 0.003475129 0.5736635 0.01969981 0.003993868 0.5736635 0.3692553 0.003993868 0.5736923 0.3709204 0.005103647 0.5737496 0.01885706 0.00446856 0.5737496 0.370098 0.00446856 0.5738018 0.01982057 0.003965795 0.5738223 0.02198731 0.003529727 0.5738223 0.3669678 0.003529727 0.5738685 0.02196389 0.003547608 0.5738685 0.3669912 0.003547608 0.5738739 0.3712864 0.005461513 0.573885 0.01764601 0.005485236 0.5738899 0.0209496 0.003651499 0.5738933 0.0181505 0.005008816 0.5738933 0.3708046 0.005008816 0.5739378 0.01994401 0.003945708 0.5739378 0.3690111 0.003945708 0.5739598 0.3714605 0.005648851 0.5740059 0.01740127 0.00575447 0.5740059 0.371554 0.005754649 0.5740863 0.01911461 0.004364907 0.5740863 0.3698406 0.004364907 0.5740919 0.01827579 0.004927217 0.5740919 0.3706793 0.004927217 0.5741004 0.02117657 0.00368607 0.5741004 0.3677785 0.00368607 0.574189 0.01760619 0.005540132 0.574189 0.371349 0.005540132 0.5742011 0.01700341 0.006251215 0.5742025 0.0201987 0.003929615 0.5742025 0.3687565 0.003929615 0.5742033 0.3676633 0.003712058 0.5742537 0.3720597 0.006401002 0.5742878 0.01840996 0.004858553 0.5742878 0.3705452 0.004858553 0.5742982 0.01680439 0.006533622 0.5743044 0.0214082 0.003744065 0.5743044 0.3675469 0.003744065 0.5743165 0.3791486 0.1990299 0.5743259 0.37351 0.01076048 0.5743994 0.3723593 0.006860435 0.5743994 0.0165956 0.006860792 0.5744096 0.01939028 0.00430274 0.5744096 0.3695648 0.00430274 0.5744146 0.01656419 0.006913185 0.5744159 0.01773118 0.005446135 0.5744159 0.3712239 0.005446135 0.5744571 0.02046328 0.003945648 0.5744571 0.3684918 0.003945648 0.5744639 0.01710617 0.006131887 0.5744639 0.371849 0.006131887 0.5744805 0.01855218 0.004802465 0.5744805 0.3704029 0.004802465 0.5745009 0.02164417 0.003826498 0.5745009 0.367311 0.003826498 0.5745534 0.3726798 0.007443964 0.57458 0.01621967 0.007558345 0.5745806 0.3683558 0.003965735 0.5745941 0.3727654 0.007621824 0.5746399 0.01786881 0.005366683 0.5746399 0.3710863 0.005366683 0.5746881 0.01599049 0.008087694 0.5746882 0.3729647 0.008087873 0.5747013 0.02073758 0.003993868 0.5747013 0.3682175 0.003993868 0.5747109 0.01665329 0.006790161 0.5747109 0.3723018 0.006790161 0.5747181 0.019683 0.004281997 0.5747181 0.3692721 0.004281997 0.5747233 0.01722627 0.006028175 0.5747233 0.3717288 0.006028115 0.5747357 0.01588839 0.008363783 0.5747357 0.3730667 0.008363783 0.574763 0.3731257 0.00853914 0.5747894 0.0157718 0.008725345 0.5748195 0.3680768 0.004030048 0.5748392 0.015661 0.00913918 0.5748392 0.3732942 0.00913918 0.5748544 0.01885861 0.004727661 0.5748544 0.3700965 0.004727661 0.5748601 0.018018 0.005301594 0.5748601 0.3709371 0.005301594 0.5748645 0.015603 0.009400546 0.5748645 0.3733522 0.009400844 0.5748856 0.3734018 0.009667456 0.5748881 0.02144891 0.004031002 0.5748881 0.3675062 0.004031002 0.5748902 0.1180234 0.004032194 0.5748902 0.2165693 0.004032194 0.5748902 0.3151151 0.004032194 0.5749014 0.01551449 0.009922146 0.574902 0.3734424 0.009935319 0.5749149 0.01626157 0.007507681 0.5749149 0.3726935 0.007507681 0.5749235 -0.005522429 0.00999999 0.5749235 -0.005522429 0.01299995 0.5749235 -0.005522429 0.169 0.5749235 -0.005522429 0.172 0.5749235 -0.005522429 0.197 0.5749235 -0.005522429 0.2 0.5749235 0.006866037 0.197 0.5749235 0.007614791 0.172 0.5749235 0.007704615 0.169 0.5749235 0.008807063 0.2 0.5749235 0.008977413 0.1999854 0.5749235 0.009142816 0.1999419 0.5749235 0.009298384 0.199871 0.5749235 0.009439587 0.1997745 0.5749235 0.009562313 0.1996554 0.5749235 0.009662866 0.1995172 0.5749235 0.009677588 0.00999999 0.5749235 0.009738504 0.1993638 0.5749235 0.009786903 0.1991997 0.5749235 0.009806573 0.1990299 0.5749235 0.01014691 0.009963035 0.5749235 0.01060456 0.009853124 0.5749235 0.01103949 0.009672999 0.5749235 0.01144087 0.009427011 0.5749235 0.01179891 0.009121298 0.5749235 0.01210457 0.008763313 0.5749235 0.01235061 0.008361935 0.5749235 0.01237666 0.01299995 0.5749235 0.01253068 0.007927 0.5749235 0.01264059 0.007469296 0.5749235 0.0126776 0.002999961 0.5749235 0.0126776 0.006999969 0.5749235 0.0127145 0.002530694 0.5749235 0.01282441 0.00207293 0.5749235 0.01300448 0.001637995 0.5749235 0.01325047 0.001236617 0.5749235 0.01355618 8.7868e-4 0.5749235 0.01391416 5.72949e-4 0.5749235 0.0143156 3.2698e-4 0.5749235 0.01475048 1.4683e-4 0.5749235 0.0152083 3.6935e-5 0.5749235 0.01544511 0.01076048 0.5749235 0.01567757 0 0.5749235 0.3732776 0 0.5749235 0.37351 0.01076048 0.5749235 0.3737469 3.6935e-5 0.5749235 0.3742046 1.4683e-4 0.5749235 0.3746395 3.2698e-4 0.5749235 0.375041 5.72949e-4 0.5749235 0.3753989 8.7868e-4 0.5749235 0.3757047 0.001236617 0.5749235 0.3759506 0.001637995 0.5749235 0.3761307 0.00207293 0.5749235 0.3762406 0.002530694 0.5749235 0.3762775 0.002999961 0.5749235 0.3762775 0.006999969 0.5749235 0.3763145 0.007469296 0.5749235 0.3764244 0.007927 0.5749235 0.3765784 0.01299995 0.5749235 0.3766045 0.008361935 0.5749235 0.3768506 0.008763313 0.5749235 0.3771562 0.009121298 0.5749235 0.3775143 0.009427011 0.5749235 0.3779156 0.009672999 0.5749235 0.3783505 0.009853124 0.5749235 0.3788083 0.009963035 0.5749235 0.3791486 0.1990299 0.5749235 0.3791682 0.1991997 0.5749235 0.3792166 0.1993638 0.5749235 0.3792777 0.00999999 0.5749235 0.3792923 0.1995172 0.5749235 0.3793928 0.1996554 0.5749235 0.3795155 0.1997745 0.5749235 0.3796567 0.199871 0.5749235 0.3798123 0.1999419 0.5749235 0.3799777 0.1999854 0.5749235 0.3801481 0.2 0.5749235 0.3812505 0.169 0.5749235 0.3813403 0.172 0.5749235 0.3820891 0.197 0.5749235 0.3944776 0.00999999 0.5749235 0.3944776 0.01299995 0.5749235 0.3944776 0.169 0.5749235 0.3944776 0.172 0.5749235 0.3944776 0.197 0.5749235 0.3944776 0.2 0.5749348 0.0210213 0.004074454 0.5749348 0.3679339 0.004074454 0.5749784 0.01736259 0.005940079 0.5749784 0.3715925 0.005940079 0.5750026 0.01676428 0.006682932 0.5750026 0.3721908 0.006682932 0.5750109 0.01999169 0.00430274 0.5750109 0.3689635 0.00430274 0.5750347 0.3699333 0.004708886 0.5750755 0.01817786 0.005250811 0.5750755 0.3707773 0.005250811 0.5750777 0.01594167 0.008276224 0.5750777 0.3730134 0.008276224 0.5750845 0.009807884 0.1990299 0.5751929 0.0212956 0.004211843 0.5751929 0.3676595 0.004211843 0.5752034 0.01569747 0.009085416 0.5752034 0.3732576 0.009085416 0.5752098 0.01919138 0.004702627 0.5752098 0.3697638 0.004702627 0.5752276 0.0175141 0.005867719 0.5752276 0.371441 0.005867719 0.5752319 0.01636141 0.007408142 0.5752319 0.3725937 0.007408142 0.5752854 0.01834797 0.005214452 0.5752854 0.3706072 0.005214452 0.5752866 0.02031487 0.004364848 0.5752866 0.3686403 0.004364848 0.5752871 0.01553708 0.009911 0.5752871 0.373418 0.009911 0.5752883 0.016896 0.006591558 0.5752883 0.3720591 0.006591558 0.5752918 0.01546239 0.01074999 0.5753184 0.37349 0.01074928 0.5753793 0.01936638 0.004708886 0.5754171 0.0160284 0.008199751 0.5754171 0.3729267 0.008199751 0.57547 0.01767987 0.005811095 0.57547 0.3712753 0.005811095 0.575489 0.0185275 0.005192518 0.575489 0.3704276 0.005192518 0.5755178 0.009824693 0.19903 0.575518 0.0157243 0 0.575518 0.3732308 0 0.5755318 0.3791295 0.19903 0.575533 0.3791492 0.1991997 0.5755361 0.3791975 0.1993638 0.5755409 0.379273 0.1995172 0.5755426 0.01954668 0.004727602 0.5755426 0.3694084 0.004727602 0.5755431 0.01648747 0.007323324 0.5755431 0.3724677 0.007323324 0.575544 0.02065169 0.00446856 0.575544 0.3683034 0.00446856 0.5755471 0.3734597 0.01074331 0.5755471 0.3793734 0.1996555 0.5755549 0.3794959 0.1997746 0.5755637 0.3796368 0.199871 0.5755654 0.01577109 0.009038388 0.5755654 0.373184 0.009038388 0.5755665 0.0170471 0.006516337 0.5755665 0.371908 0.006516337 0.5755735 0.379792 0.1999419 0.5755838 0.3799571 0.1999854 0.5755915 0.01526081 3.6935e-5 0.5755915 0.3736943 3.6935e-5 0.5755944 0.3801271 0.2 0.575663 0.01480871 1.4683e-4 0.575663 0.3741464 1.4683e-4 0.5756651 0.02082479 0.004536569 0.5756651 0.3681303 0.004536569 0.5756676 0.37912 0.19903 0.5756689 0.0156005 0.009889721 0.5756689 0.3733546 0.009889721 0.5756853 0.01871579 0.005185186 0.5756853 0.3702393 0.005185186 0.5756977 0.01555007 0.01031559 0.5756984 0.01552259 0.01073962 0.5757045 0.01785928 0.005770444 0.5757045 0.3710959 0.005770444 0.5757094 0.0155248 0.01073932 0.575731 0.01437908 3.2698e-4 0.575731 0.374576 3.2698e-4 0.5757516 0.01614648 0.008134543 0.5757516 0.3728086 0.008134543 0.5757806 0.02100086 0.004615843 0.5757806 0.3679542 0.004615843 0.5757938 0.01398271 5.72949e-4 0.5757938 0.3749724 5.72949e-4 0.5758174 0.373407 0.01073682 0.5758355 0.01721656 0.006457388 0.5758355 0.3717385 0.006457388 0.5758464 0.01663821 0.007253348 0.5758464 0.3723169 0.007253348 0.575849 0.01992058 0.004802465 0.575849 0.3690347 0.004802465 0.57585 0.01362907 8.7868e-4 0.57585 0.375326 8.7868e-4 0.5758574 0.3733093 0.009880185 0.5758737 0.01891207 0.005192518 0.5758737 0.370043 0.005192518 0.5758978 0.01332718 0.001236617 0.5758978 0.3756279 0.001236617 0.5759022 0.3733865 0.01073485 0.5759221 0.01587951 0.008998274 0.5759221 0.3730756 0.008998274 0.57593 0.01805138 0.005745947 0.57593 0.3709037 0.005745947 0.5759362 0.01308417 0.001637995 0.5759362 0.375871 0.001637995 0.5759599 0.01558369 0.0107336 0.5759645 0.01290631 0.00207293 0.5759645 0.3760488 0.00207293 0.5759725 0.009863495 0.19903 0.5759815 0.01279777 0.002530694 0.5759815 0.3761574 0.002530694 0.5759873 0.01276129 0.002999961 0.5759873 0.01276129 0.006999969 0.5759873 0.3761938 0.002999961 0.5759873 0.3761938 0.006999969 0.5759907 0.01559209 0.01073294 0.5759912 0.02011328 0.004858553 0.5759912 0.3688418 0.004858553 0.5759931 0.01272481 0.007469296 0.5759931 0.3762303 0.007469296 0.5760104 0.01261627 0.007927 0.5760104 0.3763388 0.007927 0.5760183 0.02088218 0.004802465 0.5760183 0.3680731 0.004802465 0.5760198 0.1180234 0.004803717 0.5760198 0.2165693 0.004803717 0.5760198 0.3151151 0.004803717 0.5760344 0.01246416 0.01299995 0.5760344 0.376491 0.01299995 0.5760385 0.01243829 0.008361935 0.5760385 0.3765168 0.008361935 0.5760439 0.01570039 0.009871423 0.5760439 0.3732547 0.009871423 0.5760532 0.01911568 0.005214393 0.5760532 0.3698394 0.005214393 0.5760769 0.0121954 0.008763313 0.5760769 0.3767597 0.008763313 0.5760782 0.01629418 0.00808078 0.5760782 0.372661 0.00808078 0.5760783 0.0156477 0.01030439 0.5760927 0.3733333 0.01073074 0.5760942 0.0174036 0.006415009 0.5760942 0.3715515 0.006415009 0.5760979 0.01586347 0 0.5760979 0.3730916 0 0.5761249 0.01189339 0.009121298 0.5761249 0.3770617 0.009121298 0.5761253 0.0203092 0.004927217 0.5761253 0.3686459 0.004927217 0.5761399 0.01681196 0.007198512 0.5761399 0.3721432 0.007198512 0.5761455 0.01825571 0.005737721 0.5761455 0.3706994 0.005737721 0.5761801 0.3733054 0.01072901 0.5761808 0.01153987 0.009427011 0.5761808 0.3774153 0.009427011 0.5761812 0.3790664 0.19903 0.5762233 0.01932561 0.005250811 0.5762233 0.3696295 0.005250811 0.5762276 0.3731912 0.009863495 0.5762316 0.02077591 0.004982829 0.5762316 0.3681793 0.004982829 0.5762429 0.01541721 3.6935e-5 0.5762429 0.3735379 3.6935e-5 0.5762435 0.01114338 0.009672999 0.5762435 0.3778117 0.009672999 0.5762506 0.02050787 0.005008816 0.5762506 0.3684473 0.005008816 0.5762507 0.01276761 0.1047903 0.5762568 0.0156759 0.01072746 0.5762699 0.01602137 0.008965194 0.5762699 0.3729338 0.008965194 0.5763117 0.01071381 0.009853124 0.5763117 0.3782413 0.009853124 0.5763412 0.01760721 0.006389379 0.5763412 0.3713479 0.006389379 0.5763497 0.01847106 0.005745887 0.5763497 0.370484 0.005745887 0.576363 0.3732401 0.01072543 0.5763831 0.01954108 0.005301594 0.5763831 0.3694141 0.005301594 0.5763832 0.01026171 0.009963035 0.5763832 0.3786934 0.009963035 0.5763843 0.01498186 1.4683e-4 0.5763843 0.3739732 1.4683e-4 0.5763944 0.01646971 0.00803858 0.5763944 0.3724854 0.00803858 0.5764083 0.01583606 0.009856283 0.5764083 0.373119 0.009856283 0.5764083 0.3761535 0.1047903 0.5764216 0.0170077 0.007159054 0.5764216 0.3719474 0.007159054 0.576448 0.0157817 0.01029503 0.5764566 0.009798169 0.00999999 0.5764566 0.379157 0.00999999 0.576459 0.009929299 0.1990301 0.5764622 0.009909808 0.1991999 0.576465 0.3731995 0.01072365 0.5764698 0.009862065 0.1993639 0.5764818 0.01576256 0.01072335 0.5764819 0.00978738 0.1995172 0.5764979 0.00968796 0.1996555 0.5765112 0.009937763 0.1990301 0.5765174 0.009566903 0.1997746 0.5765187 0.0145682 3.2698e-4 0.5765187 0.3743869 3.2698e-4 0.5765323 0.0197612 0.005366683 0.5765323 0.3691939 0.005366683 0.5765398 0.009427487 0.199871 0.5765419 0.0186966 0.005770444 0.5765419 0.3702585 0.005770444 0.5765646 0.009273886 0.1999419 0.5765748 0.01782631 0.006380796 0.5765748 0.3711288 0.006380796 0.5765857 0.3730383 0.009849965 0.5765908 0.009110569 0.1999854 0.5765944 0.0158118 0.01072144 0.576606 0.01619499 0.008939146 0.576606 0.3727601 0.008939146 0.5766137 0.3731344 0.01072108 0.5766179 0.008942365 0.2 0.5766428 0.0141865 5.72949e-4 0.5766428 0.3747686 5.72949e-4 0.5766459 0.3731194 0.01072061 0.5766488 0.0160917 0 0.5766488 0.3728634 0 0.5766677 0.0128656 0.1047903 0.5766699 0.01998519 0.005446135 0.5766699 0.3689699 0.005446135 0.5766897 0.01722377 0.007135212 0.5766897 0.3717314 0.007135212 0.5766943 0.015859 0.01071983 0.5766975 0.01667147 0.008008241 0.5766975 0.3722836 0.008008241 0.5767213 0.01893109 0.005811095 0.5767213 0.370024 0.005811095 0.576723 0.3789796 0.1990301 0.5767533 0.01384609 8.7868e-4 0.5767533 0.3751091 8.7868e-4 0.5767551 0.02051609 0.005485236 0.5767551 0.368439 0.005485236 0.5767592 0.01600599 0.009844422 0.5767592 0.3729491 0.009844422 0.5767653 0.007849574 0.169 0.5767653 0.3811056 0.169 0.5767793 0.007760763 0.172 0.5767793 0.3811943 0.172 0.576794 0.01805996 0.006389379 0.576794 0.3708952 0.006389379 0.5767949 0.02021217 0.005540132 0.5767949 0.368743 0.005540132 0.5768035 0.3730408 0.01071822 0.5768035 0.01595056 0.01028764 0.5768035 0.3730045 0.01028764 0.576811 0.3730368 0.0107181 0.5768226 0.3730306 0.01071798 0.5768449 0.3760398 0.1047903 0.5768479 0.01355528 0.001236617 0.5768479 0.3754 0.001236617 0.5768618 0.01567357 3.6935e-5 0.5768618 0.3732815 3.6935e-5 0.5768769 0.01595401 0.01071721 0.576887 0.01917356 0.00586766 0.576887 0.3697816 0.00586766 0.5768964 0.007021307 0.197 0.5768964 0.3819338 0.197 0.5769239 0.01332139 0.001637995 0.5769239 0.3756338 0.001637995 0.5769271 0.01639866 0.008920431 0.5769271 0.3725565 0.008920431 0.5769284 0.3728518 0.009839713 0.5769423 0.01745891 0.007127225 0.5769423 0.3714963 0.007127225 0.5769748 0.3729074 0.01028472 0.5769795 0.01314997 0.00207293 0.5769795 0.3758051 0.00207293 0.5769851 0.01689767 0.007989883 0.5769851 0.3720574 0.007989883 0.5769949 0.3729335 0.01071572 0.5769976 0.01830691 0.006414949 0.5769976 0.3706482 0.006414949 0.5769993 0.3729308 0.01071566 0.5769999 0.02039527 0.00575447 0.5769999 0.3685599 0.00575447 0.5770015 0.1180234 0.005756437 0.5770015 0.2165693 0.005756437 0.5770015 0.3151151 0.005756437 0.5770134 0.01304548 0.002530694 0.5770134 0.3759096 0.002530694 0.5770249 0.01301038 0.002999961 0.5770249 0.01301038 0.006999969 0.5770249 0.3759447 0.002999961 0.5770249 0.3759447 0.006999969 0.5770347 0.3789151 0.1990301 0.5770363 0.01297521 0.007469296 0.5770363 0.3759799 0.007469296 0.5770385 0.01942276 0.005940079 0.5770385 0.3695324 0.005940079 0.577039 0.3789345 0.1991999 0.5770496 0.3789816 0.1993639 0.5770517 0.01605629 0.01071506 0.577066 0.3790555 0.1995173 0.5770696 0.0152657 1.4683e-4 0.5770696 0.3736894 1.4683e-4 0.5770703 0.01287066 0.007927 0.5770703 0.3760845 0.007927 0.5770793 0.01005011 0.1990301 0.577088 0.3791536 0.1996555 0.577093 0.0162087 0.009835779 0.577093 0.3727464 0.009835779 0.5771149 0.3792733 0.1997746 0.5771179 0.01272428 0.01299995 0.5771179 0.3762308 0.01299995 0.5771259 0.01269936 0.008361935 0.5771259 0.3762557 0.008361935 0.5771411 0.01615297 0.01028233 0.5771411 0.3728021 0.01028233 0.5771458 0.3794111 0.199871 0.5771571 0.01640331 0 0.5771571 0.3725518 0 0.5771622 0.372828 0.01071387 0.5771721 0.01613366 0.01071375 0.5771737 0.3728203 0.01071375 0.5771749 0.01967775 0.006028115 0.5771749 0.3692773 0.006028115 0.5771774 0.0177114 0.007135212 0.5771774 0.3712437 0.007135212 0.5771799 0.3795629 0.1999419 0.5771845 0.01856559 0.006457328 0.5771845 0.3703895 0.006457328 0.5772019 0.01246547 0.008763313 0.5772019 0.3764897 0.008763313 0.5772145 0.01616251 0.01071333 0.577216 0.3797243 0.1999854 0.5772303 0.3788691 0.1990301 0.5772305 0.01663047 0.008909106 0.5772305 0.3723247 0.008909106 0.5772351 0.3788883 0.1991999 0.5772466 0.3789353 0.1993639 0.5772532 0.3798905 0.2 0.5772547 0.01714646 0.007983744 0.5772547 0.3718087 0.007983744 0.5772647 0.3790087 0.1995173 0.577267 0.01487821 3.2698e-4 0.577267 0.3740769 3.2698e-4 0.577288 0.3758935 0.1047903 0.5772888 0.3791064 0.1996555 0.577295 0.01993727 0.006131887 0.577295 0.3690179 0.006131887 0.5772964 0.01217466 0.009121298 0.5772964 0.3767804 0.009121298 0.5773181 0.3792255 0.1997746 0.5773409 0.372702 0.01071226 0.5773518 0.3793627 0.199871 0.577354 0.01883471 0.006516277 0.577354 0.3701205 0.006516277 0.577371 0.0162757 0.01071208 0.5773764 0.3726752 0.01071202 0.577389 0.3795138 0.1999419 0.5773934 0.0179795 0.007159054 0.5773934 0.3709756 0.007159054 0.5773977 0.02020001 0.006251215 0.5773977 0.3687551 0.006251215 0.5774064 0.01644229 0.009830594 0.5774064 0.3725128 0.009830594 0.577407 0.0118342 0.009427011 0.577407 0.3771209 0.009427011 0.5774285 0.3796743 0.1999854 0.577433 0.01602357 3.6935e-5 0.577433 0.3729315 3.6935e-5 0.5774493 0.01452058 5.72949e-4 0.5774493 0.3744346 5.72949e-4 0.5774577 0.01638716 0.01027905 0.5774577 0.3725679 0.01027905 0.5774694 0.3798397 0.2 0.5775035 0.017416 0.007989883 0.5775035 0.3715391 0.007989883 0.5775051 0.01911276 0.006591558 0.5775051 0.3698423 0.006591558 0.5775125 0.01688861 0.008905291 0.5775125 0.3720665 0.008905291 0.5775311 0.01145249 0.009672999 0.5775311 0.3775026 0.009672999 0.5775892 0.01826119 0.007198512 0.5775892 0.3706939 0.007198512 0.5775967 0.02010297 0.006533622 0.5775967 0.3688521 0.006533622 0.5776106 0.01679056 0 0.5776106 0.3721646 0 0.5776118 0.01420158 8.7868e-4 0.5776118 0.3747535 8.7868e-4 0.5776199 0.0101906 0.1990301 0.5776368 0.01939851 0.006682872 0.5776368 0.3695566 0.006682872 0.5776461 0.01650518 0.01071071 0.5776486 0.3724477 0.01071065 0.5776655 0.01103889 0.009853124 0.5776655 0.3779162 0.009853124 0.5776835 0.01653957 0.01071059 0.5776962 0.01670509 0.009828865 0.5776962 0.3722501 0.009828865 0.577702 0.01565331 1.4683e-4 0.577702 0.3733018 1.4683e-4 0.5777297 0.01770359 0.008008241 0.5777297 0.3712515 0.008008241 0.5777478 0.01969027 0.006790161 0.5777478 0.3692649 0.006790161 0.5777499 0.01665139 0.01027798 0.5777499 0.3723037 0.01027798 0.5777506 0.01392918 0.001236617 0.5777506 0.3750259 0.001236617 0.577763 0.01855468 0.007253348 0.577763 0.3704004 0.007253348 0.5777707 0.01717078 0.008909106 0.5777707 0.3717843 0.008909106 0.5777739 0.01662731 0.01071053 0.5777739 0.3723279 0.01071053 0.5778055 0.0200017 0.006860792 0.5778055 0.3689534 0.006860792 0.5778065 0.1180234 0.006862461 0.5778065 0.2165693 0.006862461 0.5778065 0.3151151 0.006862461 0.577807 0.01060348 0.009963035 0.577807 0.3783516 0.009963035 0.5778369 0.3689686 0.006913185 0.5778617 0.3722372 0.01071059 0.5778623 0.01371008 0.001637995 0.5778623 0.3752451 0.001637995 0.5778872 0.01674538 0.01071065 0.5778895 0.3722074 0.01071065 0.5779137 0.01885801 0.007323265 0.5779137 0.3700971 0.007323265 0.5779315 0.0180068 0.00803858 0.5779315 0.3709483 0.00803858 0.577936 0.01028847 0.1990301 0.5779423 0.01026976 0.1991999 0.5779424 0.01645869 3.6935e-5 0.5779424 0.3724964 3.6935e-5 0.577944 0.0135495 0.00207293 0.577944 0.3754056 0.00207293 0.5779519 0.01015716 0.00999999 0.5779519 0.378798 0.00999999 0.5779572 0.0102238 0.1993639 0.5779578 0.0153014 3.2698e-4 0.5779578 0.3736537 3.2698e-4 0.577959 0.01699471 0.009830594 0.577959 0.3719604 0.009830594 0.5779637 0.3786575 0.1990301 0.5779808 0.01015186 0.1995173 0.5779939 0.01345157 0.002530694 0.5779939 0.3755035 0.002530694 0.5779978 0.01724398 0 0.5779978 0.3717111 0 0.5780025 0.01747399 0.008920431 0.5780025 0.3714812 0.008920431 0.5780107 0.01341867 0.002999961 0.5780107 0.01341867 0.006999969 0.5780107 0.3755365 0.002999961 0.5780107 0.3755365 0.006999969 0.5780122 0.01005631 0.1996555 0.578014 0.01694339 0.01027905 0.578014 0.3720117 0.01027905 0.5780276 0.01338577 0.007469296 0.5780276 0.3755694 0.007469296 0.5780397 0.01916921 0.007408142 0.5780397 0.3697859 0.007408142 0.5780504 0.00993967 0.1997746 0.5780773 0.0132879 0.007927 0.5780773 0.3756672 0.007927 0.5780946 0.00980556 0.199871 0.578107 0.01832288 0.00808078 0.578107 0.3706322 0.00808078 0.5781196 0.3719328 0.01071202 0.5781213 0.01702451 0.01071202 0.5781221 0.01035159 0.1990301 0.5781286 0.010333 0.1991999 0.5781351 0.01704287 0.01071214 0.5781396 0.0194863 0.007507681 0.5781396 0.3694689 0.007507681 0.578143 0.0096578 0.1999419 0.5781446 0.01028728 0.1993639 0.5781474 0.01315069 0.01299995 0.5781474 0.3758046 0.01299995 0.5781592 0.01312738 0.008361935 0.5781592 0.3758277 0.008361935 0.5781697 0.01021587 0.1995173 0.5781815 0.01982116 0.007558345 0.5781815 0.369134 0.007558345 0.5781837 0.01037341 0.1990301 0.5781925 0.01730811 0.009835779 0.5781925 0.371647 0.009835779 0.5781936 0.01497668 5.72949e-4 0.5781936 0.3739784 5.72949e-4 0.5781945 0.009500563 0.1999854 0.5782029 0.01012098 0.1996555 0.5782063 0.01779508 0.008939146 0.5782063 0.37116 0.008939146 0.5782327 0.3717771 0.01071327 0.5782434 0.01000511 0.1997746 0.5782446 0.01719528 0.01071345 0.5782476 0.009338796 0.2 0.5782482 0.01726001 0.01028233 0.5782482 0.3716952 0.01028233 0.5782547 0.01864951 0.008134543 0.5782547 0.3703056 0.008134543 0.5782662 0.01613497 1.4683e-4 0.5782662 0.3728201 1.4683e-4 0.5782678 0.3717257 0.01071375 0.5782709 0.01290816 0.008763313 0.5782709 0.3760469 0.008763313 0.578274 0.01723879 0.01071387 0.5782901 0.0098719 0.199871 0.5782979 0.01747268 0.009839653 0.5783094 0.0177524 0 0.5783094 0.3712027 0 0.578339 0.3716152 0.01071494 0.5783414 0.009724974 0.1999419 0.5783476 0.01735371 0.01071512 0.5783535 0.01742637 0.01028472 0.5783727 0.01898396 0.008199751 0.5783727 0.3699711 0.008199751 0.5783776 0.01696807 3.6935e-5 0.5783776 0.3719871 3.6935e-5 0.5783795 0.01740616 0.01071572 0.5783798 0.01813119 0.008965134 0.5783798 0.370824 0.008965134 0.5783953 0.0176419 0.009844422 0.5783953 0.3713132 0.009844422 0.5783962 0.009568989 0.1999854 0.578404 0.01468706 8.7868e-4 0.578404 0.374268 8.7868e-4 0.5784096 0.01263576 0.009121298 0.5784096 0.3763194 0.009121298 0.5784108 0.01971298 0.008087694 0.5784108 0.3692422 0.008087694 0.5784114 0.1180234 0.008089482 0.5784114 0.2165693 0.008089482 0.5784114 0.3151151 0.008089482 0.5784338 0.3714551 0.01071691 0.5784506 0.01759761 0.01028764 0.5784506 0.3713575 0.01028764 0.5784524 0.009408175 0.2 0.5784533 0.01753509 0.01071739 0.5784595 0.01932346 0.008276224 0.5784595 0.3696317 0.008276224 0.5784769 0.01757848 0.01071798 0.5784843 0.01781541 0.009849965 0.5784866 0.01759731 0.01071822 0.5785127 0.01966536 0.008363783 0.5785127 0.3692897 0.008363783 0.5785169 0.3784557 0.1990301 0.5785216 0.01847898 0.008998274 0.5785216 0.3704761 0.008998274 0.5785225 0.3712884 0.01071923 0.5785375 0.01830327 0 0.5785375 0.3706519 0 0.578551 0.01772487 0.01072013 0.5785616 0.008280813 0.169 0.5785616 0.3806743 0.169 0.5785651 0.01799279 0.009856283 0.5785651 0.3709625 0.009856283 0.5785655 0.01775527 0.01072061 0.5785722 0.01231688 0.009427011 0.5785722 0.3766383 0.009427011 0.5785737 0.01582747 3.2698e-4 0.5785737 0.3731276 3.2698e-4 0.5785838 0.01443976 0.001236617 0.5785838 0.3745154 0.001236617 0.5785894 0.0081954 0.172 0.5785894 0.3711484 0.01072144 0.5785894 0.3807597 0.172 0.5786193 0.3710812 0.01072251 0.5786195 0.3710021 0.01029503 0.5786293 0.01961171 0.008725345 0.5786293 0.3693434 0.008725345 0.57863 0.0188356 0.009038388 0.57863 0.3701195 0.009038388 0.5786373 0.01817351 0.009863495 0.5786457 0.01793617 0.01072365 0.5786594 0.01796978 0.01072418 0.5786768 0.0188831 0 0.5786768 0.370072 0 0.5786828 0.3783878 0.1990301 0.5786904 0.3784061 0.1991999 0.5787009 0.01835727 0.009871423 0.5787009 0.3705978 0.009871423 0.5787037 0.0191977 0.009085416 0.5787037 0.3697574 0.009085416 0.5787069 0.3708621 0.01072651 0.5787091 0.3784506 0.1993639 0.5787119 0.01057958 0.1990301 0.5787236 0.0194776 0 0.5787236 0.3694776 0 0.5787276 0.01753926 3.6935e-5 0.5787276 0.3714158 3.6935e-5 0.5787283 0.0142408 0.001637995 0.5787283 0.3747143 0.001637995 0.5787385 0.3785203 0.1995173 0.5787402 0.01956188 0.00913918 0.5787402 0.3693932 0.00913918 0.5787478 0.01669907 1.4683e-4 0.5787478 0.3722561 1.4683e-4 0.5787513 0.0182203 0.01072895 0.5787535 0.3706324 0.01030439 0.5787543 0.01195919 0.009672999 0.5787543 0.3769959 0.009672999 0.578755 0.01823157 0.01072919 0.5787553 0.01854366 0.009880185 0.5787706 0.01350921 0.01299995 0.5787706 0.375446 0.01299995 0.5787776 0.3786131 0.1996555 0.5787793 0.0183084 0.01073074 0.5787921 0.3706041 0.01073163 0.578798 0.01953661 0.009400546 0.578798 0.3694185 0.009400546 0.5787984 0.1180234 0.009401619 0.5787984 0.2165693 0.009401619 0.5787984 0.3151151 0.009401619 0.5788007 0.01873219 0.009889721 0.5788007 0.3702229 0.009889721 0.5788174 0.3705143 0.0107336 0.5788207 0.007483303 0.197 0.5788207 0.3814718 0.197 0.578825 0.3787263 0.1997746 0.5788289 0.01848447 0.01073455 0.5788325 0.01849889 0.01073485 0.5788342 0.014095 0.00207293 0.5788342 0.3748601 0.00207293 0.5788344 -0.005214631 0.00999999 0.5788344 -0.005214631 0.01299995 0.5788344 -0.005214631 0.169 0.5788344 -0.005214631 0.172 0.5788344 -0.005214631 0.197 0.5788344 -0.005214631 0.2 0.5788344 0.3941698 0.00999999 0.5788344 0.3941698 0.01299995 0.5788344 0.3941698 0.169 0.5788344 0.3941698 0.172 0.5788344 0.3941698 0.197 0.5788344 0.3941698 0.2 0.5788511 0.3702518 0.01031559 0.5788574 0.01554369 5.72949e-4 0.5788574 0.3734115 5.72949e-4 0.5788639 0.3703227 0.01073795 0.578864 0.01911401 0.009911 0.578864 0.3698411 0.009911 0.5788764 0.01869177 0.01073932 0.5788798 0.3788563 0.199871 0.5788866 0.01949977 0.009922146 0.5788866 0.3694553 0.009922146 0.5788897 0.01876151 0.01074105 0.5788989 0.01400607 0.002530694 0.5788989 0.374949 0.002530694 0.5789057 0.0188539 0.01074331 0.5789206 0.01397621 0.002999961 0.5789206 0.01397621 0.006999969 0.5789206 0.3749789 0.002999961 0.5789206 0.3749789 0.006999969 0.5789361 0.01908266 0.01074928 0.5789387 0.3698462 0.01074993 0.5789402 0.3789997 0.1999419 0.5789422 0.01394641 0.007469296 0.5789422 0.3750088 0.007469296 0.5789518 0.0115717 0.009853124 0.5789518 0.3773834 0.009853124 0.578956 0.01945418 0.01075977 0.578956 0.0194776 0.01076048 0.578956 0.02159726 0.01076048 0.578956 0.02379786 0.01076048 0.578956 0.02579188 0.01076048 0.578956 0.0278328 0.01076048 0.578956 0.0302183 0.01076048 0.578956 0.03329402 0.01076048 0.578956 0.03731667 0.01076048 0.578956 0.04257917 0.01076048 0.578956 0.04898059 0.01076048 0.578956 0.05598968 0.01076048 0.578956 0.06362199 0.01076048 0.578956 0.07188618 0.01076048 0.578956 0.08078747 0.01076048 0.578956 0.09032946 0.01076048 0.578956 0.1005144 0.01076048 0.578956 0.1113438 0.01076048 0.578956 0.1180234 0.01076048 0.578956 0.2165693 0.01076048 0.578956 0.3151151 0.01076048 0.578956 0.3661316 0.01076048 0.578956 0.3694776 0.01076048 0.5789839 0.01815831 3.6935e-5 0.5789839 0.3707969 3.6935e-5 0.5790042 0.3791522 0.1999854 0.5790069 0.01385748 0.007927 0.5790069 0.3750977 0.007927 0.5790702 0.3793092 0.2 0.5790866 0.378207 0.19903 0.5790997 0.01644337 3.2698e-4 0.5790997 0.3725118 3.2698e-4 0.5791105 0.01529061 8.7868e-4 0.5791105 0.3736646 8.7868e-4 0.5791127 0.01371169 0.008361935 0.5791127 0.3752434 0.008361935 0.5791354 0.01733148 1.4683e-4 0.5791354 0.3716236 1.4683e-4 0.5791403 0.01880967 3.6935e-5 0.5791403 0.3701454 3.6935e-5 0.5791596 0.01116377 0.009963035 0.5791596 0.3777914 0.009963035 0.5791929 0.0194776 3.6935e-5 0.5791929 0.3694776 3.6935e-5 0.5792527 0.01082921 0.19903 0.5792573 0.01351267 0.008763313 0.5792573 0.3754425 0.008763313 0.5793268 0.01507437 0.001236617 0.5793268 0.3738808 0.001236617 0.5793727 0.0107457 0.00999999 0.5793727 0.3782094 0.00999999 0.5794193 0.01801681 1.4683e-4 0.5794193 0.3709383 1.4683e-4 0.5794245 0.01620751 5.72949e-4 0.5794245 0.3727476 5.72949e-4 0.579437 0.01326537 0.009121298 0.579437 0.3756898 0.009121298 0.5795007 0.01490038 0.001637995 0.5795007 0.3740547 0.001637995 0.5795229 0.01713407 3.2698e-4 0.5795229 0.3718211 3.2698e-4 0.5795325 0.01097488 0.19903 0.5795419 0.01095747 0.1991999 0.5795649 0.01091498 0.1993639 0.5795924 0.01873809 1.4683e-4 0.5795924 0.370217 1.4683e-4 0.579601 0.01084846 0.1995172 0.5796281 0.01477307 0.00207293 0.5796281 0.3741821 0.00207293 0.5796474 0.01297581 0.009427011 0.5796474 0.3759793 0.009427011 0.5796489 0.01076006 0.1996555 0.5796489 0.377916 0.19903 0.5796507 0.0194776 1.4683e-4 0.5796507 0.3694776 1.4683e-4 0.5797058 0.01469528 0.002530694 0.5797058 0.3742598 0.002530694 0.5797075 0.01065218 0.1997746 0.579714 0.01599711 8.7868e-4 0.579714 0.372958 8.7868e-4 0.579732 0.01466917 0.002999961 0.579732 0.01466917 0.006999969 0.579732 0.3742859 0.002999961 0.579732 0.3742859 0.006999969 0.579758 0.01464307 0.007469296 0.579758 0.3743121 0.007469296 0.5797747 0.01052808 0.199871 0.579785 0.01111686 0.19903 0.5798329 0.0178824 3.2698e-4 0.5798329 0.3710727 3.2698e-4 0.5798357 0.0145654 0.007927 0.5798357 0.3743897 0.007927 0.5798488 0.01039129 0.1999419 0.5798543 0.01242548 0.06321996 0.5798543 0.3765296 0.06321996 0.5798806 0.01695179 5.72949e-4 0.5798806 0.3720033 5.72949e-4 0.5798833 0.01265108 0.009672999 0.5798833 0.3763042 0.009672999 0.5799278 0.01024591 0.1999854 0.5799613 0.0158174 0.001236617 0.5799613 0.3731377 0.001236617 0.5799632 0.01443797 0.008361935 0.5799632 0.3745172 0.008361935 0.5800089 0.01009619 0.2 0.580022 0.01866996 3.2698e-4 0.580022 0.3702851 3.2698e-4 0.5800432 0.3776823 0.19903 0.5800457 0.01242756 0.06686973 0.5800457 0.3765276 0.06686973 0.5800538 0.377699 0.1991997 0.5800793 0.37774 0.1993638 0.5800855 0.0194776 3.2698e-4 0.5800855 0.3694776 3.2698e-4 0.5801194 0.3778041 0.1995172 0.580137 0.0142641 0.008763313 0.580137 0.374691 0.008763313 0.5801389 0.01229918 0.009853124 0.5801389 0.3766559 0.009853124 0.5801604 0.0156728 0.001637995 0.5801604 0.3732823 0.001637995 0.5801728 0.3778894 0.1996555 0.5801969 0.377584 0.19903 0.5801995 0.01678931 8.7868e-4 0.5801995 0.3721658 8.7868e-4 0.5802077 0.3776005 0.1991997 0.5802146 0.01775836 5.72949e-4 0.5802146 0.3711968 5.72949e-4 0.5802341 0.377641 0.1993638 0.5802379 0.3779934 0.1997746 0.5802683 0.008987784 0.169 0.5802683 0.3799673 0.169 0.5802754 0.3777043 0.1995172 0.580306 0.01556688 0.00207293 0.580306 0.3733882 0.00207293 0.5803092 0.008907794 0.172 0.5803092 0.3800475 0.172 0.5803129 0.378113 0.199871 0.5803304 0.3777886 0.1996555 0.5803532 0.01404786 0.009121298 0.5803532 0.3749072 0.009121298 0.5803951 0.01550227 0.002530694 0.5803951 0.3734529 0.002530694 0.5803955 0.3782449 0.1999419 0.5803976 0.3778914 0.1997746 0.580408 0.01192891 0.009963035 0.580408 0.3770263 0.009963035 0.5804184 0.01860731 5.72949e-4 0.5804184 0.3703479 5.72949e-4 0.5804249 0.01548057 0.002999961 0.5804249 0.01548057 0.006999969 0.5804249 0.3734745 0.002999961 0.5804249 0.3734745 0.006999969 0.5804533 0.01247638 0.0737946 0.5804533 0.3764787 0.0737946 0.5804547 0.01545888 0.007469296 0.5804547 0.3734962 0.007469296 0.5804719 0.01665049 0.001236617 0.5804719 0.3723046 0.001236617 0.5804747 0.3780096 0.199871 0.5804832 0.3783851 0.1999854 0.580487 0.0194776 5.72949e-4 0.580487 0.3694776 5.72949e-4 0.5805437 0.01539427 0.007927 0.5805437 0.3735608 0.007927 0.5805552 0.0176478 8.7868e-4 0.5805552 0.3713074 8.7868e-4 0.5805597 0.3781399 0.1999419 0.5805736 0.3785294 0.2 0.5806064 0.01379477 0.009427011 0.5806064 0.3751603 0.009427011 0.5806491 0.00824058 0.197 0.5806491 0.3807145 0.197 0.5806502 0.3782784 0.1999854 0.580684 0.01154917 0.00999999 0.580684 0.377406 0.00999999 0.5806894 0.01528841 0.008361935 0.5806894 0.3736667 0.008361935 0.5806911 0.01653891 0.001637995 0.5806911 0.3724162 0.001637995 0.5807433 0.378421 0.2 0.5807721 0.01855129 8.7868e-4 0.5807721 0.370404 8.7868e-4 0.5808117 0.01180666 0.19903 0.5808227 0.0125854 0.07881534 0.5808227 0.3763697 0.07881534 0.5808237 0.01179111 0.1991997 0.5808449 0.0194776 8.7868e-4 0.5808449 0.3694776 8.7868e-4 0.5808458 0.01755326 0.001236617 0.5808458 0.3714018 0.001236617 0.5808516 0.01645708 0.00207293 0.5808516 0.372498 0.00207293 0.5808532 0.01175266 0.1993638 0.5808885 0.01514381 0.008763313 0.5808885 0.3738113 0.008763313 0.5808901 0.013511 0.009672999 0.5808901 0.3754441 0.009672999 0.580892 0.01563048 0.01299995 0.580892 0.3733247 0.01299995 0.5808992 0.0116927 0.1995172 0.5809496 0.01640719 0.002530694 0.5809496 0.3725479 0.002530694 0.5809605 0.01161277 0.1996554 0.5809656 0.01192706 0.19903 0.5809779 0.01191169 0.1991997 0.5809825 0.01639038 0.002999961 0.5809825 0.01639038 0.006999969 0.5809825 0.3725647 0.002999961 0.5809825 0.3725647 0.006999969 0.5810081 0.0118739 0.1993638 0.5810154 0.01637357 0.007469296 0.5810154 0.3725816 0.007469296 0.581035 0.01151549 0.1997745 0.5810552 0.01181477 0.1995172 0.5810739 0.01850336 0.001236617 0.5810739 0.3704518 0.001236617 0.5810799 0.01747727 0.001637995 0.5810799 0.3714778 0.001637995 0.5811132 0.0163238 0.007927 0.5811132 0.3726314 0.007927 0.581118 0.01173621 0.1996554 0.581121 0.01140338 0.199871 0.5811358 0.0149641 0.009121298 0.5811358 0.373991 0.009121298 0.5811479 0.012753 0.08185774 0.5811479 0.3762021 0.08185774 0.5811507 0.0194776 0.001236617 0.5811507 0.3694776 0.001236617 0.5811946 0.01164031 0.1997745 0.5811976 0.01320338 0.009853124 0.5811976 0.3757517 0.009853124 0.5812156 0.01127988 0.1999419 0.5812504 0.01625376 0.01299995 0.5812504 0.3727014 0.01299995 0.5812512 0.0174216 0.00207293 0.5812512 0.3715335 0.00207293 0.5812739 0.01624196 0.008361935 0.5812739 0.3727132 0.008361935 0.5812827 0.01152986 0.199871 0.5812922 0.01698619 0.1047903 0.5812925 0.01285797 0.08262187 0.5812925 0.3760972 0.08262187 0.5813164 0.01114869 0.1999854 0.5813168 0.01846498 0.001637995 0.5813168 0.3704902 0.001637995 0.5813267 0.0128864 0.08273339 0.5813267 0.3760687 0.08273339 0.5813556 0.01738768 0.002530694 0.5813556 0.3715676 0.002530694 0.5813601 0.01291567 0.08281314 0.5813601 0.3760395 0.08281314 0.5813766 0.01293057 0.08284103 0.5813766 0.3760246 0.08284103 0.5813798 0.01140826 0.1999419 0.5813846 0.0129382 0.082852 0.5813846 0.376017 0.082852 0.5813907 0.01737618 0.002999961 0.5813907 0.01737618 0.006999969 0.5813907 0.3715789 0.002999961 0.5813907 0.3715789 0.006999969 0.5813927 0.01294577 0.08286094 0.5813927 0.3760094 0.08286094 0.5813966 0.0194776 0.001637995 0.5813966 0.3694776 0.001637995 0.5814006 0.0129534 0.08286792 0.5814006 0.3760017 0.08286792 0.5814086 0.01296108 0.08287292 0.5814086 0.375994 0.08287292 0.5814166 0.01296889 0.0828759 0.5814166 0.3759862 0.0828759 0.58142 0.0110135 0.2 0.5814206 0.01297277 0.08287662 0.5814206 0.3759824 0.08287662 0.5814208 0.3766414 0.1990299 0.5814244 0.0129767 0.08287686 0.5814244 0.3759784 0.08287686 0.5814253 0.01475369 0.009427011 0.5814253 0.3742014 0.009427011 0.5814259 0.01736479 0.007469296 0.5814259 0.3715903 0.007469296 0.5814284 0.01298058 0.08287662 0.5814284 0.3759745 0.08287662 0.5814322 0.01298457 0.0828759 0.5814322 0.3759706 0.0828759 0.581434 0.376656 0.1991997 0.58144 0.0129925 0.08287292 0.58144 0.3759627 0.08287292 0.5814477 0.01300036 0.08286792 0.5814477 0.3759548 0.08286792 0.5814478 0.0174303 0.1047903 0.5814554 0.01300847 0.08286094 0.5814554 0.3759467 0.08286094 0.581463 0.01301646 0.082852 0.581463 0.3759386 0.082852 0.5814664 0.3766919 0.1993638 0.5814706 0.01302456 0.08284103 0.5814706 0.3759306 0.08284103 0.581483 0.0112791 0.1999854 0.5814855 0.01304095 0.08281314 0.5814855 0.3759141 0.08281314 0.5814929 0.01613026 0.008763313 0.5814929 0.3728248 0.008763313 0.5814948 0.01843678 0.00207293 0.5814948 0.3705185 0.00207293 0.5815147 0.01307439 0.08273339 0.5815147 0.3758807 0.08273339 0.5815172 0.376748 0.1995172 0.5815215 0.01287978 0.009963035 0.5815215 0.3760755 0.009963035 0.5815303 0.01733088 0.007927 0.5815303 0.3716243 0.007927 0.5815432 0.01310861 0.08262187 0.5815432 0.3758465 0.08262187 0.5815702 0.0178675 0.1047903 0.5815767 0.0194776 0.00207293 0.5815767 0.3694776 0.00207293 0.5815846 0.3768226 0.1996554 0.5815892 0.011146 0.2 0.5816034 0.01841956 0.002530694 0.5816034 0.3705355 0.002530694 0.5816398 0.01841378 0.002999961 0.5816398 0.01841378 0.006999969 0.5816398 0.3705413 0.002999961 0.5816398 0.3705413 0.006999969 0.5816481 0.01325327 0.08185774 0.5816481 0.3757019 0.08185774 0.581667 0.3769137 0.1997745 0.5816763 0.018408 0.007469296 0.5816763 0.3705471 0.007469296 0.5816769 0.01728326 0.01299995 0.5816769 0.3716718 0.01299995 0.5816867 0.0194776 0.002530694 0.5816867 0.3694776 0.002530694 0.5817017 0.01727521 0.008361935 0.5817017 0.3716799 0.008361935 0.5817236 0.0194776 0.002999961 0.5817236 0.0194776 0.006999969 0.5817236 0.3694776 0.002999961 0.5817236 0.3694776 0.006999969 0.5817502 0.01451778 0.009672999 0.5817502 0.3744373 0.009672999 0.5817605 0.0194776 0.007469296 0.5817605 0.3694776 0.007469296 0.5817616 0.3770184 0.199871 0.5817654 0.0159915 0.009121298 0.5817654 0.3729636 0.009121298 0.5817849 0.01839077 0.007927 0.5817849 0.3705644 0.007927 0.5818157 0.01357847 0.07881534 0.5818157 0.3753767 0.07881534 0.5818435 0.009953081 0.169 0.5818435 0.3790021 0.169 0.5818532 0.01254791 0.00999999 0.5818532 0.3764072 0.00999999 0.5818659 0.3771338 0.1999419 0.5818704 0.0194776 0.007927 0.5818704 0.3694776 0.007927 0.5818963 0.009880363 0.172 0.5818963 0.3790748 0.172 0.5819247 0.01394778 0.0737946 0.5819247 0.3750073 0.0737946 0.5819357 0.01719921 0.008763313 0.5819357 0.3717559 0.008763313 0.581937 0.01836669 0.01299995 0.581937 0.3705884 0.01299995 0.5819628 0.0183627 0.008361935 0.5819628 0.3705925 0.008361935 0.5819736 0.01435548 0.06686973 0.5819736 0.3745996 0.06686973 0.5819756 0.01454681 0.06321996 0.5819756 0.3744083 0.06321996 0.5819768 0.3772565 0.1999854 0.5820244 0.0194776 0.01299995 0.5820244 0.05847758 0.01299995 0.5820244 0.0614776 0.01299995 0.5820244 0.3274776 0.01299995 0.5820244 0.3304776 0.01299995 0.5820244 0.3694776 0.01299995 0.5820505 0.0194776 0.008361935 0.5820505 0.3694776 0.008361935 0.5820842 0.01582896 0.009427011 0.5820842 0.3731262 0.009427011 0.5820872 0.01298028 0.1990299 0.582091 0.3773829 0.2 0.5821018 0.0129671 0.1991997 0.582102 0.01426219 0.009853124 0.582102 0.3746929 0.009853124 0.5821377 0.01293456 0.1993638 0.5821512 0.3759033 0.1990299 0.5821939 0.0128839 0.1995172 0.5822057 0.01832419 0.008763313 0.5822057 0.3706309 0.008763313 0.5822264 0.01710468 0.009121298 0.5822264 0.3718504 0.009121298 0.5822685 0.01281648 0.1996554 0.5822966 0.0194776 0.008763313 0.5822966 0.3694776 0.008763313 0.5823364 0.009274601 0.197 0.5823364 0.3796805 0.197 0.5823596 0.01273417 0.1997745 0.5824419 0.01564681 0.009672999 0.5824419 0.3733083 0.009672999 0.5824643 0.01263946 0.199871 0.5824722 0.01399308 0.009963035 0.5824722 0.374962 0.009963035 0.5824742 0.3755192 0.19903 0.5824896 0.3755315 0.1991997 0.5825077 0.01827627 0.009121298 0.5825077 0.3706789 0.009121298 0.5825274 0.3755617 0.1993638 0.5825668 0.01699411 0.009427011 0.5825668 0.371961 0.009427011 0.5825797 0.01253521 0.1999419 0.5825865 0.3756089 0.1995172 0.5825954 0.3753644 0.19903 0.5825958 0.009683966 0.169 0.5825958 0.3792712 0.169 0.5826022 0.0194776 0.009121298 0.5826022 0.3694776 0.009121298 0.582611 0.3753764 0.1991997 0.582649 -0.004298806 0.00999999 0.582649 -0.004298806 0.01299995 0.582649 -0.004298806 0.169 0.582649 -0.004298806 0.172 0.582649 -0.004298806 0.197 0.582649 -0.004298806 0.2 0.582649 0.3932541 0.00999999 0.582649 0.3932541 0.01299995 0.582649 0.3932541 0.169 0.582649 0.3932541 0.172 0.582649 0.3932541 0.197 0.582649 0.3932541 0.2 0.5826494 0.3754058 0.1993638 0.5826652 0.3756718 0.1996554 0.5826736 0.009606301 0.172 0.5826736 0.3793489 0.172 0.5827024 0.0124244 0.1999854 0.5827094 0.3754518 0.1995172 0.58274 0.08547759 0.1371042 0.58274 0.1034776 0.1371042 0.58274 0.1404776 0.1371042 0.58274 0.2484776 0.1371042 0.58274 0.2854776 0.1371042 0.58274 0.3034777 0.1371042 0.5827425 0.08438247 0.1371903 0.5827425 0.1045726 0.1371903 0.5827425 0.2843825 0.1371903 0.5827425 0.3045727 0.1371903 0.5827428 0.1392261 0.1372026 0.5827428 0.249729 0.1372026 0.5827502 0.08331441 0.1374466 0.5827502 0.1056407 0.1374466 0.5827502 0.2833144 0.1374466 0.5827502 0.3056407 0.1374466 0.5827516 0.1380054 0.1374955 0.5827516 0.2509498 0.1374955 0.582761 0.3757482 0.1997745 0.5827627 0.08229959 0.1378667 0.5827627 0.1066555 0.1378667 0.5827627 0.2822996 0.1378667 0.5827627 0.3066555 0.1378667 0.582766 0.1368456 0.1379757 0.582766 0.2521095 0.1379757 0.58278 0.08136308 0.1384404 0.58278 0.1075921 0.1384404 0.58278 0.2813631 0.1384404 0.58278 0.3075921 0.1384404 0.5827856 0.1357753 0.1386313 0.5827856 0.2531799 0.1386313 0.5827893 0.375513 0.1996554 0.5828012 0.08052778 0.1391535 0.5828012 0.1084273 0.1391535 0.5828012 0.2805278 0.1391535 0.5828012 0.3084273 0.1391535 0.58281 0.1348207 0.1394461 0.58281 0.2541344 0.1394461 0.5828262 0.07981437 0.1399884 0.5828262 0.1091407 0.1399884 0.5828262 0.2798144 0.1399884 0.5828262 0.3091408 0.1399884 0.5828288 0.01231008 0.2 0.5828294 0.01544928 0.009853124 0.5828294 0.3735058 0.009853124 0.5828387 0.1340054 0.1404004 0.5828387 0.2549497 0.1404004 0.582852 0.01371729 0.00999999 0.582852 0.375238 0.00999999 0.5828543 0.0792405 0.1409245 0.5828543 0.1097146 0.1409245 0.5828543 0.2792405 0.1409245 0.5828543 0.3097146 0.1409245 0.5828613 0.01822036 0.009427011 0.5828613 0.3707348 0.009427011 0.5828706 0.1333495 0.1414703 0.5828706 0.2556056 0.1414703 0.5828714 0.3758363 0.199871 0.5828847 0.07882016 0.1419389 0.5828847 0.1101349 0.1419389 0.5828847 0.2788202 0.1419389 0.5828847 0.310135 0.1419389 0.5828867 0.3755877 0.1997745 0.5829054 0.1328691 0.1426295 0.5829054 0.256086 0.1426295 0.5829166 0.07856369 0.1430065 0.5829166 0.1103914 0.1430065 0.5829166 0.2785637 0.1430065 0.5829166 0.3103914 0.1430065 0.582942 0.132576 0.1438497 0.582942 0.2563791 0.1438497 0.5829486 0.01687008 0.009672999 0.5829486 0.372085 0.009672999 0.5829494 0.07847762 0.144101 0.5829494 0.1104776 0.144101 0.5829494 0.2784776 0.144101 0.5829494 0.3104776 0.144101 0.5829603 0.0194776 0.009427011 0.5829603 0.3694776 0.009427011 0.5829795 0.1324776 0.1451006 0.5829795 0.2564776 0.1451006 0.5829929 0.3759334 0.1999419 0.5829988 0.3756736 0.199871 0.5830307 0.01420497 0.19903 0.5830472 0.01419419 0.1991997 0.5830876 0.01416778 0.1993638 0.5831221 0.3757683 0.1999419 0.5831221 0.3760367 0.1999854 0.5831288 0.01435846 0.19903 0.5831455 0.01434808 0.1991997 0.5831509 0.01412636 0.1995172 0.5831865 0.0143224 0.1993638 0.5832352 0.0140714 0.1996555 0.5832374 0.0152415 0.009963035 0.5832374 0.3737136 0.009963035 0.5832482 0.01115286 0.169 0.5832482 0.3778023 0.169 0.5832507 0.01428228 0.1995172 0.583251 0.3743958 0.19903 0.5832535 0.3758689 0.1999854 0.5832554 0.3761429 0.2 0.5832577 0.0181576 0.009672999 0.5832577 0.3707976 0.009672999 0.5832852 0.01461738 0.19903 0.5833118 0.01108926 0.172 0.5833118 0.3778658 0.172 0.5833215 0.008958399 0.197 0.5833215 0.3799967 0.197 0.5833358 0.01422888 0.1996555 0.5833379 0.0140044 0.1997746 0.5833616 0.0194776 0.009672999 0.5833616 0.3694776 0.009672999 0.5833624 0.01673567 0.009853124 0.5833624 0.3722195 0.009853124 0.5833886 0.3759726 0.2 0.5834262 0.3740866 0.19903 0.5834398 0.01416379 0.1997746 0.5834437 0.374096 0.1991999 0.5834561 0.01392716 0.199871 0.5834583 0.1324776 0.1610934 0.5834583 0.2564776 0.1610934 0.583486 0.3741191 0.1993639 0.5834884 0.07847762 0.1620929 0.5834884 0.1104776 0.1620929 0.5834884 0.2784776 0.1620929 0.5834884 0.3104776 0.1620929 0.5834958 0.132576 0.1623443 0.5834958 0.2563791 0.1623443 0.5835211 0.07856369 0.1631875 0.5835211 0.1103914 0.1631875 0.5835211 0.2785637 0.1631875 0.5835211 0.3103914 0.1631875 0.5835325 0.1328691 0.1635644 0.5835325 0.256086 0.1635644 0.5835434 0.3738634 0.19903 0.5835525 0.3741551 0.1995172 0.5835531 0.07882016 0.1642551 0.5835531 0.1101349 0.1642551 0.5835531 0.2788202 0.1642551 0.5835531 0.310135 0.1642551 0.5835595 0.01408886 0.199871 0.5835657 0.015136 0.19903 0.5835672 0.1333495 0.1647237 0.5835672 0.2556056 0.1647237 0.5835834 0.0792405 0.1652695 0.5835834 0.1097146 0.1652695 0.5835834 0.2792405 0.1652695 0.5835834 0.3097146 0.1652695 0.5835865 0.01384216 0.1999419 0.5835992 0.1340054 0.1657935 0.5835992 0.2549497 0.1657935 0.5836116 0.07981437 0.1662056 0.5836116 0.1091407 0.1662056 0.5836116 0.2798144 0.1662056 0.5836116 0.3091408 0.1662056 0.5836277 0.1348207 0.1667477 0.5836277 0.2541344 0.1667477 0.5836364 0.08052778 0.1670405 0.5836364 0.1084273 0.1670405 0.5836364 0.2805278 0.1670405 0.5836364 0.3084273 0.1670405 0.583641 0.3742032 0.1996555 0.5836521 0.1357753 0.1675626 0.5836521 0.2531799 0.1675626 0.5836554 0.01502841 0.00999999 0.5836554 0.3739267 0.00999999 0.5836578 0.08136308 0.1677535 0.5836578 0.1075921 0.1677535 0.5836578 0.2813631 0.1677535 0.5836578 0.3075921 0.1677535 0.5836718 0.1368456 0.1682183 0.5836718 0.2521095 0.1682183 0.583675 0.08229959 0.1683272 0.583675 0.1066555 0.1683272 0.583675 0.2822996 0.1683272 0.583675 0.3066555 0.1683272 0.5836861 0.1380054 0.1686984 0.5836861 0.2509498 0.1686984 0.5836873 0.01808947 0.009853124 0.5836873 0.3708657 0.009853124 0.5836876 0.08331441 0.1687473 0.5836876 0.1056407 0.1687473 0.5836876 0.2833144 0.1687473 0.5836876 0.3056407 0.1687473 0.5836914 0.01400631 0.1999419 0.5836948 0.1392261 0.1689914 0.5836948 0.249729 0.1689914 0.5836954 0.08438247 0.1690037 0.5836954 0.1045726 0.1690037 0.5836954 0.2843825 0.1690037 0.5836954 0.3045727 0.1690037 0.5836978 0.08547759 0.1690898 0.5836978 0.1034776 0.1690898 0.5836978 0.1404776 0.1690898 0.5836978 0.2484776 0.1690898 0.5836978 0.2854776 0.1690898 0.5836978 0.3034777 0.1690898 0.5837249 0.0137518 0.1999854 0.5837489 0.3742615 0.1997746 0.5837796 0.373363 0.1990301 0.5837965 0.0194776 0.009853124 0.5837965 0.3694776 0.009853124 0.5837976 0.01659417 0.009963035 0.5837976 0.372361 0.009963035 0.5838251 0.01569789 0.1990301 0.5838316 0.01391851 0.1999854 0.583834 0.01571887 0.1990301 0.5838412 0.01055991 0.197 0.5838412 0.3783952 0.197 0.5838522 0.01571118 0.1991999 0.5838676 0.0136587 0.2 0.583873 0.3743288 0.199871 0.5838967 0.01569247 0.1993639 0.5839666 0.0156632 0.1995172 0.5839759 0.01382809 0.2 0.5839783 0.3728726 0.1990301 0.5840098 0.374403 0.1999419 0.5840495 0.3726763 0.1990301 0.5840592 0.01562416 0.1996555 0.5840681 0.3726828 0.1991999 0.584113 0.3724893 0.1990301 0.5841137 0.3726988 0.1993639 0.5841316 0.3724954 0.1991999 0.5841394 0.01801788 0.009963035 0.5841394 0.3709372 0.009963035 0.5841552 0.3744818 0.1999854 0.5841701 0.3723088 0.1990301 0.5841724 0.0155766 0.1997746 0.5841776 0.3725105 0.1993639 0.5841851 0.3727238 0.1995173 0.5842415 0.01688981 0.1990301 0.584244 0.01644921 0.00999999 0.584244 0.3725059 0.00999999 0.5842494 0.372534 0.1995173 0.5842542 0.0194776 0.009963035 0.5842542 0.3694776 0.009963035 0.58428 0.3727571 0.1996555 0.5843026 0.01552188 0.199871 0.5843049 0.374563 0.2 0.5843152 0.0171712 0.1990301 0.5843192 0.3717677 0.1990301 0.5843344 0.01716649 0.1991999 0.5843451 0.3725655 0.1996555 0.5843611 0.0173664 0.1990301 0.5843805 0.01736211 0.1991999 0.5843814 0.01715499 0.1993639 0.5843906 0.0175026 0.1990301 0.584396 0.3727976 0.1997746 0.5844277 0.01735156 0.1993639 0.5844402 0.371198 0.1990301 0.584446 0.01546156 0.1999419 0.5844481 0.01255756 0.169 0.5844481 0.3763975 0.169 0.5844548 0.01713687 0.1995173 0.5844616 0.3726037 0.1997746 0.584472 0.3710128 0.1990301 0.5844846 0.0180239 0.19903 0.5844913 0.3710159 0.1991999 0.5845015 0.01733499 0.1995173 0.5845208 0.01250481 0.172 0.5845208 0.3764503 0.172 0.5845224 0.370657 0.19903 0.5845291 0.3728443 0.199871 0.5845391 0.3710236 0.1993639 0.5845471 0.01851975 0.19903 0.5845525 0.01711279 0.1996555 0.5845689 0.3701829 0.19903 0.5845757 0.0188694 0.19903 0.5845912 0.3697319 0.19903 0.5845946 0.0194776 0.1990299 0.5845946 0.021649 0.1990299 0.5845946 0.02390128 0.1990299 0.5845946 0.02594017 0.1990299 0.5845946 0.0275067 0.1990299 0.5845946 0.0280255 0.1990299 0.5845946 0.03046071 0.1990299 0.5845946 0.03359687 0.1990299 0.5845946 0.03769332 0.1990299 0.5845946 0.04304271 0.1990299 0.5845946 0.04953587 0.1990299 0.5845946 0.0566287 0.1990299 0.5845946 0.0596233 0.1990299 0.5845946 0.06433337 0.1990299 0.5845946 0.07265508 0.1990299 0.5845946 0.08159577 0.1990299 0.5845946 0.09115588 0.1990299 0.5845946 0.101335 0.1990299 0.5845946 0.1121328 0.1990299 0.5845946 0.1235487 0.1990299 0.5845946 0.1880897 0.1990299 0.5845946 0.3117252 0.1990299 0.5845946 0.3642233 0.1990299 0.5845946 0.3660507 0.1990299 0.5845946 0.3694776 0.1990299 0.5845952 0.0188682 0.1991997 0.5845958 0.3726477 0.199871 0.5845983 0.01539748 0.1999854 0.5845996 0.017313 0.1996555 0.584603 0.01794451 0.00999999 0.584603 0.3710106 0.00999999 0.5846138 0.3710356 0.1995172 0.5846142 0.0194776 0.1991997 0.5846142 0.0275067 0.1991997 0.5846142 0.0596233 0.1991997 0.5846142 0.1880897 0.1991997 0.5846142 0.3694776 0.1991997 0.5846436 0.0188651 0.1993638 0.5846625 0.0194776 0.1993638 0.5846625 0.0275067 0.1993638 0.5846625 0.0596233 0.1993638 0.5846625 0.1880897 0.1993638 0.5846625 0.3694776 0.1993638 0.5846716 0.01708346 0.1997746 0.584676 0.3728957 0.1999419 0.5847131 0.3710516 0.1996555 0.5847172 0.01180529 0.169 0.5847172 0.3771498 0.169 0.584719 0.01886039 0.1995172 0.5847193 0.01728618 0.1997746 0.5847235 0.0194776 0.00999999 0.5847235 0.3694776 0.00999999 0.5847383 0.0194776 0.1995172 0.5847383 0.0275067 0.1995172 0.5847383 0.0596233 0.1995172 0.5847383 0.1880897 0.1995172 0.5847383 0.3694776 0.1995172 0.5847436 0.3726961 0.1999419 0.5847554 0.01533138 0.2 0.5847948 0.01172757 0.172 0.5847948 0.3772276 0.172 0.5848087 0.01704967 0.199871 0.5848194 0.01885408 0.1996555 0.584832 0.3729504 0.1999854 0.5848342 0.3710711 0.1997746 0.5848388 0.0194776 0.1996554 0.5848388 0.0275067 0.1996554 0.5848388 0.0596233 0.1996554 0.5848388 0.1880897 0.1996554 0.5848388 0.3694776 0.1996554 0.5848571 0.0172553 0.199871 0.5849008 0.3727477 0.1999854 0.5849418 0.01884639 0.1997746 0.5849598 0.01701247 0.1999419 0.5849615 0.0194776 0.1997745 0.5849615 0.0275067 0.1997745 0.5849615 0.0596233 0.1997745 0.5849615 0.1880897 0.1997745 0.5849615 0.3694776 0.1997745 0.5849736 0.3710935 0.199871 0.5849928 0.3730067 0.2 0.5850089 0.01722127 0.1999419 0.5850626 0.3728008 0.2 0.5850828 0.01883751 0.199871 0.5851027 0.0194776 0.199871 0.5851027 0.0275067 0.199871 0.5851027 0.0596233 0.199871 0.5851027 0.1880897 0.199871 0.5851027 0.3694776 0.199871 0.5851204 0.01697301 0.1999854 0.5851265 0.01206469 0.197 0.5851265 0.3768904 0.197 0.5851274 0.3711183 0.1999419 0.5851702 0.01718509 0.1999854 0.585238 0.01882779 0.1999419 0.5852583 0.0194776 0.1999419 0.5852583 0.0275067 0.1999419 0.5852583 0.0596233 0.1999419 0.5852583 0.1880897 0.1999419 0.5852583 0.3694776 0.1999419 0.5852859 0.0169323 0.2 0.5852906 0.3711445 0.1999854 0.5853365 0.01714777 0.2 0.5854032 0.01881736 0.1999854 0.5854133 0.01413279 0.169 0.5854133 0.3748223 0.169 0.5854237 0.0194776 0.1999854 0.5854237 0.0275067 0.1999854 0.5854237 0.0596233 0.1999854 0.5854237 0.1880897 0.1999854 0.5854237 0.3694776 0.1999854 0.5854429 0.01107966 0.197 0.5854429 0.3778755 0.197 0.5854587 0.3711716 0.2 0.5854935 0.01409196 0.172 0.5854935 0.3748632 0.172 0.5855731 0.01880669 0.2 0.5855941 0.0194776 0.2 0.5855941 0.0275067 0.2 0.5855941 0.0596233 0.2 0.5855941 0.1880897 0.2 0.5855941 0.3694776 0.2 0.5856189 0.1404776 0.1330161 0.5856189 0.2484776 0.1330161 0.5856232 0.1386003 0.1331638 0.5856232 0.2503548 0.1331638 0.5856364 0.1367694 0.1336032 0.5856364 0.2521858 0.1336032 0.5856547 0.08547759 0.1342156 0.5856547 0.1034776 0.1342156 0.5856547 0.2854776 0.1342156 0.5856547 0.3034777 0.1342156 0.585658 0.1350297 0.1343235 0.585658 0.2539255 0.1343235 0.5856583 0.08394449 0.1343362 0.5856583 0.1050106 0.1343362 0.5856583 0.2839446 0.1343362 0.5856583 0.3050106 0.1343362 0.5856691 0.08244919 0.1346949 0.5856691 0.1065059 0.1346949 0.5856691 0.2824493 0.1346949 0.5856691 0.3065059 0.1346949 0.5856868 0.08102852 0.1352832 0.5856868 0.1079267 0.1352832 0.5856868 0.2810285 0.1352832 0.5856868 0.3079266 0.1352832 0.5856874 0.1334241 0.1353068 0.5856874 0.255531 0.1353068 0.5857108 0.07971727 0.1360864 0.5857108 0.1092379 0.1360864 0.5857108 0.2797173 0.1360864 0.5857108 0.3092379 0.1360864 0.585724 0.1319923 0.1365293 0.585724 0.2569628 0.1365293 0.5857406 0.07854789 0.1370847 0.5857406 0.1104072 0.1370847 0.5857406 0.278548 0.1370847 0.5857406 0.3104072 0.1370847 0.5857669 0.1307694 0.1379605 0.5857669 0.2581858 0.1379605 0.5857756 0.07754921 0.1382535 0.5857756 0.1114059 0.1382535 0.5857756 0.2775492 0.1382535 0.5857756 0.3114059 0.1382535 0.585815 0.07674568 0.139564 0.585815 0.1122094 0.139564 0.585815 0.2767457 0.139564 0.585815 0.3122094 0.139564 0.585815 0.1297855 0.1395653 0.585815 0.2591696 0.1395653 0.5858575 0.07615721 0.1409842 0.5858575 0.1127979 0.1409842 0.5858575 0.2761572 0.1409842 0.5858575 0.3127979 0.1409842 0.585867 0.1290649 0.1413041 0.585867 0.2598902 0.1413041 0.5859022 0.07579821 0.1424788 0.5859022 0.1131569 0.1424788 0.5859022 0.2757982 0.1424788 0.5859022 0.3131569 0.1424788 0.5859218 0.1286253 0.1431344 0.5859218 0.2603299 0.1431344 0.5859481 0.07567757 0.1440111 0.5859481 0.1132776 0.1440111 0.5859481 0.2756776 0.1440111 0.5859481 0.3132776 0.1440111 0.585978 0.1284776 0.1450108 0.585978 0.2604776 0.1450108 0.5861203 0.01583951 0.169 0.5861203 0.3731156 0.169 0.5861606 0.0137521 0.197 0.5861606 0.375203 0.197 0.5862057 0.0158118 0.172 0.5862057 0.3731434 0.172 0.5862733 -0.002797544 0.00999999 0.5862733 -0.002797544 0.01299995 0.5862733 -0.002797544 0.169 0.5862733 -0.002797544 0.172 0.5862733 -0.002797544 0.197 0.5862733 -0.002797544 0.2 0.5862733 0.3917527 0.00999999 0.5862733 0.3917527 0.01299995 0.5862733 0.3917527 0.169 0.5862733 0.3917527 0.172 0.5862733 0.3917527 0.197 0.5862733 0.3917527 0.2 0.586457 0.1284776 0.1610036 0.586457 0.2604776 0.1610036 0.5864869 0.07567757 0.162003 0.5864869 0.1132776 0.162003 0.5864869 0.2756776 0.162003 0.5864869 0.3132776 0.162003 0.5865128 0.1286228 0.1628643 0.5865128 0.2603324 0.1628643 0.5865339 0.07580417 0.163573 0.5865339 0.1131509 0.163573 0.5865339 0.2758042 0.163573 0.5865339 0.313151 0.163573 0.5865516 0.01763588 0.169 0.5865516 0.3713193 0.169 0.5865671 0.1290551 0.1646799 0.5865671 0.2599 0.1646799 0.5865797 0.07618099 0.1651023 0.5865797 0.1127742 0.1651023 0.5865797 0.2761811 0.1651023 0.5865797 0.3127743 0.1651023 0.5866189 0.1297639 0.1664065 0.5866189 0.2591912 0.1664065 0.5866231 0.07679802 0.1665514 0.5866231 0.1121571 0.1665514 0.5866231 0.276798 0.1665514 0.5866231 0.3121571 0.1665514 0.5866403 0.01762181 0.172 0.5866403 0.3713333 0.172 0.5866543 0.08547759 0.1341857 0.5866543 0.1034776 0.1341857 0.5866543 0.2854776 0.1341857 0.5866543 0.3034777 0.1341857 0.5866578 0.08394449 0.1343063 0.5866578 0.1050106 0.1343063 0.5866578 0.2839446 0.1343063 0.5866578 0.3050106 0.1343063 0.586663 0.0776394 0.167883 0.586663 0.1113157 0.167883 0.586663 0.2776394 0.167883 0.586663 0.3113157 0.167883 0.5866667 0.1307321 0.1680024 0.5866667 0.258223 0.1680024 0.5866687 0.08244919 0.1346651 0.5866687 0.1065059 0.1346651 0.5866687 0.2824493 0.1346651 0.5866687 0.3065059 0.1346651 0.5866863 0.08102852 0.1352533 0.5866863 0.1079267 0.1352533 0.5866863 0.2810285 0.1352533 0.5866863 0.3079266 0.1352533 0.5866965 0.0194776 0.169 0.5866965 0.05847758 0.169 0.5866965 0.0614776 0.169 0.5866965 0.078619 0.169 0.5866965 0.1103361 0.169 0.5866965 0.1315333 0.169 0.5866965 0.2574218 0.169 0.5866965 0.278619 0.169 0.5866965 0.3103361 0.169 0.5866965 0.3274776 0.169 0.5866965 0.3304776 0.169 0.5866965 0.3694776 0.169 0.5867103 0.07971727 0.1360565 0.5867103 0.1092379 0.1360565 0.5867103 0.2797173 0.1360565 0.5867103 0.3092379 0.1360565 0.586738 0.08547759 0.1369844 0.586738 0.1034776 0.1369844 0.586738 0.2854776 0.1369844 0.586738 0.3034777 0.1369844 0.5867402 0.07854789 0.1370547 0.5867402 0.1104072 0.1370547 0.5867402 0.278548 0.1370547 0.5867402 0.3104072 0.1370547 0.5867407 0.08438247 0.1370705 0.5867407 0.1045726 0.1370705 0.5867407 0.2843825 0.1370705 0.5867407 0.3045727 0.1370705 0.5867484 0.08331441 0.1373268 0.5867484 0.1056407 0.1373268 0.5867484 0.2833144 0.1373268 0.5867484 0.3056407 0.1373268 0.5867609 0.08229959 0.137747 0.5867609 0.1066555 0.137747 0.5867609 0.2822996 0.137747 0.5867609 0.3066555 0.137747 0.5867753 0.07754921 0.1382236 0.5867753 0.1114059 0.1382236 0.5867753 0.2775492 0.1382236 0.5867753 0.3114059 0.1382236 0.5867781 0.08136308 0.1383207 0.5867781 0.1075921 0.1383207 0.5867781 0.2813631 0.1383207 0.5867781 0.3075921 0.1383207 0.5867863 0.0194776 0.172 0.5867863 0.05847758 0.172 0.5867863 0.0614776 0.172 0.5867863 0.1356848 0.172 0.5867863 0.2532703 0.172 0.5867863 0.3274776 0.172 0.5867863 0.3304776 0.172 0.5867863 0.3694776 0.172 0.5867995 0.08052778 0.1390337 0.5867995 0.1084273 0.1390337 0.5867995 0.2805278 0.1390337 0.5867995 0.3084273 0.1390337 0.5868027 0.1372127 0.1725457 0.5868027 0.2517424 0.1725457 0.5868129 0.1388295 0.1728846 0.5868129 0.2501257 0.1728846 0.5868145 0.07674568 0.1395342 0.5868145 0.1122094 0.1395342 0.5868145 0.2767457 0.1395342 0.5868145 0.3122094 0.1395342 0.5868163 0.1404776 0.1729982 0.5868163 0.2484776 0.1729982 0.5868245 0.07981437 0.1398686 0.5868245 0.1091407 0.1398686 0.5868245 0.2798144 0.1398686 0.5868245 0.3091408 0.1398686 0.5868526 0.0792405 0.1408047 0.5868526 0.1097146 0.1408047 0.5868526 0.2792405 0.1408047 0.5868526 0.3097146 0.1408047 0.5868569 0.07615721 0.1409543 0.5868569 0.1127979 0.1409543 0.5868569 0.2761572 0.1409543 0.5868569 0.3127979 0.1409543 0.586883 0.07882016 0.1418191 0.586883 0.1101349 0.1418191 0.586883 0.2788202 0.1418191 0.586883 0.310135 0.1418191 0.5869017 0.07579821 0.1424489 0.5869017 0.1131569 0.1424489 0.5869017 0.2757982 0.1424489 0.5869017 0.3131569 0.1424489 0.5869149 0.07856369 0.1428866 0.5869149 0.1103914 0.1428866 0.5869149 0.2785637 0.1428866 0.5869149 0.3103914 0.1428866 0.5869178 0.01558041 0.197 0.5869178 0.3733747 0.197 0.5869476 0.07567757 0.1439813 0.5869476 0.07847762 0.1439813 0.5869476 0.1104776 0.1439813 0.5869476 0.1132776 0.1439813 0.5869476 0.2756776 0.1439813 0.5869476 0.2784776 0.1439813 0.5869476 0.3104776 0.1439813 0.5869476 0.3132776 0.1439813 0.5871797 0.1294776 0.172 0.5871797 0.1294776 0.1851339 0.5871797 0.1324776 0.172 0.5871797 0.1324776 0.1851339 0.5871797 0.2564776 0.172 0.5871797 0.2564776 0.1851339 0.5871797 0.2594776 0.172 0.5871797 0.2594776 0.1851339 0.5873798 0.01750469 0.197 0.5873798 0.3714504 0.197 0.5874865 0.07567757 0.1619732 0.5874865 0.07847762 0.1619732 0.5874865 0.1104776 0.1619732 0.5874865 0.1132776 0.1619732 0.5874865 0.2756776 0.1619732 0.5874865 0.2784776 0.1619732 0.5874865 0.3104776 0.1619732 0.5874865 0.3132776 0.1619732 0.5875192 0.07856369 0.1630678 0.5875192 0.1103914 0.1630678 0.5875192 0.2785637 0.1630678 0.5875192 0.3103914 0.1630678 0.5875335 0.07580417 0.1635431 0.5875335 0.1131509 0.1635431 0.5875335 0.2758042 0.1635431 0.5875335 0.313151 0.1635431 0.587535 0.0194776 0.197 0.587535 0.05847758 0.197 0.587535 0.0614776 0.197 0.587535 0.1294776 0.197 0.587535 0.1324776 0.197 0.587535 0.2564776 0.197 0.587535 0.2594776 0.197 0.587535 0.3274776 0.197 0.587535 0.3304776 0.197 0.587535 0.3694776 0.197 0.5875512 0.07882016 0.1641353 0.5875512 0.1101349 0.1641353 0.5875512 0.2788202 0.1641353 0.5875512 0.310135 0.1641353 0.5875793 0.07618099 0.1650723 0.5875793 0.1127742 0.1650723 0.5875793 0.2761811 0.1650723 0.5875793 0.3127743 0.1650723 0.5875816 0.0792405 0.1651497 0.5875816 0.1097146 0.1651497 0.5875816 0.2792405 0.1651497 0.5875816 0.3097146 0.1651497 0.5876097 0.07981437 0.1660858 0.5876097 0.1091407 0.1660858 0.5876097 0.2798144 0.1660858 0.5876097 0.3091408 0.1660858 0.5876227 0.07679802 0.1665215 0.5876227 0.1121571 0.1665215 0.5876227 0.276798 0.1665215 0.5876227 0.3121571 0.1665215 0.5876348 0.08052778 0.1669207 0.5876348 0.1084273 0.1669207 0.5876348 0.2805278 0.1669207 0.5876348 0.3084273 0.1669207 0.587656 0.08136308 0.1676338 0.587656 0.1075921 0.1676338 0.587656 0.2813631 0.1676338 0.587656 0.3075921 0.1676338 0.5876625 0.0776394 0.1678531 0.5876625 0.1113157 0.1678531 0.5876625 0.2776394 0.1678531 0.5876625 0.3113157 0.1678531 0.5876733 0.08229959 0.1682075 0.5876733 0.1066555 0.1682075 0.5876733 0.2822996 0.1682075 0.5876733 0.3066555 0.1682075 0.5876858 0.08331441 0.1686276 0.5876858 0.1056407 0.1686276 0.5876858 0.2833144 0.1686276 0.5876858 0.3056407 0.1686276 0.5876935 0.08438247 0.1688839 0.5876935 0.1045726 0.1688839 0.5876935 0.2843825 0.1688839 0.5876935 0.3045727 0.1688839 0.5876961 0.08547759 0.1689701 0.5876961 0.1034776 0.1689701 0.5876961 0.2854776 0.1689701 0.5876961 0.3034777 0.1689701 0.5876969 0.07864969 0.169 0.5876969 0.1103054 0.169 0.5876969 0.2786498 0.169 0.5876969 0.3103054 0.169 0.5883677 0.1404776 0.1329337 0.5883677 0.2484776 0.1329337 0.5884135 0.1386003 0.1330802 0.5884135 0.2503548 0.1330802 0.5885505 0.1367694 0.1335158 0.5885505 0.2521858 0.1335158 0.5887748 0.1350297 0.1342301 0.5887748 0.2539255 0.1342301 0.589081 0.1334241 0.1352053 0.589081 0.255531 0.1352053 0.5894618 0.1319923 0.1364173 0.5894618 0.2569628 0.1364173 0.5896129 0.1404776 0.1368983 0.5896129 0.2484776 0.1368983 0.5896182 -7.47845e-4 0.00999999 0.5896182 -7.47845e-4 0.01299995 0.5896182 -7.47845e-4 0.169 0.5896182 -7.47845e-4 0.172 0.5896182 -7.47845e-4 0.197 0.5896182 -7.47845e-4 0.2 0.5896182 0.389703 0.00999999 0.5896182 0.389703 0.01299995 0.5896182 0.389703 0.169 0.5896182 0.389703 0.172 0.5896182 0.389703 0.197 0.5896182 0.389703 0.2 0.5896435 0.1392261 0.1369959 0.5896435 0.249729 0.1369959 0.5897349 0.1380054 0.1372864 0.5897349 0.2509498 0.1372864 0.5898844 0.1368456 0.1377625 0.5898844 0.2521095 0.1377625 0.5899075 0.1307694 0.1378365 0.5899075 0.2581858 0.1378365 0.5900886 0.1357753 0.1384125 0.5900886 0.2531799 0.1384125 0.5903424 0.1348207 0.1392207 0.5903424 0.2541344 0.1392207 0.5904074 0.1297855 0.1394278 0.5904074 0.2591696 0.1394278 0.5906395 0.1340054 0.1401668 0.5906395 0.2549497 0.1401668 0.590949 0.1290649 0.141152 0.590949 0.2598902 0.141152 0.5909727 0.1333495 0.1412276 0.5909727 0.2556056 0.1412276 0.5913338 0.1328691 0.1423771 0.5913338 0.256086 0.1423771 0.5915088 7.7109e-4 0.01299995 0.5915088 7.7109e-4 0.169 0.5915088 7.7109e-4 0.172 0.5915088 7.7109e-4 0.197 0.5915088 0.388184 0.01299995 0.5915088 0.388184 0.169 0.5915088 0.388184 0.172 0.5915088 0.388184 0.197 0.591519 0.1286253 0.1429668 0.591519 0.2603299 0.1429668 0.5917139 0.132576 0.1435869 0.5917139 0.2563791 0.1435869 0.5921034 0.1284776 0.1448273 0.5921034 0.1324776 0.1448273 0.5921034 0.2564776 0.1448273 0.5921034 0.2604776 0.1448273 0.5926012 0.001799881 0.00999999 0.5926012 0.001799881 0.01299995 0.5926012 0.001799881 0.169 0.5926012 0.001799881 0.172 0.5926012 0.001799881 0.197 0.5926012 0.001799881 0.2 0.5926012 0.3871552 0.00999999 0.5926012 0.3871552 0.01299995 0.5926012 0.3871552 0.169 0.5926012 0.3871552 0.172 0.5926012 0.3871552 0.197 0.5926012 0.3871552 0.2 0.59363 0.002892374 0.01299995 0.59363 0.002892374 0.169 0.59363 0.002892374 0.172 0.59363 0.002892374 0.197 0.59363 0.3860628 0.01299995 0.59363 0.3860628 0.169 0.59363 0.3860628 0.172 0.59363 0.3860628 0.197 0.5936752 0.1361892 0.172 0.5936752 0.252766 0.172 0.5951489 0.004782915 0.00999999 0.5951489 0.004782915 0.01299995 0.5951489 0.004782915 0.169 0.5951489 0.004782915 0.172 0.5951489 0.004782915 0.197 0.5951489 0.004782915 0.2 0.5951489 0.3841722 0.00999999 0.5951489 0.3841722 0.01299995 0.5951489 0.3841722 0.169 0.5951489 0.3841722 0.172 0.5951489 0.3841722 0.197 0.5951489 0.3841722 0.2 0.5970847 0.1284776 0.1606853 0.5970847 0.1324776 0.1606853 0.5970847 0.2564776 0.1606853 0.5970847 0.2604776 0.1606853 0.5971987 0.008127808 0.00999999 0.5971987 0.008127808 0.01299995 0.5971987 0.008127808 0.169 0.5971987 0.008127808 0.172 0.5971987 0.008127808 0.197 0.5971987 0.008127808 0.2 0.5971987 0.3808273 0.00999999 0.5971987 0.3808273 0.01299995 0.5971987 0.3808273 0.169 0.5971987 0.3808273 0.172 0.5971987 0.3808273 0.197 0.5971987 0.3808273 0.2 0.5974743 0.132576 0.1619257 0.5974743 0.2563791 0.1619257 0.5976642 0.1286228 0.1625303 0.5976642 0.2603324 0.1625303 0.5978543 0.1328691 0.1631355 0.5978543 0.256086 0.1631355 0.5982154 0.1333495 0.164285 0.5982154 0.2556056 0.164285 0.5982297 0.1290551 0.1643306 0.5982297 0.2599 0.1643306 0.5985487 0.1340054 0.1653458 0.5985487 0.2549497 0.1653458 0.5987 0.01175206 0.00999999 0.5987 0.01175206 0.01299995 0.5987 0.01175206 0.169 0.5987 0.01175206 0.172 0.5987 0.01175206 0.197 0.5987 0.01175206 0.2 0.5987 0.3772031 0.00999999 0.5987 0.3772031 0.01299995 0.5987 0.3772031 0.169 0.5987 0.3772031 0.172 0.5987 0.3772031 0.197 0.5987 0.3772031 0.2 0.5987675 0.1297639 0.1660427 0.5987675 0.2591912 0.1660427 0.5988458 0.1348207 0.1662919 0.5988458 0.2541344 0.1662919 0.5990996 0.1357753 0.1671 0.5990996 0.2531799 0.1671 0.5992645 0.1307321 0.1676251 0.5992645 0.258223 0.1676251 0.5993039 0.1368456 0.1677501 0.5993039 0.2521095 0.1677501 0.5994533 0.1380054 0.1682262 0.5994533 0.2509498 0.1682262 0.5995447 0.1392261 0.1685166 0.5995447 0.249729 0.1685166 0.5995752 0.1404776 0.1686143 0.5995752 0.2484776 0.1686143 0.5996158 0.0155667 0.00999999 0.5996158 0.0155667 0.01299995 0.5996158 0.0155667 0.169 0.5996158 0.0155667 0.172 0.5996158 0.0155667 0.197 0.5996158 0.0155667 0.2 0.5996158 0.3733884 0.00999999 0.5996158 0.3733884 0.01299995 0.5996158 0.3733884 0.169 0.5996158 0.3733884 0.172 0.5996158 0.3733884 0.197 0.5996158 0.3733884 0.2 0.5996964 0.1284776 0.169 0.5996964 0.1318972 0.169 0.5996964 0.2570579 0.169 0.5996964 0.2604776 0.169 0.599703 0.1284776 0.1690208 0.599703 0.2604776 0.1690208 0.5997921 0.1367023 0.172 0.5997921 0.2522528 0.172 0.5997968 0.1372127 0.1721566 0.5997968 0.2517424 0.1721566 0.599807 0.1388295 0.1724954 0.599807 0.2501257 0.1724954 0.5998104 0.1404776 0.172609 0.5998104 0.2484776 0.172609 0.5999236 0.0194776 0.00999999 0.5999236 0.0194776 0.01299995 0.5999236 0.0194776 0.169 0.5999236 0.0194776 0.172 0.5999236 0.0194776 0.197 0.5999236 0.0194776 0.2 0.5999236 0.05847758 0.01299995 0.5999236 0.05847758 0.169 0.5999236 0.05847758 0.172 0.5999236 0.05847758 0.197 0.5999236 0.0614776 0.01299995 0.5999236 0.0614776 0.169 0.5999236 0.0614776 0.172 0.5999236 0.0614776 0.197 0.5999236 0.1284776 0.169 0.5999236 0.1284776 0.1690145 0.5999236 0.1294776 0.172 0.5999236 0.1294776 0.197 0.5999236 0.1324776 0.172 0.5999236 0.1324776 0.197 0.5999236 0.2564776 0.172 0.5999236 0.2564776 0.197 0.5999236 0.2594776 0.172 0.5999236 0.2594776 0.197 0.5999236 0.2604776 0.169 0.5999236 0.2604776 0.1690145 0.5999236 0.3274776 0.01299995 0.5999236 0.3274776 0.169 0.5999236 0.3274776 0.172 0.5999236 0.3274776 0.197 0.5999236 0.3304776 0.01299995 0.5999236 0.3304776 0.169 0.5999236 0.3304776 0.172 0.5999236 0.3304776 0.197 0.5999236 0.3694776 0.00999999 0.5999236 0.3694776 0.01299995 0.5999236 0.3694776 0.169 0.5999236 0.3694776 0.172 0.5999236 0.3694776 0.197 0.5999236 0.3694776 0.2</float_array>
          <technique_common>
            <accessor source="#User_Library_E2_type_stacking_enclosure-mesh-positions-array" count="6510" stride="3">
              <param name="X" type="float"/>
              <param name="Y" type="float"/>
              <param name="Z" type="float"/>
            </accessor>
          </technique_common>
        </source>
        <source id="User_Library_E2_type_stacking_enclosure-mesh-normals">
          <float_array id="User_Library_E2_type_stacking_enclosure-mesh-normals-array" count="34863">1.2674e-6 0 -1 -1.04747e-5 0 -1 0 0 -1 -1.20312e-6 0 -1 2.71549e-5 0 -1 1.20312e-6 0 -1 1.68986e-6 0 -1 -0.02986061 -0.07424223 0.9967931 -0.02985972 -0.07421857 0.9967949 -0.02916413 -0.2256115 0.9737808 -0.02917277 -0.2256181 0.973779 -0.02774298 -0.3761376 0.9261484 -0.0277338 -0.3761464 0.9261452 -0.0256198 -0.5172647 0.8554421 -0.02560746 -0.5173169 0.8554108 -0.02284997 -0.6455449 0.7633805 -0.02287155 -0.6454802 0.7634345 -0.01954448 -0.7576322 0.6523891 -0.0195347 -0.7576453 0.6523742 -0.01572334 -0.8509017 0.5250896 -0.01572006 -0.8509104 0.5250756 -0.01151698 -0.9229871 0.3846587 -0.01152157 -0.9229679 0.3847045 -0.007030665 -0.972028 0.2347598 -0.007029414 -0.9720294 0.2347542 -0.002362132 -0.9968811 0.07888221 -0.002362728 -0.9968801 0.07889539 0 -1 0 0.002348124 -0.9969198 -0.07839304 0.002347767 -0.9969189 -0.07840526 0.006989657 -0.9723515 -0.2334179 0.006990015 -0.9723584 -0.2333891 0.01145303 -0.9238967 -0.3824706 0.01145541 -0.9238971 -0.3824698 0.01564157 -0.8526196 -0.522298 0.01564502 -0.8526214 -0.5222948 0.0194438 -0.7604014 -0.6491624 0.01944249 -0.7604071 -0.6491557 0.02276432 -0.6494529 -0.7600611 0.02275955 -0.6495067 -0.7600153 0.02552235 -0.5225324 -0.8522374 0.02552509 -0.5224916 -0.8522623 0.02765971 -0.3826246 -0.9234898 0.02765637 -0.3826534 -0.923478 0.02910727 -0.2334902 -0.9719235 0.02911102 -0.2334675 -0.9719288 0.02984434 -0.0784257 -0.9964731 0.02984207 -0.07844996 -0.9964714 0.02993643 0 -0.9995519 0.02993428 0 -0.999552 0.02984154 0.07842469 -0.9964733 0.02984654 0.07844364 -0.9964717 0.02911156 0.2334971 -0.9719216 0.0291081 0.2334711 -0.971928 0.02765613 0.3826199 -0.9234918 0.02766001 0.3826583 -0.9234758 0.02552402 0.5225467 -0.8522285 0.025523 0.5225301 -0.8522388 0.02276158 0.6494317 -0.7600793 0.0227639 0.6494447 -0.7600681 0.01944452 0.7603925 -0.6491727 0.01944297 0.760404 -0.6491594 0.01564246 0.8526577 -0.5222358 0.0156421 0.8526391 -0.5222662 0.01145648 0.9238878 -0.3824923 0.01145392 0.9238743 -0.382525 0.006989121 0.9723588 -0.2333874 0.006989359 0.9723601 -0.2333821 0.002346396 0.9969228 -0.07835495 0.002346575 0.9969222 -0.07836347 0 1 1.06744e-6 0 1 0 -0.002347111 0.9969216 0.07837009 -0.00234729 0.9969238 0.07834309 -0.006990969 0.9723632 0.2333692 -0.00698924 0.9723609 0.2333782 -0.01145613 0.9238751 0.3825226 -0.0114578 0.9238819 0.3825063 -0.0156424 0.8526632 0.5222268 -0.01563954 0.852629 0.5222829 -0.01943725 0.760408 0.6491548 -0.01943612 0.7604086 0.6491541 -0.02275413 0.6494323 0.7600789 -0.02276009 0.6494601 0.760055 -0.02552634 0.5224972 0.8522588 -0.02552407 0.5225199 0.852245 -0.02765846 0.3826983 0.9234594 -0.02764981 0.3826603 0.9234753 -0.02910923 0.2334188 0.9719405 -0.02911388 0.2334708 0.971928 -0.02985024 0.07842403 0.9964731 -0.02985262 0.07843238 0.9964724 -0.0299406 0 0.9995517 -0.02994561 0 0.9995515 0 1 -2.3746e-6 0.0298326 -0.07847023 -0.99647 0.02986353 -0.07844293 -0.9964712 0.02911865 -0.2334654 -0.971929 0.02912223 -0.2334647 -0.9719291 0.02766293 -0.3826984 -0.9234591 0.02767246 -0.3826796 -0.9234666 0.02554136 -0.5224656 -0.8522778 0.02551513 -0.5225021 -0.8522562 0.02275323 -0.6494735 -0.7600437 0.02277469 -0.6494398 -0.760072 0.01945078 -0.760404 -0.649159 0.01944637 -0.7604267 -0.6491327 0.01564091 -0.8526363 -0.5222707 0.01563894 -0.8526355 -0.5222723 0.01145267 -0.9238792 -0.3825129 0.0114547 -0.9238722 -0.3825297 0.006990194 -0.9723696 -0.2333421 0.006985604 -0.9723691 -0.2333442 0.002347111 -0.9969195 -0.07839804 0.00234878 -0.9969185 -0.07840985 0.0299285 0 -0.9995521 0.02992224 0 -0.9995523 0.002348959 0.9969172 -0.07842677 0.002348899 0.9969165 -0.0784344 0.006988406 0.9723581 -0.23339 0.006988525 0.9723652 -0.2333607 0.01145309 0.9238834 -0.3825029 0.01145297 0.9238812 -0.3825081 0.01563602 0.8526432 -0.5222595 0.01564073 0.8526411 -0.5222631 0.01944655 0.7604073 -0.6491553 0.01945012 0.7604089 -0.6491532 0.02277398 0.6494667 -0.760049 0.02275365 0.6494349 -0.7600768 0.02551639 0.5224792 -0.8522702 0.02553611 0.5225127 -0.852249 0.02767384 0.3827096 -0.9234542 0.02766388 0.3827 -0.9234585 0.02911514 0.2334511 -0.9719326 0.02912843 0.2334545 -0.9719313 0.02985441 0.07847446 -0.9964691 0.02983367 0.07844614 -0.996472 -0.02144366 0.7660629 0.6424078 -0.01874029 0.7798104 0.6257353 -0.01552265 0.8550616 0.5182941 -0.01551878 0.8550636 0.5182909 -0.01136326 0.9251359 0.3794662 -0.01136499 0.9251407 0.3794541 -0.00693202 0.9728234 0.2314446 -0.006931245 0.9728311 0.2314125 -0.00232917 0.9969688 0.07776933 -0.002328693 0.9969679 0.07777911 -0.002328157 -0.9969716 0.07773238 -0.002327919 -0.9969722 0.07772499 -0.0069319 -0.9728285 0.2314236 -0.006930708 -0.972826 0.2314341 -0.01136469 -0.9251399 0.3794563 -0.01136302 -0.9251475 0.3794378 -0.01551842 -0.8550707 0.5182794 -0.01552307 -0.8550592 0.518298 -0.01873874 -0.7798207 0.6257225 -0.02144473 -0.7660565 0.6424155 -0.4706597 -0.8818057 0.02996832 -0.9995519 0 0.02993607 -0.9995518 0 0.02993619 -0.9836553 0.1775237 0.03012579 -1.89846e-5 0.9995519 0.02993625 0.9995519 0 0.02993547 0.9995518 0 0.02993565 0.9837568 -0.1769597 0.03012841 0.9995518 0 0.02993607 -0.9995518 0 0.02993804 -0.999552 -2.14271e-4 0.02993214 -0.9995518 0 0.02993661 -0.9995519 0 0.02993661 -0.9995518 5.76399e-5 0.02993685 -0.9995518 0 0.02993553 -0.9995518 1.2235e-4 0.0299375 -0.999552 1.49029e-5 0.02993369 -0.9995519 -1.58399e-4 0.02993488 -0.9995518 1.95402e-4 0.02993851 -0.9995518 8.25844e-5 0.02993661 -0.999552 0 0.02993416 -0.9995511 -0.001197218 0.02993619 -0.9995517 7.45413e-4 0.02993297 -0.9995517 -3.75109e-4 0.02994227 -0.9995517 -3.79e-4 0.02993947 -0.9995523 2.2374e-4 0.02992171 -0.9995515 -1.72084e-4 0.02994799 -0.9995525 1.50421e-4 0.02991676 -0.9995517 0 0.02994376 -0.9995517 0 0.02994322 -0.9995518 3.41129e-5 0.02993589 -0.9995518 -1.0955e-4 0.02993655 -0.9995519 0 0.02993601 -0.9995518 2.15954e-4 0.02993911 -0.9995519 0 0.02993661 -0.9995529 -1.78422e-4 0.02990448 -0.9995511 1.45797e-4 0.02996248 -0.9995515 2.70239e-4 0.02994787 -0.9995517 -3.89765e-4 0.02993726 -0.9995517 1.06635e-4 0.02994143 -0.9995517 0 0.02993935 -0.9995523 0 0.02992188 -0.9995515 -1.74004e-4 0.02994489 -0.999552 1.50739e-4 0.02993291 -0.9995519 0 0.02993583 -0.9995519 0 0.02993595 -0.9995519 -1.24221e-4 0.02993667 -0.9995519 -2.03479e-5 0.02993541 -0.9995518 0 0.02993673 -0.9995518 0 0.0299372 -0.9995515 0 0.02994829 -0.999553 -1.26681e-4 0.02989816 -0.9995518 0 0.0299381 -0.9995523 -2.24844e-4 0.02992224 -0.9995517 0 0.02993959 -0.9995519 1.91279e-5 0.02993452 -0.9995515 0 0.0299499 -0.999552 0 0.02993357 -0.9995515 2.28442e-4 0.02994728 -0.9995518 0 0.0299381 4.50984e-5 -0.9995518 0.0299375 -3.63454e-5 -0.9995517 0.02994197 -9.91829e-5 -0.9995518 0.02994 2.35811e-5 -0.9995517 0.02994239 0 -0.9995526 0.02991253 -1.47231e-4 -0.9995534 0.02988493 2.19965e-5 -0.999551 0.02996343 -2.55357e-5 -0.9995523 0.02991992 0 -0.9995518 0.02994054 -4.57149e-5 -0.9995518 0.02993816 4.99463e-5 -0.9995518 0.02993708 1.39531e-5 -0.9995518 0.02993541 -1.15644e-5 -0.9995518 0.02993732 6.60789e-5 -0.999552 0.02993506 -4.9723e-5 -0.9995518 0.02993685 9.37691e-5 -0.999552 0.02993375 0 -0.9995518 0.02993571 -1.12782e-4 -0.9995518 0.02994012 3.24885e-5 -0.9995521 0.02992814 1.21177e-4 -0.9995529 0.02989959 0 -0.9995518 0.02993828 0 -0.9995518 0.0299378 -6.21615e-5 -0.9995515 0.02994918 4.29798e-6 -0.9995517 0.02994143 -4.12747e-5 -0.9995515 0.02994745 -4.43409e-5 -0.9995517 0.02994436 3.81725e-5 -0.9995518 0.02993589 3.36205e-5 -0.9995522 0.02992737 -0.001018047 -0.9995529 0.02988553 -3.16675e-5 -0.9995517 0.02994382 2.46676e-4 -0.9995526 0.02991068 0 -0.9995531 0.02989649 1.16377e-4 -0.9995515 0.02994978 4.05483e-5 -0.9995521 0.02993053 -3.48285e-5 -0.9995521 0.0299288 1.18849e-4 -0.9995517 0.02994489 -9.01079e-5 -0.999552 0.02993255 4.82037e-5 -0.9995519 0.02993541 -6.4623e-5 -0.9995521 0.02992922 1.1434e-5 -0.9995518 0.02993839 0 -0.9995518 0.02993613 -1.38502e-5 -0.9995519 0.02993404 0 -0.9995518 0.02993685 0 -0.9995519 0.02993637 0 -0.9995519 0.02993625 0 -0.9995519 0.02993607 -4.86618e-6 -0.9995518 0.02993607 6.41847e-5 -0.9995516 0.02994346 0 -0.9995519 0.02993488 -1.26366e-4 -0.9995509 0.02996689 0 -0.9995518 0.02993929 0 -0.9995518 0.0299375 0 -0.9995518 0.02993881 0 -0.9995517 0.02993941 0 -0.9995518 0.02993607 -1.13265e-5 -0.9995519 0.02993553 6.37806e-5 -0.9995521 0.02992737 -4.72075e-5 -0.9995518 0.02993851 8.72911e-5 -0.999552 0.02993065 -1.13746e-4 -0.9995516 0.02994531 3.30208e-5 -0.999552 0.02993232 -3.73114e-5 -0.9995518 0.02993643 -1.01662e-4 -0.9995514 0.02995097 2.66676e-5 -0.9995517 0.02994257 -0.001257658 -0.9995573 0.02972692 2.79602e-7 -0.9995515 0.0299459 -1.5726e-4 -0.9995537 0.02987313 2.29694e-5 -0.9995517 0.02994245 -2.62277e-5 -0.9995518 0.02993959 -3.27041e-5 -0.9995521 0.02992779 3.8698e-5 -0.9995519 0.02993535 3.72743e-5 -0.999551 0.02996605 -3.98134e-6 -0.9995525 0.0299142 0 -0.9995519 0.02993541 6.60055e-5 -0.9995518 0.02993577 -1.23742e-4 -0.999552 0.02993226 -4.21577e-5 -0.9995515 0.02994883 4.34533e-6 -0.9995523 0.02992367 0 -0.9995518 0.02993768 1.21446e-4 -0.999553 0.02989661 -6.24241e-5 -0.9995514 0.02994984 -4.52883e-5 -0.9995518 0.02993875 3.9244e-5 -0.999552 0.02993309 3.48976e-5 -0.9995519 0.02993673 -3.33615e-5 -0.9995518 0.02994078 2.67512e-4 -0.9995523 0.02991938 0 -0.9995517 0.02994024 -0.001081585 -0.9995517 0.02992492 3.21273e-4 -0.9995517 0.02994048 1.19051e-4 -0.9995518 0.02994006 4.11211e-5 -0.9995519 0.02993613 -3.51689e-5 -0.9995519 0.02993398 1.19653e-4 -0.9995518 0.02993822 -9.05757e-5 -0.9995518 0.02993631 4.83823e-5 -0.9995519 0.02993631 -6.4796e-5 -0.999552 0.02993506 1.14501e-5 -0.9995518 0.02993661 0 -0.9995519 0.02993589 -1.39168e-5 -0.9995518 0.02993875 0 -0.9995519 0.02993625 0 -0.9995519 0.02993631 1.38711e-5 -0.9995519 0.02993547 0.999552 6.69535e-5 0.02993154 0.9995519 0 0.02993589 0.9995518 0 0.02993577 0.9995519 -2.59682e-5 0.02993655 0.9995518 -7.10886e-6 0.02993535 0.9995519 -1.52958e-5 0.02993571 0.9995519 5.32378e-5 0.02993422 0.999552 4.95032e-6 0.02993458 0.999552 -9.77037e-5 0.02993392 0.9995518 -3.39444e-5 0.02993679 0.999552 2.66535e-4 0.02993178 0.9995518 -2.24793e-4 0.02993482 0.9995514 2.33458e-4 0.02995264 0.9995518 9.03113e-5 0.02993816 0.9995523 -2.72648e-4 0.02992135 0.9995518 4.19748e-5 0.02993845 0.999552 -5.91709e-5 0.02993237 0.9995519 -2.4562e-6 0.0299372 0.9995517 4.36009e-5 0.02994191 0.9995517 2.91903e-5 0.02994006 0.9995519 8.00181e-6 0.02993702 0.999552 2.73882e-5 0.0299353 0.999552 0 0.02993512 0.9995517 -6.74917e-5 0.02993929 0.9995519 0 0.02993571 0.9995521 4.89692e-5 0.02992749 0.9995517 -3.34388e-5 0.02994161 0.9995529 1.94183e-4 0.02990156 0.9995512 -1.21671e-4 0.02995538 0.9995517 -2.55203e-5 0.02993977 0.9995522 -2.22188e-4 0.0299254 0.9995519 2.99392e-5 0.02993541 0.9995517 8.99416e-5 0.02994018 0.9995518 -4.71025e-6 0.02993595 0.999552 0 0.02993518 0.9995519 -5.65194e-5 0.02993565 0.999552 1.55261e-5 0.02993428 0.9995519 0 0.02993613 0.9995518 -2.6351e-5 0.02993816 0.999552 7.27584e-5 0.02993029 0.9995518 -1.00571e-5 0.02993559 0.9995518 -3.3916e-5 0.02993577 0.9995518 0 0.02993553 0.9995515 -3.95833e-5 0.02994656 0.9995518 3.95796e-6 0.02993798 0.9995518 9.45667e-6 0.0299372 0.9995524 -7.01447e-5 0.02991926 0.9995519 0 0.02993696 0.9995518 2.67685e-5 0.02993613 0.9995518 0 0.02993607 0.008619546 -0.9995126 0.03000783 0.04601895 -0.9984929 0.0299046 0 -0.9995519 0.02993601 0.1343879 -0.9904707 0.03013181 0.03911852 -0.9987856 0.0299533 0.08554434 -0.995885 0.02992385 0.1460785 -0.98882 0.02993446 0.1708456 -0.9848456 0.02985137 0.1968727 -0.9799741 0.0298652 0.3595223 -0.9326721 0.02944028 0.3004999 -0.9533163 0.02979665 0.2292295 -0.9729146 0.02985113 0.2613853 -0.9647778 0.02969443 0.2280071 -0.9732021 0.02984362 0.6158964 -0.7872581 0.02994006 0.5861235 -0.8096691 0.02991938 0.5577461 -0.8294751 0.02984094 0.5609301 -0.8273257 0.02982831 0.4900983 -0.8711506 0.03000628 0.5414769 -0.8401872 0.02980303 0.4621253 -0.886307 0.03000605 0.5051796 -0.862498 0.02984744 0.41939 -0.907311 0.02998203 0.4610206 -0.8868889 0.02980524 0.3641458 -0.9308588 0.02999919 0.4264742 -0.9040117 0.02971303 0.3332358 -0.9423652 0.03002852 0.4005588 -0.9157862 0.02980333 0.7218003 -0.6914543 0.02992403 0.6948522 -0.7185338 0.02982693 0.6842308 -0.7286576 0.02977275 0.6794281 -0.7331373 0.02978765 0.6403767 -0.767477 0.0299465 0.766211 -0.6418919 0.02992451 0.7918564 -0.6099813 0.02977532 0.7954176 -0.605329 0.02979367 0.8423225 -0.5381379 0.03000652 0.8123494 -0.5824068 0.02984523 0.855757 -0.5165094 0.02997148 0.8285511 -0.5591169 0.02985811 0.879428 -0.4750849 0.03001481 0.8420177 -0.5386337 0.02966541 0.8545348 -0.5185398 0.02978193 0.9077811 -0.4183671 0.03004419 0.8677423 -0.4961331 0.02958637 0.9026455 -0.4293608 0.02967083 0.8930991 -0.4488884 0.02954953 0.9249662 -0.3788601 0.03004705 0.881538 -0.4711784 0.0296961 0.8800975 -0.4738619 0.02972155 0.9141168 -0.4043548 0.02979743 0.9434319 -0.3302173 0.02988392 0.9255153 -0.3775528 0.02958577 0.9386165 -0.3436738 0.02978938 0.9627156 -0.2688633 0.0298531 0.9500855 -0.3105875 0.02954775 0.9770101 -0.2110919 0.0298621 0.9624237 -0.2699107 0.02981364 0.9532862 -0.3006035 0.02971321 0.9963052 -0.08045905 0.03003925 0.9817106 -0.1880455 0.02971786 0.9917584 -0.1245636 0.0299856 0.9748927 -0.2206693 0.02982252 0.9695305 -0.2431557 0.02976596 0.9981935 -0.05208384 0.0299552 0.9910004 -0.1304912 0.02984064 0.9851313 -0.1692261 0.02964639 0.9995477 -0.004412055 0.02975022 0.9990647 -0.03121709 0.02992081 0.9995518 0 0.02993577 0.9995518 0 0.02993577 0.9995519 0 0.02993506 0.9995519 0 0.02993589 0.9995518 0 0.02993613 0.9995519 0 0.02993482 0.9995518 0 0.02993643 0.9995518 0 0.02993589 0.9995518 0 0.02993571 0.9995519 0 0.02993476 0.9995518 0 0.02993631 0.9995519 0 0.02993571 0.9995519 0 0.02993571 0.9995518 0 0.02993559 0.9995518 0 0.02993565 0.9995518 0 0.02993571 0.9995518 0 0.02993535 0.9995519 0 0.02993571 0.9995518 0 0.02993559 0.9995519 0 0.02993559 0.9995519 0 0.02993571 0.9995519 0 0.02993547 0.9995519 0 0.02993565 0.9995518 0 0.02993553 0.9995518 0 0.02993565 0.9995518 0 0.02993571 0.9995518 5.30957e-6 0.02993553 0.999552 1.49235e-4 0.02993404 0.9995518 -2.18107e-5 0.02993607 0.9995518 0 0.02993559 0.9995518 0 0.02993571 0.9995514 1.61609e-6 0.02995246 0.9995519 -1.05008e-6 0.02993446 0.9995508 3.52424e-5 0.02997279 0.9995508 3.25253e-5 0.02997434 0.9995519 -2.04798e-6 0.02993476 0.9995519 0 0.02993524 0.9995526 -3.95894e-5 0.02991509 0.9995517 1.18775e-5 0.02994245 0.9995518 -2.5786e-5 0.02993774 0.9995521 6.67981e-5 0.02992928 0.9995518 6.6233e-6 0.02993839 0.9995515 2.44303e-5 0.02994841 0.9995519 0 0.02993518 0.9995514 -6.85516e-5 0.02995234 0.9995519 0 0.02993577 0.9995518 -7.82596e-6 0.02993559 0.9995519 -1.50281e-5 0.0299369 0.999552 5.40182e-5 0.02993232 0.9995518 2.60064e-6 0.02993535 0.9995517 -9.33743e-5 0.02993953 0.9995518 -3.09341e-5 0.02993738 0.9995521 2.34065e-4 0.02992677 0.9995518 -1.68681e-4 0.02994078 0.9995518 -1.43558e-5 0.02993601 0.9995517 1.13773e-4 0.02993899 0.9995516 2.5579e-4 0.0299434 0.9995523 -2.83501e-4 0.02992349 0.9995518 4.30123e-5 0.02993834 0.999552 -6.02067e-5 0.02993297 0.9995519 -2.48804e-6 0.0299369 0.9995517 4.4025e-5 0.02994197 0.9995518 2.94e-5 0.02993929 0.9995518 9.50374e-6 0.02993631 0.9995524 -7.03557e-5 0.02992045 0.9995517 2.6053e-5 0.0299431 0.9995543 -1.26191e-5 0.02985513 0.9995537 -1.17181e-5 0.02987235 0.9995384 9.62081e-5 0.03038036 0.9995483 2.5414e-5 0.03005832 0.9995524 -1.21144e-6 0.02991807 0.9995507 7.12743e-6 0.02997606 0.9995533 -3.08748e-6 0.02988719 0.9995518 0 0.02993607 0.9995526 -2.85922e-5 0.02991265 0.9995493 9.51854e-5 0.03002172 0.9995511 1.42196e-6 0.02996259 0.9995502 2.72504e-6 0.0299918 0.9995499 3.13252e-6 0.03000253 0.9995495 5.76194e-6 0.03001755 0.999553 3.82723e-6 0.02989554 0.9995514 1.65232e-6 0.02995216 0.9995508 1.74455e-6 0.02996981 0.9995518 3.2062e-6 0.02993893 0.999552 -2.97653e-6 0.02993088 0.9995511 -1.667e-6 0.02996295 0.9995508 -7.83878e-7 0.02997016 0.999553 -3.66108e-6 0.02989757 0.9995497 4.27223e-6 0.03001016 0.9995514 0 0.02995276 0.9995543 -2.94304e-6 0.02985543 0.9995519 2.49892e-6 0.02993661 0.9995529 3.28549e-6 0.02990013 0.9995513 0 0.02995645 0.9995533 1.34711e-6 0.02988952 0.9995509 1.45213e-5 0.02996534 0.999552 -7.4765e-7 0.02993381 0.9995519 1.49662e-6 0.02993708 0.9995529 -1.77606e-5 0.02990072 0.9995515 -2.21863e-5 0.02994638 0.9995514 9.54917e-6 0.02995288 0.9995537 -2.92959e-5 0.02987742 0.9995518 0 0.02993607 0.9995518 0 0.02993607 0.9995518 0 0.02993613 0.9995524 3.27083e-5 0.02991837 0.9995517 -1.26895e-5 0.02994024 0.9995523 3.12587e-5 0.02992302 0.9995518 -2.90862e-6 0.02993547 0.9995517 -1.56902e-5 0.02994149 0.9995524 4.73853e-5 0.0299201 0.999551 -1.12805e-4 0.02996426 0.9995524 8.01454e-5 0.02991557 0.9995511 -1.03126e-4 0.02996075 0.9995521 2.36087e-5 0.02993088 0.9995518 -3.9372e-6 0.02993553 0.9995518 4.42201e-5 0.02993702 0.9995516 1.38024e-4 0.02994704 0.9995518 9.8297e-6 0.02993601 0.9995521 -9.02284e-5 0.02992647 0.9995516 6.09772e-5 0.02994358 0.9995518 2.91585e-6 0.02993571 0.9995521 -5.2828e-5 0.02992701 0.9995515 6.78478e-5 0.0299459 0.999552 -1.83552e-5 0.02993279 0.999552 -3.68382e-5 0.02992951 0.9995519 0 0.02993577 0.9995049 0.009474813 0.03000646 0.998481 0.04627782 0.02990365 0.9995518 0 0.02993565 0.9995518 0 0.02993559 0.9995519 0 0.02993565 0.9986668 0.04204529 0.02995032 0.9955669 0.08916962 0.02992278 0.9885603 0.1478247 0.02993941 0.9902713 0.1358838 0.02997213 0.9729421 0.2291164 0.02982413 0.9860426 0.1637604 0.03004384 0.9635512 0.2658714 0.02969282 0.9796882 0.1982731 0.02998018 0.9526253 0.302683 0.02980363 0.9662262 0.2559434 0.02999776 0.9317818 0.3617956 0.02977854 0.7627848 0.6459593 0.02993518 0.762994 0.6457122 0.02993601 0.7871959 0.6159762 0.02993321 0.8058851 0.5913152 0.0299313 0.8258923 0.5630367 0.02985948 0.8251773 0.5640844 0.02985501 0.8679541 0.4957383 0.02999103 0.8384588 0.5441501 0.02978968 0.8834394 0.4675835 0.0300095 0.8594292 0.5103815 0.0298686 0.9030227 0.4285463 0.02996957 0.8856277 0.4634373 0.02982634 0.9287136 0.3695833 0.02998709 0.9036749 0.4271864 0.02972531 0.9418131 0.3347934 0.0300244 0.9157337 0.400679 0.02980303 0.9465353 0.3212027 0.02999973 0.9542273 0.2975698 0.03004258 0.4605593 0.8871201 0.03005248 0.5544269 0.8316994 0.02978211 0.5091944 0.8601298 0.02996516 0.5743232 0.8180834 0.02987343 0.5385634 0.8420511 0.02999073 0.6011183 0.7986035 0.02982115 0.600966 0.7987182 0.02982062 0.6391546 0.7684951 0.02994656 0.6613895 0.7494451 0.02993613 0.6891601 0.7239907 0.02992957 0.7079793 0.7056012 0.02987277 0.7177526 0.6956558 0.02990615 0.7319344 0.6807174 0.02993386 0.3805853 0.9242574 0.03005319 0.4907528 0.8707953 0.02962064 0.410328 0.9114419 0.03007692 0.5183627 0.8546445 0.02971452 0.534359 0.8447389 0.02961295 0.3488771 0.9366881 0.03000575 0.4459421 0.8945657 0.02979713 0.4680771 0.8831893 0.02967548 0.3167284 0.9480445 0.0299139 0.4020757 0.9151232 0.02974396 0.4232903 0.90551 0.02961808 0.2557898 0.9662703 0.02988851 0.3373416 0.9409121 0.02975142 0.3713127 0.9280378 0.02954566 0.2687358 0.9627535 0.02978271 0.2911033 0.9562317 0.02966135 0.3052772 0.9518039 0.02958554 0.2391859 0.9705151 0.0298444 0.1982343 0.9796997 0.02986109 0.2148656 0.9761892 0.02979069 0.1130276 0.9931388 0.03000307 0.1810877 0.9830178 0.02972102 -5.61237e-5 0.999554 0.02986192 1.11447e-5 0.9995515 0.02994936 9.24107e-6 0.9995515 0.0299468 3.06063e-5 0.9995508 0.02997136 -4.95888e-6 0.999552 0.02993178 0 0.9995519 0.02993673 -1.49288e-5 0.9995528 0.02990734 0 0.9995518 0.02993619 6.46249e-6 0.9995514 0.02995103 -3.11859e-5 0.9995514 0.02995306 1.0647e-5 0.9995512 0.02995783 -3.55931e-5 0.999554 0.02986365 2.07573e-6 0.9995518 0.02993887 1.89308e-5 0.9995511 0.02996134 -6.92432e-7 0.9995519 0.02993559 0.03120756 0.999065 0.02992093 0.04971933 0.9983138 0.02995866 0.07503229 0.9967316 0.02994012 0.1304893 0.9909988 0.02990239 0.1622562 0.9862986 0.02979862 8.6162e-5 0.9995533 0.02988612 -6.15261e-5 0.9995508 0.02997165 6.37745e-6 0.9995521 0.02993047 4.35804e-5 0.9995527 0.02991026 -1.884e-5 0.9995516 0.02994632 -1.15148e-5 0.9995518 0.02994126 -1.66818e-5 0.9995515 0.0299459 6.52586e-5 0.9995531 0.02989399 0 0.9995519 0.02993577 0 0.9995518 0.02993583 -6.46061e-5 0.9995535 0.02988523 1.63741e-5 0.9995515 0.02994787 1.10357e-5 0.9995517 0.02994281 1.77752e-5 0.9995515 0.02994811 0 0.9995519 0.02993643 -4.01525e-5 0.9995528 0.029904 -5.77363e-6 0.999552 0.02993184 1.18688e-6 0.9995512 0.02995765 0 0.9995518 0.02993637 1.95365e-5 0.9995522 0.02992516 -8.74568e-5 0.9995502 0.02999126 2.30898e-5 0.9995523 0.0299195 8.25776e-7 0.999552 0.02993446 0 0.9995519 0.02993631 0 0.9995518 0.02993649 1.6828e-5 0.9995512 0.02996021 2.53964e-6 0.9995499 0.03000491 -9.37112e-7 0.9995521 0.02992761 7.42957e-5 0.9995136 0.03118669 -2.23362e-6 0.999553 0.02989798 3.01982e-6 0.9995545 0.02984935 -5.6347e-6 0.9995496 0.03001254 0 0.9995511 0.0299611 0 0.9995512 0.02995747 0 0.9995512 0.02995902 -3.28261e-6 0.9995532 0.02989399 -1.88735e-7 0.9995514 0.029953 0 0.9995518 0.02993893 0 0.9995518 0.02993893 0 0.9995541 0.02986115 0 0.9995542 0.02986145 0 0.9995511 0.02995979 -1.03436e-6 0.9995521 0.02992707 7.7311e-6 0.9995495 0.03001493 1.89106e-6 0.999551 0.02996647 2.24939e-6 0.9995514 0.02995282 3.15183e-6 0.9995512 0.02995973 -9.11484e-5 0.9995723 0.02924787 4.98925e-6 0.9995503 0.02998715 -1.5907e-6 0.9995511 0.02995973 3.63011e-6 0.9995543 0.02985256 0 0.9995497 0.03000736 -2.12041e-5 0.9995521 0.02992671 0 0.9995522 0.02992641 -1.43546e-6 0.9995543 0.02985453 1.52279e-6 0.9995519 0.02993631 -3.44783e-5 0.9995524 0.02992063 -1.73509e-5 0.9995521 0.02992922 7.07362e-5 0.9995511 0.02996325 0 0.9995519 0.02993583 -6.72745e-5 0.9995524 0.02991896 1.81981e-5 0.9995518 0.02993923 1.32574e-5 0.9995518 0.02993798 2.2899e-5 0.9995518 0.02994066 -5.61127e-5 0.9995522 0.02992427 -8.76344e-6 0.999552 0.02993333 9.14486e-5 0.9995513 0.0299533 -2.6948e-5 0.9995514 0.02995419 1.01827e-4 0.9995539 0.02986979 -1.41942e-4 0.9995527 0.02990901 6.01299e-5 0.9995517 0.02994465 2.14664e-6 0.9995518 0.02993565 -6.76337e-5 0.999551 0.02996444 -6.4742e-6 0.9995518 0.02993881 -1.49031e-5 0.9995515 0.0299471 2.87265e-5 0.9995525 0.02991527 5.87695e-6 0.999552 0.02993196 -3.53678e-5 0.999551 0.02996563 -1.04129e-5 0.9995517 0.02994477 0 0.9995519 0.02993506 -1.76552e-5 0.999552 0.02993291 7.52719e-5 0.9995517 0.02994108 1.65872e-5 0.9995516 0.0299459 1.6497e-5 0.9995517 0.02994525 -2.9219e-5 0.9995523 0.02991986 -4.02733e-6 0.999552 0.02993315 2.34249e-5 0.9995515 0.02994614 4.87753e-5 0.9995513 0.02995657 -1.87448e-5 0.9995521 0.02992922 -5.54331e-5 0.9995526 0.02991539 6.58667e-5 0.9995512 0.02995848 2.51381e-6 0.9995519 0.02993732 -4.82922e-6 0.9995518 0.02993565 2.71634e-4 0.9995526 0.02990865 -1.28496e-4 0.9995515 0.02994889 1.96583e-5 0.999552 0.02993243 5.46225e-5 0.9995521 0.0299288 -1.98616e-5 0.9995518 0.02993863 4.67881e-6 0.9995519 0.02993482 2.75318e-5 0.999552 0.02993136 -1.63937e-5 0.9995518 0.02993845 -2.1618e-5 0.9995518 0.02993834 3.88508e-5 0.9995521 0.02992922 0 0.9995518 0.02993577 0 0.9995518 0.02993577 -3.78374e-5 0.9995524 0.029917 2.01696e-5 0.9995517 0.02994513 -2.36734e-6 0.999552 0.02993178 0 0.9995519 0.02993553 -2.30733e-5 0.9995522 0.0299254 1.4455e-5 0.9995517 0.02994287 8.50008e-6 0.9995515 0.02994626 -1.98953e-5 0.9995527 0.02990907 -5.79844e-6 0.9995521 0.02992683 0 0.9995519 0.02993512 7.48215e-5 0.9995495 0.03001672 -6.39626e-5 0.9995536 0.02987688 1.59e-5 0.9995515 0.02994841 1.05376e-5 0.9995516 0.02994382 1.67921e-5 0.9995514 0.02995157 -3.76645e-5 0.9995529 0.02990126 -5.35035e-6 0.999552 0.02993172 5.17601e-5 0.9995673 0.02941697 2.87802e-5 0.9995559 0.02979981 0 0.9995519 0.02993613 -2.26301e-6 0.9995506 0.02997809 -5.30989e-7 0.9995511 0.02996194 -4.24908e-6 0.9995496 0.03001219 -5.1816e-7 0.9995529 0.02990204 8.32227e-7 0.9995521 0.02992719 1.92708e-6 0.9995532 0.02989524 1.55375e-6 0.9995523 0.02992242 1.91449e-7 0.9995514 0.02995324 0 0.9995511 0.0299614 -1.93143e-6 0.9995511 0.02996385 3.91404e-6 0.9995542 0.02986109 1.82668e-6 0.9995518 0.02993744 1.13619e-6 0.9995518 0.02993881 -2.74401e-7 0.9995534 0.02988737 -7.77609e-7 0.9995512 0.02995896 -3.1884e-7 0.9995507 0.02997863 -1.30329e-7 0.9995511 0.02996098 -2.10597e-6 0.9995544 0.02985113 5.07699e-6 0.9995496 0.03001147 -8.9563e-7 0.9995523 0.02992504 -7.49689e-6 0.9995545 0.02984911 7.1572e-6 0.9995502 0.02999204 6.40785e-6 0.9995505 0.02998405 2.13228e-5 0.9995473 0.03008854 3.11556e-7 0.9995519 0.02993589 -8.55981e-6 0.9995506 0.02998048 -4.83388e-6 0.9995512 0.02996069 9.3996e-7 0.999552 0.0299316 8.57296e-6 0.9995535 0.02988415 -5.89376e-6 0.9995509 0.0299704 -7.75133e-6 0.9995505 0.02998453 2.60684e-5 0.9995568 0.0297721 0 0.9995518 0.02993631 0 0.9995518 0.02993637 -3.67881e-5 0.9995526 0.02991086 -4.87915e-6 0.9995504 0.02998673 -1.89112e-6 0.9995509 0.02996736 -7.67727e-6 0.9995495 0.03001534 1.06391e-6 0.9995521 0.02992761 3.30846e-6 0.9995532 0.02989357 0 0.9995544 0.02985125 0 0.9995512 0.02996081 0 0.9995512 0.02996087 1.88735e-7 0.9995514 0.02995312 0 0.9995511 0.02996128 0 0.9995542 0.0298615 0 0.9995512 0.02995896 0 0.9995512 0.02995902 0 0.9995518 0.02993899 0 0.9995518 0.02993887 0 0.9995542 0.02986115 0 0.9995519 0.02993643 2.24136e-5 0.9995535 0.02988481 0 0.9995498 0.03000885 0 0.9995497 0.03000915 0 0.9995544 0.02985203 0 0.9995522 0.02992659 -1.43546e-6 0.9995542 0.02985852 1.53004e-6 0.9995519 0.02993649 -3.84787e-5 0.9995526 0.02991175 -1.85461e-5 0.9995523 0.02992469 -2.21539e-5 0.9995522 0.02992445 7.1421e-5 0.9995508 0.02997142 0 0.9995519 0.02993601 -6.66074e-5 0.9995527 0.02990955 1.78451e-5 0.9995517 0.02994239 1.26533e-5 0.9995518 0.02993583 2.142e-5 0.9995515 0.0299459 -5.13862e-5 0.9995524 0.02991861 -7.96462e-6 0.999552 0.02993476 7.90823e-5 0.9995513 0.02995717 -1.17305e-4 0.999553 0.02989763 -3.77936e-5 0.9995511 0.02996248 -3.95768e-6 0.9995518 0.02993881 6.49857e-5 0.9995539 0.02986693 -1.83745e-5 0.9995512 0.0299561 -1.06274e-5 0.9995515 0.029949 2.15096e-5 0.9995526 0.02991062 4.77742e-6 0.9995521 0.02992999 -2.84981e-5 0.9995507 0.02997583 -8.70872e-6 0.9995515 0.02994596 -1.0514e-5 0.9995515 0.02994996 5.46598e-5 0.9995544 0.02985358 -1.66166e-5 0.9995511 0.02996361 2.36463e-6 0.9995521 0.02992773 -1.50861e-5 0.9995502 0.02999007 -4.97259e-6 0.9995514 0.0299524 9.11547e-5 0.9995722 0.02924984 -3.07677e-6 0.9995512 0.02995961 -8.42645e-7 0.9995518 0.02993893 -4.62646e-6 0.9995514 0.02994978 9.98777e-6 0.9995529 0.0299043 -6.58286e-6 0.9995512 0.02996093 3.87322e-5 0.9995563 0.02978789 -1.42754e-5 0.99955 0.02999734 0 0.9995519 0.02993571 0 0.9995519 0.02993565 0 0.9995519 0.02993565 1.94615e-6 0.9995518 0.02993565 -4.84965e-5 0.9995509 0.02997082 -0.008042752 0.9995177 0.02999687 -0.04604166 0.9984922 0.02989435 0 0.9995519 0.02993547 0 0.9995519 0.02993512 0 0.9995519 0.02993565 -0.1339802 0.9905259 0.03013086 -0.03874689 0.9987998 0.0299651 -0.08499336 0.9959322 0.02992236 -0.1455922 0.988892 0.02992749 -0.1700605 0.9849813 0.02985697 -0.1950023 0.9803562 0.02959609 -0.358811 0.9329459 0.02944016 -0.2997656 0.9535475 0.0297963 -0.2286994 0.9730393 0.02985316 -0.2628341 0.9643819 0.02976435 -0.2280544 0.9731911 0.02983868 -0.6154735 0.7875897 0.02991604 -0.5860764 0.8097028 0.02993208 -0.5574697 0.829661 0.02984148 -0.5598918 0.82803 0.02979278 -0.4899627 0.8712268 0.030007 -0.5405094 0.8408097 0.02980911 -0.4615417 0.8866113 0.02999597 -0.5048189 0.8627089 0.02985626 -0.4188846 0.9075443 0.02998381 -0.4609905 0.8869041 0.02981543 -0.3634004 0.9311502 0.02999216 -0.4265146 0.903993 0.0296989 -0.3340244 0.9420849 0.030065 -0.3998514 0.9160957 0.02979433 -0.7211027 0.6921821 0.02991384 -0.6961392 0.7172859 0.02985358 -0.6842159 0.7286716 0.02977168 -0.6779292 0.7345218 0.02982759 -0.6401113 0.7676984 0.02994734 -0.7659122 0.6422489 0.02991795 -0.791848 0.609992 0.02977585 -0.8002662 0.5988988 0.02990525 -0.841796 0.5389621 0.02999144 -0.8121524 0.5826814 0.02984946 -0.8556209 0.5167345 0.02997756 -0.8285439 0.5591288 0.02983558 -0.879068 0.4757508 0.03001224 -0.8417584 0.5390384 0.02967107 -0.8549278 0.5178904 0.0298016 -0.907521 0.4189308 0.0300439 -0.867615 0.4963554 0.02959144 -0.9016901 0.4313648 0.02965801 -0.8928402 0.4494032 0.0295509 -0.9246815 0.3795547 0.03004312 -0.8862056 0.4623352 0.02976614 -0.8783155 0.4771581 0.02969884 -0.9141844 0.4042012 0.02980309 -0.9432495 0.3307383 0.02987724 -0.9255757 0.3774029 0.02961027 -0.9385309 0.3439072 0.02979296 -0.962601 0.2692729 0.02985823 -0.9474039 0.3186734 0.02955144 -0.9768608 0.2117814 0.029859 -0.9622607 0.2704907 0.02981859 -0.9529386 0.3017066 0.02968615 -0.9962462 0.08118736 0.03003782 -0.9818552 0.1872857 0.02974021 -0.9917197 0.1248725 0.02998119 -0.974788 0.2211322 0.02981936 -0.9715389 0.2350023 0.02976644 -0.9981896 0.05215477 0.02995854 -0.990942 0.1309354 0.02983003 -0.9849285 0.1704024 0.02964621 -0.9995549 0 0.02983403 -0.9990692 0.03107339 0.02992177 -0.9995518 0 0.02993613 -0.9995519 0 0.02993619 -0.9995518 0 0.02993613 -0.9995518 0 0.02993625 -0.9995519 0 0.02993613 -0.9995519 0 0.02993619 -0.9995519 0 0.02993619 -0.9995519 0 0.02993619 -0.9995519 0 0.02993601 -0.9995518 0 0.02993619 -0.9995519 0 0.02993613 -0.9995518 0 0.02993619 -0.9995519 0 0.02993619 -0.9995519 0 0.02993619 -0.9995518 0 0.02993619 -0.9995518 0 0.02993619 -0.9995519 0 0.02993619 -0.9995518 0 0.02993619 -0.9995518 0 0.02993613 -0.9995518 0 0.02993619 -0.9995518 0 0.02993607 -0.9995518 0 0.02993619 -0.9995519 0 0.02993619 -0.9995518 0 0.02993619 -0.9995518 -1.30833e-5 0.02993619 -0.9995516 7.96723e-4 0.02993625 -0.9995518 5.55173e-5 0.02993589 -0.9995518 0 0.02993619 -0.9995519 0 0.02993613 -0.9995529 1.71099e-4 0.02990424 -0.9995518 0 0.02993804 -0.9995482 -2.43956e-4 0.03005611 -0.9995523 3.88348e-6 0.02992093 -0.9995546 9.88015e-6 0.02984386 -0.9995485 -2.3601e-5 0.03004878 -0.9995551 1.05971e-5 0.02982985 -0.9995509 0 0.02996706 -0.999552 4.80619e-6 0.02993506 -0.999551 -4.49715e-6 0.02996468 -0.9995505 -4.25971e-6 0.02997946 -0.9995518 0 0.02993905 -0.9995512 -5.26647e-6 0.02995765 -0.9995517 -4.99764e-6 0.02994143 -0.9995521 5.29162e-6 0.0299291 -0.9995512 8.42664e-6 0.02995866 -0.9995491 -1.17439e-5 0.03002822 -0.9995526 8.08726e-6 0.0299108 -0.9995528 0 0.02990561 -0.9995526 0 0.02991247 -0.9995506 1.42539e-5 0.02998054 -0.9995532 -7.26715e-6 0.0298919 -0.9995498 8.67624e-6 0.0300067 -0.9995502 0 0.02999413 -0.999498 0 0.03168451 -0.999557 -1.71716e-5 0.0297653 -0.9995628 4.29809e-5 0.02956676 -0.9995527 -2.12201e-5 0.02990776 -0.999552 -5.11101e-5 0.0299316 -0.9995543 -5.80378e-6 0.02985417 -0.9995519 6.99481e-6 0.0299341 -0.9995518 0 0.0299381 -0.9995518 0 0.0299381 -0.9995518 0 0.0299381 -0.9995514 -9.51467e-5 0.02995294 -0.9995527 9.02439e-5 0.02991092 -0.9995521 -8.93039e-5 0.02992814 -0.9995516 9.30854e-5 0.02994441 -0.9995521 -1.00436e-4 0.02992916 -0.9995522 5.29133e-5 0.02992469 -0.9995521 -2.67477e-4 0.02992498 -0.9995505 1.71066e-4 0.02998334 -0.9995514 3.90419e-5 0.02995282 -0.9995521 -2.60762e-5 0.02992892 -0.9995519 3.76311e-6 0.02993607 -0.9995515 0 0.02994877 -0.9995515 0 0.02994632 -0.9995517 3.90001e-5 0.02994221 -0.9995523 1.45841e-4 0.02992242 -0.9995515 -1.2315e-4 0.02994853 -0.999552 -1.17615e-4 0.02993214 -0.9995519 1.003e-4 0.02993375 -0.9995519 9.5122e-5 0.02993369 -0.9995517 -3.80488e-6 0.02994263 -0.9995523 9.29005e-5 0.02992445 -0.9995518 0 0.02993661 -0.9995496 -8.69597e-5 0.03001391 -0.9995536 0 0.02987962 -0.9995519 -4.75919e-6 0.02993625 -0.9995535 4.84421e-5 0.02988493 -0.9995514 8.0917e-6 0.02995276 -0.9995534 -3.50782e-5 0.02988386 -0.9995542 1.64929e-5 0.02985942 -0.9995531 -2.8193e-5 0.02989464 -0.9995486 0 0.03004562 -0.9995498 -6.2921e-5 0.03000581 -0.9995525 6.55353e-5 0.02991378 -0.9995519 0 0.02993583 -0.9995528 0 0.029904 -0.9995513 -9.50268e-5 0.02995568 -0.999552 2.82357e-5 0.02993232 -0.9995517 -9.77186e-5 0.02994155 -0.9995518 0 0.02993601 -0.9995514 2.19344e-4 0.02995246 -0.9995519 0 0.02993661 -0.999552 -2.13774e-4 0.02993005 -0.9995518 1.08138e-4 0.02993726 -0.9995519 -3.33606e-5 0.0299353 -0.9995518 1.20217e-4 0.02993977 -0.999552 0 0.02993226 -0.999552 -1.7003e-4 0.02993291 -0.9995516 1.86757e-4 0.02994245 -0.999552 0 0.02993452 -0.9995523 0 0.02992433 -0.9995511 -8.98987e-4 0.02994751 -0.9995518 3.53716e-5 0.02993655 -0.9995515 -6.63556e-4 0.02994292 -0.9995517 7.67371e-4 0.02993464 -0.9995518 -3.50802e-4 0.02993869 -0.9995523 2.29398e-4 0.02992212 -0.9995515 -1.31383e-4 0.02994674 -0.9995524 1.45597e-4 0.02991795 -0.9995517 0 0.02994304 -0.9995517 -3.12374e-5 0.02994191 -0.9995518 0 0.02993512 -0.9995515 0 0.0299493 -0.9994646 -0.01306563 0.03000044 -0.998499 -0.04588299 0.02990972 -0.9995518 0 0.02993565 -0.9995519 0 0.02993613 -0.9983474 -0.0490514 0.02994108 -0.9947715 -0.09764516 0.02991729 -0.9875608 -0.1543591 0.02995216 -0.9896343 -0.1404436 0.02999281 -0.9715331 -0.2350233 0.02979147 -0.9851894 -0.1688187 0.03003531 -0.9622362 -0.2705895 0.029715 -0.9777409 -0.2076622 0.02998554 -0.9493044 -0.3129435 0.02979332 -0.9636763 -0.2653828 0.03000175 -0.9280281 -0.3713185 0.02977377 -0.9528499 -0.3019505 0.03004968 -0.9465144 -0.3212621 0.03001815 -0.9142057 -0.4041553 0.02977275 -0.9397302 -0.340597 0.03001296 -0.9018719 -0.4309777 0.02975386 -0.9264042 -0.3753338 0.02999788 -0.8827964 -0.468809 0.02981114 -0.9039045 -0.4266823 0.02998208 -0.8601214 -0.5092155 0.02984678 -0.8852577 -0.4641315 0.03001338 -0.8399567 -0.5418345 0.02980536 -0.8695421 -0.4929473 0.0299955 -0.8263204 -0.5624082 0.02986198 -0.8277544 -0.5602961 0.02984875 -0.8086882 -0.5874758 0.02992749 -0.7869523 -0.6162879 0.02992558 -0.7660504 -0.6420827 0.02994239 -0.7649328 -0.6434142 0.02993351 -0.7338677 -0.6786316 0.02995747 -0.718445 -0.6949412 0.02989256 -0.7103934 -0.7031711 0.02986001 -0.6911097 -0.7221298 0.02993416 -0.6409782 -0.7669757 0.02992165 -0.6099068 -0.7919136 0.02977734 -0.600453 -0.7991057 0.02977222 -0.5385836 -0.8420377 0.03000599 -0.5770739 -0.8161461 0.02985382 -0.5097332 -0.8598105 0.02996748 -0.5533241 -0.8324304 0.02987056 -0.4593537 -0.887745 0.03004992 -0.5334818 -0.8452935 0.02960348 -0.3784927 -0.9251164 0.03005069 -0.4698253 -0.8822588 0.02972745 -0.4083615 -0.9123279 0.02998071 -0.4909568 -0.8706725 0.02984994 -0.5088975 -0.8603248 0.02940559 -0.4460011 -0.8945365 0.0297935 -0.3471779 -0.9373194 0.02999812 -0.4243976 -0.9049895 0.02968096 -0.4001494 -0.9159678 0.02972841 -0.3131272 -0.9492399 0.02991819 -0.3695951 -0.9287228 0.02955573 -0.3356227 -0.941527 0.02973794 -0.2520347 -0.9672564 0.02989363 -0.3037362 -0.9522962 0.02960228 -0.2340539 -0.9717655 0.02984559 -0.2680154 -0.9629549 0.02975928 -0.1926519 -0.980813 0.02985149 -0.1037198 -0.9941516 0.03008139 -0.1905857 -0.9812238 0.02961802 -0.03122979 -0.9990643 0.02992051 0 -0.9995518 0.02993738 -0.07005351 -0.9970921 0.02999633 -0.04962676 -0.998319 0.02994155 -0.1306788 -0.9909746 0.02987295 0 -0.9995519 0.02993601 0 -0.9995519 0.0299344 0 -0.9995519 0.02993679 0 -0.9995518 0.02993738 0 -0.999552 0.02993398 0 -0.9995518 0.02993744 0 -0.9995518 0.02993613 0 -0.999552 0.02993226 0 -0.9995519 0.02993339 0 -0.9995519 0.02993607 0 -0.999552 0.02993494 0 -0.9995519 0.02993708 0 -0.9995518 0.02993559 0 -0.9995519 0.02993571 0 -0.9995518 0.02993577 0 -0.9995519 0.0299353 0 -0.9995518 0.02993661 0 -0.9995519 0.02993541 0 -0.9995518 0.02993583 0 -0.9995519 0.02993601 0 -0.999552 0.02993535 0 -0.9995519 0.02993619 0 -0.9995518 0.02993613 0 -0.9995519 0.0299353 0 -0.9995519 0.02993577 0 -0.9995518 0.02993601 0 -0.9995519 0.02993607 0 -0.9995519 0.02993553 0 -0.9995519 0.02993583 0 -0.9995519 0.02993607 0 -0.9995518 0.02993589 -1.32198e-5 -0.9995519 0.02993428 2.43479e-4 -0.9995515 0.02994787 -1.92216e-5 -0.9995518 0.02993661 0 -0.9995518 0.02993577 0 -0.9995518 0.02993619 0 -0.9995518 0.02993607 0 -0.9995519 0.02993583 5.18165e-6 -0.9995519 0.02993619 -9.9825e-4 -0.9995564 0.02976596 0 -0.9995519 0.02993613 -1.07069e-5 -0.9995515 0.02994757 5.79242e-5 -0.9995528 0.02990728 -4.12175e-5 -0.9995515 0.02994811 7.30489e-5 -0.999553 0.02989906 -9.02849e-5 -0.9995511 0.02996432 2.42981e-5 -0.9995522 0.02992701 -2.49207e-5 -0.9995519 0.02993398 -1.67508e-4 -0.9995547 0.02984315 6.10161e-6 -0.9995517 0.02994203 0 -0.9995524 0.02991813 -5.81649e-5 -0.9995539 0.0298677 1.00958e-5 -0.9995512 0.02996015 -1.3316e-5 -0.9995521 0.02992612 -1.80303e-5 -0.9995522 0.02992624 2.3834e-5 -0.9995526 0.02991062 2.5038e-5 -0.9995512 0.02995848 -1.02344e-5 -0.9995519 0.02993583 5.38618e-5 -0.9995529 0.02990239 -3.72919e-5 -0.9995514 0.02995049 6.42148e-5 -0.9995532 0.02989125 -1.41756e-5 -0.9995517 0.02994054 0 -0.9995519 0.02993535 1.38511e-5 -0.9995518 0.0299369 -7.68734e-5 -0.9995503 0.0299884 1.99188e-5 -0.9995525 0.02991712 -4.39145e-7 -0.9995518 0.02993613 -1.78402e-6 -0.9995517 0.02994424 -3.37692e-6 -0.9995509 0.02996897 -3.15713e-6 -0.9995508 0.02997285 4.86629e-5 -0.9995489 0.03003495 -1.10777e-4 -0.9995597 0.02967542 0 -0.9995517 0.02994167 1.49433e-4 -0.9995441 0.03019398 0 -0.9995518 0.02993535 0 -0.9995477 0.0300762 -1.19881e-6 -0.9995538 0.02987104 0 -0.9995499 0.03000319 1.60035e-6 -0.9995527 0.02990728 1.12477e-6 -0.9995543 0.02985364 0 -0.9995554 0.02982109 0 -0.9995517 0.02994352 0 -0.9995517 0.02994501 0 -0.9995517 0.0299412 0 -0.9995517 0.0299412 0 -0.9995555 0.02981364 0 -0.9995539 0.02986806 0 -0.9995508 0.02996939 3.53884e-7 -0.9995513 0.02995645 0 -0.9995532 0.02989053 3.32477e-7 -0.9995529 0.02990341 -4.14705e-6 -0.9995481 0.03006303 2.76025e-6 -0.9995513 0.02995598 -2.51027e-6 -0.9995539 0.02987116 0 -0.9995501 0.02999651 5.71308e-6 -0.9995488 0.0300368 -2.59606e-7 -0.9995488 0.03003954 -1.51244e-6 -0.9995504 0.02998709 -2.72189e-5 -0.999543 0.03023123 0 -0.9995496 0.03000932 0 -0.9995896 0.02864885 -2.70331e-6 -0.9995512 0.02995771 0 -0.999552 0.02993148 8.41925e-5 -0.9995722 0.02925086 1.46832e-6 -0.9995517 0.02994245 -1.02321e-5 -0.9995514 0.02995246 -8.78851e-6 -0.999549 0.03003072 6.08095e-6 -0.9995536 0.02988094 4.1333e-6 -0.9995514 0.02995306 -2.88632e-6 -0.999554 0.02986699 -1.11294e-6 -0.9995517 0.02994298 7.44475e-5 -0.9995493 0.03002232 -2.95145e-6 -0.999552 0.02993148 -2.95493e-6 -0.9995509 0.02997022 -3.06442e-7 -0.999553 0.02989619 2.77803e-6 -0.999553 0.02989947 -7.04705e-6 -0.999554 0.02986514 -2.10326e-6 -0.9995509 0.02996903 0 -0.9995493 0.03002113 -9.71468e-7 -0.9995526 0.02991491 1.33145e-6 -0.9995549 0.0298345 2.1756e-6 -0.9995504 0.02998512 2.61787e-6 -0.9995518 0.02993935 -3.04804e-6 -0.999552 0.02993136 -2.2736e-6 -0.9995517 0.02994501 -3.98342e-6 -0.9995545 0.02984994 0 -0.9995525 0.02991509 1.46436e-6 -0.999549 0.03003221 1.57098e-6 -0.9995523 0.02992147 1.22597e-6 -0.9995499 0.02999955 3.52147e-7 -0.999552 0.02992969 2.61318e-6 -0.9995534 0.02988457 -1.82058e-6 -0.9995514 0.02995258 5.8225e-6 -0.9995508 0.02997231 4.86104e-6 -0.9995594 0.02968519 -2.80223e-5 -0.9995262 0.03078174 3.08941e-6 -0.999552 0.0299353 -1.05684e-4 -0.999539 0.03036189 0 -0.9995518 0.02993607 6.62154e-5 -0.999553 0.02989995 -3.28857e-5 -0.9995508 0.02996981 9.43395e-6 -0.9995524 0.02992069 1.9008e-5 -0.999552 0.02993035 -2.34928e-5 -0.9995517 0.02994185 -4.9536e-5 -0.999553 0.02990108 3.33382e-5 -0.9995501 0.02999651 -5.36778e-5 -0.9995545 0.02984982 -5.78476e-7 -0.9995518 0.02993553 0 -0.999552 0.0299353 6.48049e-5 -0.9995511 0.02996367 -5.58111e-5 -0.9995528 0.0299043 9.85687e-6 -0.9995524 0.0299192 -1.30196e-5 -0.9995515 0.02994662 0 -0.9995519 0.02993601 0 -0.9995519 0.02993714 1.32731e-5 -0.9995526 0.02991187 1.94088e-5 -0.9995518 0.02993959 3.11395e-5 -0.9995524 0.02991878 -9.46058e-5 -0.9995511 0.02995967 7.20089e-6 -0.9995515 0.02994811 -4.93873e-5 -0.9995519 0.02993446 2.55552e-5 -0.9995522 0.02992665 5.81816e-6 -0.9995518 0.02993583 0 -0.9995518 0.02993583 -2.95359e-6 -0.9995519 0.02993601 1.21353e-4 -0.9995521 0.02992612 -1.52145e-5 -0.9995521 0.0299288 1.51411e-4 -0.9995515 0.02994859 -1.21324e-4 -0.9995521 0.02992731 3.49737e-5 -0.9995517 0.02994042 3.04169e-5 -0.9995518 0.02994048 -2.0845e-5 -0.9995521 0.02992862 -1.38268e-5 -0.9995519 0.02993464 3.88345e-5 -0.9995515 0.0299468 -6.7535e-5 -0.9995524 0.02991867 2.61058e-6 -0.9995536 0.02987867 -7.74277e-6 -0.9995476 0.03008019 1.50306e-5 -0.9995551 0.02982991 -9.83537e-6 -0.9995485 0.03004777 3.11003e-5 -0.9995576 0.02974361 -1.29284e-5 -0.9995453 0.03015482 0 -0.9995518 0.02993559 0 -0.9995518 0.02993601 0 -0.9995519 0.02993571 0 -0.9995518 0.02993583 0 -0.9995519 0.02993607 4.67086e-7 -0.9995519 0.02993589 6.74757e-5 -0.9995512 0.0299592 -0.3425847 -0.9390079 0.02999979 -0.2770955 -0.9603692 0.03015226 -0.3131941 -0.9492222 0.02977746 -0.2289029 -0.972982 0.03016138 -0.2520543 -0.9672475 0.03001642 -0.2025495 -0.9788117 0.0300253 -0.158096 -0.9869642 0.03012561 -0.922231 0.3854644 0.030119 -0.9440235 0.3285222 0.02987992 -0.9432824 0.3306459 0.02985894 -0.9667493 0.2539476 0.03011167 -0.962593 0.2692828 0.03002905 -0.9729728 0.228959 0.03003144 -0.9770283 0.2109789 0.03005993 -0.1604951 0.9865794 0.03004282 -0.1938322 0.9805766 0.02997845 -0.2287083 0.9730304 0.03007125 -0.2514477 0.9674059 0.03000146 -0.2844738 0.9582118 0.03008013 -0.2956882 0.9548121 0.03004068 -0.3208068 0.9466699 0.02998924 0.3461233 0.9377095 0.02999681 0.2789944 0.9598192 0.03015512 0.3167293 0.9480493 0.02974933 0.2287206 0.9730247 0.03016525 0.25579 0.9662666 0.03000515 0.2042953 0.9784485 0.0300343 0.1637569 0.9860408 0.03012287 0.9205911 -0.38937 0.03005462 0.9441391 -0.32819 0.02987867 0.9434336 -0.3302149 0.02985531 0.9669613 -0.2531386 0.03011465 0.9627099 -0.2688639 0.03003031 0.9730158 -0.2287755 0.03003621 0.9769769 -0.2112173 0.03005731 0.1606486 -0.9865536 0.03006941 0.1944905 -0.9804462 0.02998131 0.2292283 -0.9729081 0.03007 0.2521534 -0.9672221 0.03000128 0.2849704 -0.9580645 0.03007233 0.2958211 -0.9547709 0.03004115 0.3210611 -0.9465834 0.02999579 -0.9995508 0 -0.02997481 -0.999552 -4.90743e-6 -0.02993375 -0.9995513 -1.61895e-6 -0.0299552 -0.9995507 0 -0.02997493 -0.9995508 0 -0.02997481 -0.9995512 1.17464e-6 -0.02995532 -0.999552 3.9327e-6 -0.02993267 -0.9995513 1.61898e-6 -0.02995556 -0.9995507 0 -0.02997469 -0.9995521 -3.97763e-6 -0.0299285 -0.9995518 -1.5281e-6 -0.02993887 -0.9995509 3.73156e-6 -0.02996695 -0.999552 -3.9327e-6 -0.02993297 -0.9995512 -1.30515e-6 -0.02995532 -0.9995515 3.33996e-5 -0.02994799 -0.999552 -4.78232e-6 -0.02993321 -0.9995522 -8.78562e-6 -0.02992504 -0.9995518 -3.03604e-6 -0.02993899 -0.999552 4.90747e-6 -0.02993321 -0.9995518 3.33958e-6 -0.02993905 -0.9995522 8.78562e-6 -0.02992451 -0.99957 1.17155e-4 -0.02932518 -0.9995518 -2.55408e-6 -0.02993994 -0.9995521 -4.93012e-6 -0.02992612 -0.9995509 1.94029e-5 -0.02996808 -0.9995518 2.99007e-6 -0.02994102 -0.9995529 -1.79722e-5 -0.02990329 -0.9995518 0 -0.02993577 -0.9995516 2.17278e-5 -0.02994704 -0.9995518 -9.37558e-7 -0.02993583 -0.9995517 -5.48507e-5 -0.02994161 -0.999552 4.78234e-6 -0.02993321 -0.9995515 -2.17251e-5 -0.02994799 -0.9995518 9.37567e-7 -0.02993589 -0.9995517 5.48507e-5 -0.02994161 -0.999552 -4.35608e-5 -0.02993053 -0.9995521 -3.38247e-5 -0.02993053 -0.9995517 4.52318e-5 -0.0299431 -0.9995521 -2.94753e-5 -0.02992999 -0.9995507 -6.49024e-6 -0.02997541 -0.9995525 8.33647e-6 -0.02991628 -0.9995471 -4.92886e-5 -0.03009724 -0.9995497 -2.21411e-5 -0.03000932 -0.9995526 5.82794e-5 -0.02991414 -0.9995515 -3.36847e-5 -0.0299471 -0.9995518 -3.86226e-6 -0.02993762 -0.9995517 -4.60666e-5 -0.02994346 -0.999552 3.43695e-5 -0.02993053 -0.9995518 -5.74148e-6 -0.0299375 -0.9995517 6.06532e-5 -0.02994281 -0.9995519 -1.29406e-5 -0.02993357 -0.9995519 5.74109e-6 -0.02993619 -0.999552 -3.55845e-6 -0.02993476 -0.9995519 0 -0.02993565 -0.9995518 3.86249e-6 -0.0299369 -0.9995518 0 -0.02993559 -0.9995519 3.69966e-6 -0.02993518 -0.9995521 2.94753e-5 -0.02992969 -0.9995519 1.45078e-5 -0.02993339 -0.9995517 -6.11892e-5 -0.02994251 -0.999552 4.35624e-5 -0.0299322 -0.9995519 1.49842e-6 -0.02993351 -0.9995516 3.76632e-6 -0.0299468 -0.9995518 3.10396e-6 -0.02993744 -0.999552 -1.59561e-6 -0.02993315 -0.9995523 -9.59368e-7 -0.02992182 -0.9995522 -7.51328e-7 -0.02992379 -0.9995512 -2.36896e-6 -0.02995872 -0.9995522 -4.8393e-6 -0.02992349 -0.999552 1.39866e-6 -0.02993166 -0.9995517 5.42414e-7 -0.02994465 -0.9995513 -1.40407e-6 -0.02995645 -0.9995532 3.7959e-6 -0.02989298 -0.9995509 -8.91588e-6 -0.0299685 -0.9995522 7.51328e-7 -0.02992385 -0.9995512 2.30493e-6 -0.0299586 -0.9995523 4.83939e-6 -0.02992397 -0.9995518 2.19763e-6 -0.02993869 -0.9995521 3.09468e-6 -0.02992969 -0.9995509 -3.73145e-6 -0.02996629 -0.9995498 2.21402e-5 -0.03000843 -0.999547 4.92834e-5 -0.03009736 -0.9995518 0 -0.02993583 -0.9995533 -1.00759e-5 -0.02988874 -0.9995513 6.76644e-6 -0.02995502 -0.9995509 8.91607e-6 -0.02996867 -0.9995517 2.55419e-6 -0.02994102 -0.9995521 -1.47312e-5 -0.02992659 -0.9995511 1.74412e-5 -0.02996146 -0.9995493 5.43492e-5 -0.03002023 -0.9995521 -5.61028e-6 -0.02992624 -0.9995525 -8.33658e-6 -0.02991652 -0.9995517 -5.42412e-7 -0.02994453 -0.999552 -1.39869e-6 -0.0299322 -0.9995516 -2.07793e-6 -0.02994632 -0.999552 -2.79047e-6 -0.02993327 -0.999552 -2.86544e-6 -0.02993309 -0.9995518 1.91473e-6 -0.0299375 -0.9995523 9.59353e-7 -0.02992141 -0.9995526 -5.82763e-5 -0.02991288 -0.9995513 4.91823e-5 -0.02995437 -0.9995519 -9.91987e-7 -0.029935 -0.9995517 -1.77765e-6 -0.02994263 -0.9995523 9.86334e-7 -0.0299229 0 0 1 1.97279e-4 0 1 -1.01334e-6 0 1 7.8532e-5 0 1 1.97275e-4 0 1 1.1492e-4 0 1 -0.9995521 0 -0.02992922 -0.9995519 9.75398e-7 -0.02993494 -0.999552 0 -0.02993488 -0.9995521 -2.01896e-6 -0.02992928 -0.9995521 0 -0.02992922 -0.9995518 0 -0.02993935 -0.9995518 0 -0.02993947 -0.9995521 0 -0.02992928 -0.9995517 0 -0.02993994 -0.9995512 3.34884e-5 -0.02995592 -0.9995519 0 -0.02993512 -0.9995522 -2.64979e-5 -0.02992534 -0.9995519 -2.78262e-6 -0.02993685 -0.9995518 3.2173e-6 -0.02993822 -0.9995523 2.64976e-5 -0.02992469 -0.999552 0 -0.0299353 -0.9995512 -3.34884e-5 -0.02995592 -0.9995517 0 -0.02993994 6.19425e-5 0 -1 0 0 -1 1.3303e-6 0.9995509 -0.02996903 0 0.9995507 -0.02997636 -1.60022e-6 0.9995522 -0.02992337 -1.49962e-6 0.9995523 -0.02992248 0 0.9995523 -0.02992165 0 0.9995501 -0.0299977 -1.25731e-6 0.9995527 -0.02990645 -1.33818e-6 0.9995527 -0.0299068 3.61408e-6 0.9995494 -0.03001773 0 0.9995517 -0.02994149 1.49961e-6 0.9995523 -0.0299223 0 0.9995507 -0.02997344 -3.35853e-5 0.9995523 -0.02991992 1.25731e-6 0.9995517 -0.0299431 0 0.99955 -0.02999764 9.69542e-5 0.9995496 -0.03001213 -2.27732e-5 0.9995536 -0.02987837 1.41097e-6 0.9995506 -0.02998018 1.93676e-6 0.9995524 -0.02991962 3.43982e-7 0.9995518 -0.02993696 0 0.9995517 -0.02993994 -3.41766e-6 0.9995534 -0.02988725 1.10656e-6 0.9995513 -0.02995663 -1.41699e-6 0.9995521 -0.02992844 -1.3303e-6 0.9995509 -0.02996903 0 0.9995507 -0.02997636 0 0.9995512 -0.02995765 1.24001e-6 0.9995524 -0.02991902 1.33819e-6 0.9995517 -0.02994269 -1.4213e-6 0.9995509 -0.02996814 -4.87631e-6 0.9995512 -0.02996003 1.28954e-6 0.9995507 -0.02997511 -1.40471e-6 0.999552 -0.0299347 6.18579e-6 0.9995501 -0.02999716 -9.16412e-4 0.9995787 -0.02900981 2.48989e-5 0.9995514 -0.02995014 -2.10405e-5 0.9995519 -0.02993577 7.78901e-5 0.9995511 -0.02996367 -1.63324e-5 0.9995515 -0.02994644 1.40891e-6 0.9995527 -0.02990716 1.89559e-6 0.9995523 -0.02991944 1.02019e-6 0.9995512 -0.02995914 1.41698e-6 0.9995523 -0.02992159 -1.50667e-6 0.9995505 -0.02998006 5.27466e-6 0.9995529 -0.02989977 2.13419e-6 0.999552 -0.02993232 6.89563e-6 0.9995499 -0.03000223 1.60023e-6 0.9995515 -0.02994787 -1.70595e-6 0.9995508 -0.02997511 7.78207e-6 0.9995535 -0.02988308 7.12276e-6 0.9995518 -0.02993667 -5.09377e-6 0.9995506 -0.02997958 -3.42904e-6 0.9995516 -0.02994662 -1.62454e-5 0.9995517 -0.02993935 6.73473e-5 0.9995524 -0.02991926 1.26149e-5 0.9995524 -0.02991825 7.38969e-7 0.9995517 -0.0299437 -3.8925e-7 0.9995521 -0.02992755 -8.19166e-7 0.9995524 -0.02991813 -6.80036e-7 0.9995514 -0.02995151 -4.75161e-7 0.999552 -0.02993398 4.2162e-7 0.9995518 -0.02993649 4.67952e-7 0.9995507 -0.02997368 8.5828e-7 0.9995519 -0.029935 -3.48562e-7 0.9995518 -0.0299372 0 0.9995518 -0.02993619 6.4428e-7 0.9995519 -0.02993583 -3.61568e-5 0.9995522 -0.02992391 -2.40587e-5 0.9995524 -0.02992123 -8.58275e-7 0.9995519 -0.02993482 -7.78208e-6 0.9995523 -0.02992296 1.70598e-6 0.9995507 -0.02997565 0 0.9995523 -0.02992397 0 0.9995515 -0.02994793 0 0.9995526 -0.02991127 -3.8166e-6 0.9995493 -0.03002011 3.24689e-6 0.9995534 -0.02988678 0 0.9995503 -0.02998888 0 0.9995522 -0.02992552 2.64743e-6 0.9995554 -0.02982056 -2.18665e-5 0.9995549 -0.02983558 6.35472e-6 0.9995512 -0.02995783 0 0.9995519 -0.02993637 2.28321e-5 0.9995521 -0.02992862 3.26418e-5 0.9995517 -0.02994334 0 0.9995519 -0.02993631 2.25967e-5 0.9995521 -0.02993023 -2.68679e-5 0.9995518 -0.02993917 -7.78918e-5 0.999551 -0.02996683 3.6162e-5 0.9995521 -0.0299282 0 0.9995518 -0.02993595 0 0.9995511 -0.02996206 6.97108e-7 0.9995532 -0.02989196 -1.24417e-5 0.9995521 -0.02992701 -6.73402e-5 0.9995524 -0.0299161 1.63954e-5 0.9995516 -0.02994477 -2.40199e-6 0.9995506 -0.02997916 0 0.9995529 -0.0299018 -2.8703e-7 0.9995523 -0.02992093 -2.50248e-5 0.9995537 -0.02987539 1.33115e-6 0.9995519 -0.0299341 1.79269e-6 0.9995521 -0.02992862 9.53118e-6 0.9995502 -0.0299896 9.83029e-7 0.9995516 -0.02994698 -2.46013e-6 0.9995527 -0.02990704 -2.00931e-6 0.999552 -0.02993392 1.10726e-6 0.9995499 -0.03000289 1.12012e-6 0.9995529 -0.02990263 1.63302e-5 0.9995518 -0.02993887 2.68699e-5 0.9995517 -0.02994143 -2.25974e-5 0.9995521 -0.02993112 5.93149e-6 0.9995496 -0.03001356 2.87028e-7 0.9995524 -0.02992069 8.55294e-6 0.9995495 -0.03001618 1.73095e-5 0.9995518 -0.02993547 -1.8991e-5 0.9995552 -0.02982717 0 0.9995518 -0.02993988 3.01536e-5 0.9995486 -0.03004276 5.7299e-7 0.9995515 -0.02994757 1.81725e-5 0.9995473 -0.03009057 6.9541e-6 0.9995486 -0.03004473 1.50667e-6 0.9995505 -0.02998006 -5.27466e-6 0.9995529 -0.02989977 -2.1342e-6 0.9995508 -0.02997142 0 0.999552 -0.02993506 2.40594e-5 0.9995517 -0.02994292 -3.26387e-5 0.9995518 -0.02994054 4.69107e-5 0.9995427 -0.03024119 8.77278e-6 0.9995548 -0.02983903 -4.10114e-5 0.9995414 -0.03028529 1.06953e-6 0.9995526 -0.02991247 7.6989e-6 0.9995554 -0.0298174 8.19167e-7 0.9995524 -0.02991813 3.81141e-7 0.9995521 -0.02992761 -7.38967e-7 0.9995514 -0.02995127 0 0.9995519 -0.02993643 -3.97694e-6 0.9995529 -0.02990293 3.39219e-6 0.9995515 -0.02994918 -8.83776e-6 0.9995556 -0.02981132 -3.43239e-6 0.9995537 -0.02987545 -4.60421e-7 0.9995518 -0.02993839 -4.04535e-6 0.9995521 -0.02992904 0 0.9995532 -0.02989077 0 0.9995528 -0.02990496 0 0.9995519 -0.02993595 0 0.9995523 -0.02992439 0 0.9995522 -0.02992641 0 0.9995512 -0.02995795 -6.95409e-6 0.9995497 -0.03000807 -1.81722e-5 0.9995532 -0.02989202 8.13641e-7 0.9995522 -0.02992457 9.11981e-5 0.9995872 -0.02873438 4.92633e-6 0.9995558 -0.02980524 1.22883e-6 0.9995519 -0.02993696 -2.77854e-5 0.9995521 -0.0299285 -2.28336e-5 0.999552 -0.02993065 -1.03748e-6 0.9995514 -0.02995258 -1.89559e-6 0.9995524 -0.0299195 -1.40891e-6 0.9995539 -0.02986824 -4.67952e-7 0.9995508 -0.02997368 -4.08236e-7 0.9995519 -0.02993392 5.72199e-7 0.9995518 -0.02993649 6.72036e-7 0.9995514 -0.02995157 0 0.9995518 -0.02993607 8.26988e-6 0.999551 -0.02996492 -9.37577e-5 0.9995618 -0.0296024 2.53108e-5 0.9995509 -0.0299707 -3.86968e-5 0.9995534 -0.02988421 4.80302e-7 0.9995519 -0.02993643 -1.02011e-6 0.9995511 -0.02996474 -3.09171e-7 0.9995517 -0.02994042 0 0.9995518 -0.02994006 0 0.9995518 -0.02993655 -0.9995518 0 -0.02993589 -0.9995519 0 -0.02993589 -6.02845e-5 0 1 2.41138e-4 0 1 1.90999e-5 0 1 -2.8323e-6 0 1 4.17732e-6 0 1 -4.88687e-5 0 1 1.62411e-5 0 1 6.10859e-6 0 1 4.77537e-6 0 1 -1.1329e-6 0 1 -2.26589e-6 0 1 -0.999552 0 -0.02993488 -0.999552 0 -0.02993494 1.27291e-4 0 -1 1.12525e-6 0 -1 -6.36132e-5 0 -1 2.36197e-6 0 -1 -1.13631e-5 0 -1 3.36134e-5 0 -1 0 -0.9995507 -0.02997457 5.92729e-7 -0.9995513 -0.02995574 2.18031e-6 -0.9995519 -0.02993708 6.85536e-7 -0.9995514 -0.02995449 0 -0.9995507 -0.02997505 -6.08139e-7 -0.9995514 -0.02995443 0 -0.9995507 -0.02997636 -4.87631e-6 -0.9995506 -0.02998036 2.13195e-6 -0.9995519 -0.02993404 1.80655e-6 -0.9995518 -0.02993679 1.82327e-6 -0.9995519 -0.02993673 5.74767e-7 -0.9995512 -0.02995568 0 -0.9995507 -0.02997457 -5.12644e-5 -0.9995498 -0.03000515 2.16586e-5 -0.9995529 -0.02990269 -2.18769e-5 -0.9995509 -0.02996706 -2.50982e-6 -0.9995507 -0.0299772 -8.66058e-7 -0.9995513 -0.02995467 0 -0.9995518 -0.02993595 -6.85541e-7 -0.9995513 -0.02995538 0 -0.9995507 -0.02997422 1.93064e-6 -0.9995518 -0.0299369 6.08139e-7 -0.9995514 -0.02995443 0 -0.9995507 -0.02997636 -1.74088e-6 -0.9995513 -0.02995467 -1.55001e-7 -0.9995519 -0.02993631 4.71594e-7 -0.9995523 -0.02992486 -4.80886e-7 -0.999552 -0.02993386 -4.75348e-7 -0.9995519 -0.02993357 -2.45067e-6 -0.9995519 -0.02993619 2.80305e-6 -0.9995521 -0.02992963 -5.12649e-5 -0.9995498 -0.03000587 2.1658e-5 -0.9995529 -0.02990359 -2.18779e-5 -0.9995509 -0.02996844 -2.56551e-6 -0.9995519 -0.02993625 -4.72241e-7 -0.9995519 -0.02993357 -4.80883e-7 -0.9995519 -0.02993488 4.5413e-7 -0.9995523 -0.02992391 0 -0.9995519 -0.02993392 -3.58161e-5 -0.9995521 -0.02992695 2.15954e-6 -0.999552 -0.02993357 4.35795e-6 -0.9995523 -0.02992415 2.55894e-6 -0.999552 -0.02993488 1.45768e-6 -0.9995518 -0.02993595 -2.88354e-5 -0.9995509 -0.02996844 -6.97123e-7 -0.9995518 -0.02993655 -4.50489e-5 -0.9995515 -0.02994829 9.71068e-6 -0.9995523 -0.0299229 -1.3343e-5 -0.9995517 -0.02994167 2.92508e-6 -0.999552 -0.02993333 -9.83079e-7 -0.9995519 -0.02993607 -1.53154e-5 -0.9995548 -0.02984046 6.54411e-6 -0.9995524 -0.02991569 -1.01259e-5 -0.9995509 -0.02996808 1.95945e-7 -0.9995519 -0.0299341 -2.89341e-5 -0.9995521 -0.02992641 5.42656e-5 -0.9995514 -0.02995157 -3.71216e-5 -0.9995523 -0.02992528 7.13434e-7 -0.9995519 -0.02993547 -7.20936e-7 -0.9995519 -0.02993577 4.48615e-5 -0.9995515 -0.02994692 -2.1803e-6 -0.9995519 -0.02993685 -2.55898e-6 -0.9995518 -0.02993535 -4.35801e-6 -0.9995523 -0.02992391 7.64998e-5 -0.9995531 -0.02989554 -2.52014e-6 -0.9995531 -0.02989596 -1.71041e-5 -0.9995622 -0.02959001 -6.43544e-7 -0.9995523 -0.02992528 2.99185e-6 -0.9995512 -0.02995836 1.24648e-6 -0.9995517 -0.02994424 -9.00741e-5 -0.999567 -0.02942281 4.2082e-5 -0.9995444 -0.03018456 -2.3123e-7 -0.9995518 -0.02993732 1.43876e-5 -0.9995533 -0.02988791 0 -0.9995519 -0.02993589 -7.65351e-5 -0.999553 -0.02989768 3.51773e-5 -0.9995514 -0.02995216 -2.15953e-6 -0.9995519 -0.02993351 3.48554e-7 -0.9995518 -0.02993798 -1.908e-7 -0.9995518 -0.02993589 -5.41128e-5 -0.9995517 -0.02994501 3.56666e-5 -0.999552 -0.02993017 7.32128e-7 -0.999552 -0.0299319 -6.57047e-7 -0.9995518 -0.02993732 3.7115e-5 -0.9995523 -0.02992397 1.60535e-6 -0.9995511 -0.02996188 -1.83901e-6 -0.9995526 -0.02991133 4.00159e-7 -0.999552 -0.02993237 2.86119e-6 -0.9995507 -0.02997624 -1.08703e-6 -0.999552 -0.02993327 8.79558e-6 -0.9995517 -0.02993971 0 -0.9995518 -0.02993571 -8.24499e-6 -0.999552 -0.02993267 -5.42515e-5 -0.9995514 -0.029953 2.89576e-5 -0.9995522 -0.02992421 8.24475e-6 -0.9995519 -0.02993363 1.24849e-6 -0.9995518 -0.02993619 -4.64004e-7 -0.9995517 -0.02994483 -1.93065e-6 -0.9995518 -0.02993696 -2.26001e-6 -0.999552 -0.02993404 1.75822e-6 -0.9995511 -0.02995997 0 -0.9995519 -0.02993553 -8.77817e-6 -0.9995517 -0.02993941 -3.51806e-5 -0.9995514 -0.02995496 1.97552e-5 -0.9995549 -0.02983379 1.12137e-6 -0.999552 -0.0299341 -1.75118e-5 -0.9995512 -0.02995979 -1.00073e-5 -0.9995517 -0.02994167 9.71001e-6 -0.9995523 -0.02992188 2.04108e-6 -0.999552 -0.02993357 -4.74617e-6 -0.9995511 -0.02996027 2.27087e-6 -0.9995526 -0.02991384 -2.06802e-7 -0.9995519 -0.02993607 -2.72064e-5 -0.9995512 -0.029958 4.78419e-7 -0.999552 -0.02993369 1.2036e-6 -0.999552 -0.02993416 2.26001e-6 -0.999552 -0.02993404 -1.75822e-6 -0.9995511 -0.02995997 9.14653e-7 -0.9995518 -0.02993959 -6.66375e-7 -0.9995522 -0.02992427 -1.17657e-6 -0.9995516 -0.0299468 -1.8156e-6 -0.9995521 -0.02992874 -9.14657e-7 -0.9995518 -0.02993977 -5.11609e-7 -0.9995518 -0.02993601 2.85774e-5 -0.9995526 -0.02991098 -4.4767e-5 -0.9995507 -0.02997452 9.68109e-7 -0.9995512 -0.02996081 -9.45545e-6 -0.9995534 -0.02988559 3.79456e-6 -0.9995511 -0.02996122 -9.23954e-7 -0.9995523 -0.02992296 -2.6969e-6 -0.9995525 -0.02991396 4.21636e-6 -0.9995508 -0.0299713 -1.10228e-5 -0.9995509 -0.02996736 -1.06911e-4 -0.9995421 -0.03026133 2.36264e-6 -0.9995521 -0.02992808 -3.5889e-5 -0.9995449 -0.03016692 -4.73081e-6 -0.9995511 -0.02996063 1.9755e-5 -0.9995549 -0.02983343 1.28049e-6 -0.9995519 -0.02993571 2.04109e-6 -0.9995519 -0.02993357 2.56305e-5 -0.9995526 -0.02991241 7.89497e-6 -0.9995521 -0.02992951 0 -0.9995518 -0.02993571 -9.23084e-6 -0.9995515 -0.02994555 -4.17041e-5 -0.9995507 -0.02997708 1.87695e-6 -0.999552 -0.02993321 -3.05738e-7 -0.9995474 -0.03008455 -1.91891e-7 -0.999554 -0.02986377 1.83289e-6 -0.9995521 -0.02992874 1.16023e-6 -0.9995515 -0.02994716 6.66374e-7 -0.9995523 -0.02992361 6.61588e-7 -0.9995523 -0.02992153 1.08082e-6 -0.9995519 -0.02993363 -1.08417e-6 -0.9995518 -0.02993732 -1.02415e-6 -0.9995518 -0.02993679 -1.1112e-6 -0.9995518 -0.0299372 -9.56906e-7 -0.999552 -0.02993172 1.06297e-6 -0.9995519 -0.02993559 1.06406e-6 -0.9995518 -0.02993822 9.57012e-7 -0.9995519 -0.02993363 -1.20463e-6 -0.9995518 -0.02993732 -6.61588e-7 -0.9995523 -0.02992159 2.78783e-5 -0.9995531 -0.02989524 -1.71897e-5 -0.9995511 -0.02996158 1.31737e-5 -0.9995524 -0.02991586 0 -0.9995518 -0.02993589 -1.81316e-5 -0.9995505 -0.02998006 0 -0.9995519 -0.02993565 -1.59046e-6 -0.9995489 -0.03003829 0 -0.999554 -0.02986311 4.85287e-7 -0.9995552 -0.02982634 8.96434e-7 -0.9995503 -0.0299884 1.43014e-5 0 -1 -1.38781e-5 0 -1 0 -0.9995518 -0.02993577 0.9995508 0 -0.02997481 0.9995507 0 -0.02997469 0.9995519 -1.03615e-5 -0.02993416 0.9995508 0 -0.02997481 0.9995519 8.35299e-6 -0.02993375 0.999552 0 -0.02993237 0.9995518 -9.79108e-6 -0.02993756 0.9995512 0 -0.02995795 0.9995526 2.98516e-5 -0.02991437 0.999552 0 -0.02993202 0.9995519 -8.35299e-6 -0.02993369 0.9995519 1.03613e-5 -0.02993386 0.9995507 0 -0.02997493 0.9995527 0 -0.02990621 0.9995513 0 -0.02995687 0.999552 0 -0.02993237 0.9995518 0 -0.02993601 0.9995517 0 -0.02994406 0.9995523 8.98259e-5 -0.02992326 0.9995288 -1.10599e-4 -0.03069818 0.9995504 -3.63802e-6 -0.02998507 0.9995521 0 -0.02992606 0.9995518 2.77621e-5 -0.02993899 0.9995536 5.72495e-5 -0.02987837 0.9995514 0 -0.02995228 0.9995518 0 -0.02993625 0.9995518 8.04121e-5 -0.02993905 0.9995521 -1.27739e-4 -0.0299257 0.9995519 0 -0.02993357 0.9995515 0 -0.02994722 0.9995516 0 -0.02994632 0.9995518 -7.2246e-5 -0.02993839 0.9995517 -7.86008e-5 -0.02994197 0.999552 0 -0.02993148 0.9995524 2.72445e-5 -0.0299192 0.9995521 4.35608e-5 -0.02993124 0.9995519 -2.19403e-4 -0.02993559 0.9995518 6.66714e-6 -0.02993601 0.9995518 0 -0.02993637 0.999552 0 -0.02993488 0.999552 -4.90743e-6 -0.02993267 0.9995512 0 -0.02995717 0.9995527 0 -0.02990686 0.999552 4.85278e-6 -0.029935 0.9995522 9.18637e-5 -0.02992457 0.9995518 0 -0.02993845 0.9995501 1.25873e-5 -0.02999335 0.9995526 1.21259e-5 -0.02991521 0.9995604 0 -0.02964931 0.9995524 -4.16758e-5 -0.02991926 0.9995517 -5.99367e-6 -0.02994138 0.9995518 0 -0.02993643 0.9995518 1.43605e-6 -0.02993649 0.9995519 0 -0.02993482 0.9995518 0 -0.02993744 0.9995528 0 -0.02990508 0.9995521 2.04883e-6 -0.02992552 0.9995514 1.30868e-5 -0.02995091 0.999552 0 -0.02993476 0.9995519 0 -0.02993619 0.9995518 -9.16723e-6 -0.02993595 0.9995519 2.19403e-4 -0.02993476 0.999552 0 -0.02993214 0.9995515 8.13775e-6 -0.02994799 0.9995537 0 -0.02987319 0.9995518 0 -0.02993595 0.999551 0 -0.02996331 0.9995506 1.05672e-5 -0.02997827 0.9995521 -9.13943e-5 -0.02992784 0.9995522 -8.98259e-5 -0.02992463 0.9995517 0 -0.0299443 0.9995519 0 -0.02993601 0.9995521 0 -0.02993136 0.9995518 7.86008e-5 -0.02994072 0.9995528 -2.40425e-6 -0.02990502 0.9995522 0 -0.0299257 0.9995515 -1.30866e-5 -0.02995049 0.9995512 0 -0.02995842 0.9995518 0 -0.02993869 0.9995526 -2.98525e-5 -0.02991479 0.9995604 5.25777e-5 -0.0296511 0.9995523 4.16775e-5 -0.02992022 0.9995527 2.20364e-5 -0.02991133 0.9995519 0 -0.02993637 0.9995498 -2.64145e-5 -0.03000438 0.9995549 0 -0.02983689 0.9995518 0 -0.0299375 0.9995525 -1.21258e-5 -0.02991485 0.9995509 -9.77078e-6 -0.02996534 0.9995518 1.66559e-5 -0.02993655 0.9995507 -1.0567e-5 -0.02997803 0.9995524 -2.72432e-5 -0.02991807 0.9995521 9.13991e-5 -0.02992814 0.9995521 0 -0.0299279 0.9995518 -3.96794e-6 -0.02993756 0.9995544 -7.11042e-6 -0.02985274 0.9995523 0 -0.02992308 0.9995537 0 -0.02987313 0.9995515 -8.13768e-6 -0.02994781 0.9995518 2.46278e-6 -0.02993714 0.9995517 4.05886e-6 -0.02994126 0.999552 5.53144e-6 -0.02993482 0.9995518 -7.65892e-6 -0.02993649 0.9995518 0 -0.0299378 -9.50548e-7 0 -1 -2.65268e-5 0 -1 -9.86412e-5 0 1 -1.97286e-4 0 1 -7.85765e-5 0 1 0.999552 0 -0.02993434 0.9995521 2.30738e-6 -0.02992933 0.9995521 0 -0.02992922 0.9995519 -5.47592e-7 -0.02993434 0.9995521 8.47931e-5 -0.0299313 0.9995521 0 -0.02992928 0.9995521 0 -0.02992922 0.999552 0 -0.02993518 0.9995514 -3.96899e-5 -0.02995163 0.9995518 0 -0.02993881 0.999552 -4.4522e-5 -0.02993476 0.9995518 0 -0.02993702 0.9995518 0 -0.0299369 0.9995518 0 -0.02993881 0.9995514 3.96899e-5 -0.02995133 0.999552 0 -0.0299353 0.9995521 -8.47918e-5 -0.02993083 0.9995518 4.45205e-5 -0.02993583 0 -0.9995518 -0.02993589 0 -0.9995518 -0.02993595 1.38752e-5 0 -1 -6.83924e-7 0 -1 0 -0.9995518 -0.02993577 -0.9995519 0 -0.02993589 -0.9995519 0 -0.02993589 -2.26583e-6 0 1 1.09615e-5 0 1 -2.19231e-5 0 1 -0.999552 0 -0.02993494 -0.999552 0 -0.02993488 0.9995519 0 -0.02993595 0.9995519 0 -0.02993595 0 -0.9995518 -0.02993601 0 -0.9995518 -0.02993583 9.00178e-6 0 -1 -1.68784e-6 0 -1 9.44782e-6 0 -1 8.40257e-6 0 -1 4.77885e-6 0 -1 0 0.9995518 -0.02993583 0 0.9995518 -0.02993613 -1.12523e-6 0 -1 2.25045e-6 0 -1 1.13629e-5 0 -1 1.13631e-5 0 -1 -1.91146e-5 0 -1 -9.44786e-6 0 -1 0.9969227 0.00234431 -0.07835739 0.9969226 0.002348661 -0.07835733 0.97236 0.006989777 -0.2333823 0.9723604 0.006986677 -0.233381 0.92389 0.01145774 -0.3824866 0.9238817 0.01145422 -0.3825069 0.8526499 0.01564371 -0.5222486 0.852658 0.01564174 -0.5222355 0.7603806 0.01944464 -0.6491868 0.7603996 0.01944345 -0.6491646 0.6494462 0.02276355 -0.7600669 0.6494529 0.02276068 -0.7600611 0.5225436 0.02552276 -0.8522305 0.5225282 0.02552735 -0.8522397 0.3826131 0.02766013 -0.9234946 0.3827033 0.02765446 -0.9234573 0.2334733 0.02910411 -0.9719276 0.2334278 0.02911412 -0.9719383 0.07841134 0.02984637 -0.9964743 0.07851749 0.02984094 -0.996466 0 0.02993297 -0.999552 0 0.02993303 -0.999552 -0.0784173 0.02983981 -0.996474 -0.07850241 0.02984762 -0.9964671 -0.2335162 0.02911061 -0.9719172 -0.2333844 0.02910548 -0.9719489 -0.382623 0.02765399 -0.9234906 -0.382694 0.02765947 -0.9234611 -0.5225799 0.02552497 -0.8522082 -0.5224913 0.02552372 -0.8522625 -0.6494508 0.02276146 -0.760063 -0.6494719 0.02276289 -0.7600448 -0.7603673 0.01944237 -0.6492023 -0.7603897 0.01944357 -0.649176 -0.8526511 0.01564359 -0.5222465 -0.8526568 0.01564341 -0.5222374 -0.9238843 0.01145803 -0.3825004 -0.9238703 0.01145684 -0.3825342 -0.9723643 0.006988465 -0.2333644 -0.9723668 0.006989657 -0.2333539 -0.9969228 0.002348601 -0.07835525 -0.9969225 0.002346038 -0.07835954 -1 1.32608e-6 0 -1 0 0 -0.9969226 -0.002343595 0.07835763 -0.9969229 -0.002350747 0.07835352 -0.9723706 -0.006986498 0.233338 -0.9723661 -0.006990671 0.2333566 -0.9238701 -0.0114575 0.3825348 -0.9238682 -0.01145517 0.3825394 -0.852657 -0.01564216 0.5222369 -0.852651 -0.01564556 0.5222467 -0.7604121 -0.01944231 0.6491498 -0.7603976 -0.01943939 0.649167 -0.6494486 -0.02276372 0.7600646 -0.6494632 -0.02276283 0.7600522 -0.5224772 -0.02552837 0.8522711 -0.5225076 -0.02552813 0.8522524 -0.3827028 -0.02766072 0.9234574 -0.3827046 -0.02766096 0.9234566 -0.2334151 -0.02911502 0.9719412 -0.233393 -0.02911156 0.9719467 -0.07843828 -0.02984732 0.9964721 -0.07842105 -0.0298441 0.9964735 0 -0.02993714 0.9995518 0 -0.02993714 0.9995518 0.07842296 -0.02984559 0.9964734 0.07844012 -0.02984642 0.996472 0.233393 -0.02911394 0.9719465 0.2334151 -0.02911341 0.9719413 0.3827046 -0.02766174 0.9234566 0.3827028 -0.02766227 0.9234574 0.5224894 -0.02553081 0.8522635 0.5224949 -0.02552199 0.8522604 0.6494515 -0.02276396 0.7600623 0.6494371 -0.0227589 0.7600748 0.7604292 -0.01943677 0.6491299 0.7604045 -0.01944762 0.6491587 0.8526511 -0.01563912 0.5222467 0.8526571 -0.01564496 0.5222369 0.9238734 -0.01145553 0.3825269 0.9238816 -0.01145607 0.3825069 0.9723643 -0.0069862 0.2333645 0.9723618 -0.00699073 0.2333744 0.9969227 -0.002349555 0.07835674 0.9969229 -0.002344667 0.07835298 1 -3.00793e-6 0 1 0 0 -1 -1.6973e-7 0 1 1.56974e-6 0 0.07846903 0.02982151 -0.9964705 0.07841175 0.02984887 -0.9964741 0.2334526 0.02911299 -0.9719324 0.2334796 0.0291 -0.9719262 0.3827115 0.0276485 -0.9234542 0.382697 0.02765613 -0.9234599 0.5224618 0.02553343 -0.8522803 0.5224819 0.02552199 -0.8522685 0.6494598 0.02276843 -0.7600551 0.6494809 0.02275627 -0.7600373 0.7604073 0.01943933 -0.6491554 0.7603954 0.01945531 -0.649169 0.8526319 0.01564329 -0.5222778 0.8526369 0.01565062 -0.5222696 0.9238641 0.01144897 -0.3825494 0.92387 0.01146197 -0.3825352 0.9723775 0.00698477 -0.2333093 0.972374 0.00699079 -0.2333242 0.9969192 0.002357721 -0.07840162 0.9969194 0.00234735 -0.0783987 0 0.02991241 -0.9995526 0 0.02991241 -0.9995526 -0.9969192 0.002349257 -0.07840096 -0.9969193 0.0023458 -0.07839995 -0.9723666 0.006991565 -0.2333548 -0.972363 0.006981551 -0.23337 -0.9238817 0.011451 -0.3825069 -0.9238864 0.01145666 -0.3824955 -0.8526514 0.01564025 -0.5222464 -0.8526606 0.01564157 -0.522231 -0.7603778 0.01945108 -0.6491897 -0.7603776 0.01943707 -0.6491904 -0.6494714 0.02275508 -0.7600456 -0.6494868 0.02275997 -0.7600322 -0.5224746 0.02552628 -0.8522727 -0.5224614 0.02552628 -0.8522807 -0.3827121 0.02765929 -0.9234535 -0.3826953 0.02765226 -0.9234608 -0.2334617 0.02909773 -0.9719306 -0.2334711 0.02911531 -0.9719278 -0.07847142 0.02985042 -0.9964694 -0.07841116 0.02982026 -0.9964751 -0.7660582 -0.02144438 0.6424135 -0.7798194 -0.01874089 0.625724 -0.855063 -0.01552486 0.5182917 -0.8550468 -0.01552015 0.5183187 -0.9251452 -0.01136267 0.3794437 -0.9251471 -0.01136237 0.3794389 -0.9728274 -0.006931066 0.2314281 -0.9728279 -0.00693345 0.2314256 -0.996972 -0.002328515 0.07772761 -0.9969719 -0.002327084 0.07772874 0.996972 -0.002325594 0.07772696 0.9969719 -0.002327859 0.07772934 0.9728267 -0.006932199 0.2314305 0.9728286 -0.00692892 0.2314233 0.9251369 -0.01136261 0.3794638 0.925144 -0.01135975 0.3794466 0.8550775 -0.01551699 0.5182682 0.8550613 -0.01552587 0.5182947 0.7798165 -0.01874637 0.6257275 0.7660604 -0.02144181 0.6424111 -1.73918e-6 0 1 0 -0.999552 -0.0299353 -3.56855e-5 -0.9995518 -0.02993798 0 -0.9995489 -0.03003549 1.17073e-5 -0.9995519 -0.02993553 -2.68691e-5 -0.9995521 -0.02992802 2.74182e-5 -0.999552 -0.02993011 3.60968e-6 -0.9995519 -0.02993488 0 -0.9995518 -0.02993565 0 -0.9995518 -0.02993565 -3.59448e-6 -0.9995519 -0.0299353 -1.91001e-5 0 1 9.06339e-6 0 1 -1.69939e-6 0 1 2.19238e-5 0 1 1.62416e-5 0 1 1.13292e-6 0 1 0 -0.9995518 -0.02993577 -2.60877e-6 0 1 0 0.9995518 -0.02993929 2.91285e-5 0.9995518 -0.02993828 0 0.9995506 -0.02997714 -1.43312e-5 0.9995518 -0.02994024 4.65354e-5 0.9995521 -0.02992582 -4.56628e-5 0.9995519 -0.02993547 3.23503e-5 0.9995518 -0.02994054 0 0.9995518 -0.02993631 0 0.9995518 -0.02993899 -3.24871e-5 0.9995514 -0.02995163 0 0.9995517 -0.02993977 0 0.9995518 -0.02993786 2.40626e-6 0 -1 -2.27378e-6 0 -1 0 1 4.73554e-6 0 1 1.06589e-5 0 1 -1.8062e-5 0 1 1.29351e-4 0 1 9.03104e-6 0 1 -2.06961e-4 0 1 -6.51126e-6 0 1 -3.62188e-4 0 1 -5.17397e-5 0.999552 0 -0.02993428 0.999552 0 -0.02993434 -8.93802e-7 0 -1 -6.18965e-5 0 -1 0 0.9995518 -0.02993786 0 0.9995517 -0.02994143 -0.4983604 -0.8664696 -0.02945172 -0.703202 -0.7104242 -0.02836179 -0.7067688 -0.7068801 -0.02826023 -0.7011497 -0.7124478 -0.02841246 -0.7001504 -0.7134284 -0.02844864 -0.7045578 -0.7090809 -0.02832907 -0.6981609 -0.7153734 -0.0285021 -0.6969454 -0.716556 -0.02854174 -0.692234 -0.7211036 -0.02866631 -0.6828365 -0.7299991 -0.02890574 -0.6609778 -0.7498307 -0.02936822 -0.5631663 -0.8258332 -0.02904266 -0.5222736 -0.8522557 -0.02984321 -0.6035789 -0.7967414 -0.02992939 -0.6329342 -0.7736341 -0.02974581 -0.7737417 -0.6328024 -0.02974754 -0.7497196 -0.6611038 -0.02936661 -0.730216 -0.6826043 -0.02891135 -0.7078207 -0.7057576 -0.02993595 -0.7210978 -0.6922401 -0.02866607 -0.7167255 -0.696771 -0.02854371 -0.7600752 -0.649153 -0.02976781 -0.7138317 -0.6996775 -0.02992874 -0.7084624 -0.7051134 -0.02993911 -0.7159222 -0.6975384 -0.02992838 -0.7059628 -0.7076162 -0.02993178 -0.7057539 -0.7078243 -0.02993667 -0.7126486 -0.7008825 -0.029931 -0.7055965 -0.7079817 -0.02992987 -0.6491565 -0.7600692 -0.02984344 -0.7084175 -0.7052297 -0.02820891 -0.7095049 -0.7041373 -0.02816867 -0.8664746 -0.4983519 -0.02945178 -0.7966395 -0.6037135 -0.02992922 -0.8522562 -0.5222727 -0.02984327 -0.8258228 -0.5631816 -0.02904194 -0.5145182 -0.8569593 -0.02986365 -0.3824828 -0.9234806 -0.02984356 -0.3825413 -0.9234563 -0.02984422 -0.2333419 -0.9719367 -0.02984416 -0.2333 -0.9719468 -0.02984386 -0.07848548 -0.9964685 -0.02984392 -0.07845526 -0.9964709 -0.02984368 -0.8569617 -0.5145142 -0.02986365 -0.9234568 -0.3825403 -0.0298438 -0.9234747 -0.3824969 -0.02984428 -0.9719469 -0.2332996 -0.02984404 -0.9719194 -0.2334143 -0.02984297 -0.9964709 -0.07845544 -0.02984327 -0.9964746 -0.07840681 -0.02984374 0.8664635 -0.4983714 -0.02944713 0.7097614 -0.703871 -0.02836292 0.7054682 -0.7081797 -0.02821797 0.715255 -0.698282 -0.02850556 0.7028868 -0.7107457 -0.0281217 0.7169359 -0.696553 -0.0285831 0.7122706 -0.7013309 -0.0283842 0.7182235 -0.6952245 -0.02860152 0.7202376 -0.6931362 -0.02863591 0.7305178 -0.6822809 -0.02892243 0.7496668 -0.6611637 -0.02936559 0.8261045 -0.5627678 -0.02905184 0.8522738 -0.522244 -0.02984368 0.7965294 -0.6038588 -0.02992647 0.7737627 -0.6327767 -0.02974951 0.6327121 -0.7738157 -0.02974373 0.6610604 -0.749758 -0.02936381 0.6825907 -0.730229 -0.02890574 0.7036331 -0.7099281 -0.03004354 0.6917618 -0.7215569 -0.02865761 0.6970337 -0.7164704 -0.02853387 0.649212 -0.7600249 -0.02976852 0.6969509 -0.716497 -0.02986097 0.7048272 -0.7087519 -0.02982288 0.7067933 -0.706784 -0.02999573 0.6958164 -0.7176087 -0.02962154 0.7103161 -0.7032349 -0.03019422 0.691578 -0.721708 -0.02928155 0.7154983 -0.6979625 -0.03017646 0.7600203 -0.6492138 -0.02984267 0.6999319 -0.7136584 -0.02805906 0.7161039 -0.6974124 -0.02848368 0.4984328 -0.8664278 -0.0294553 0.6037716 -0.7965953 -0.0299319 0.5222979 -0.8522408 -0.02984398 0.5630421 -0.825918 -0.02904075 0.856949 -0.5145354 -0.02986323 0.9234776 -0.38249 -0.02984374 0.9234671 -0.3825155 -0.02984416 0.9719175 -0.2334219 -0.02984392 0.9719491 -0.2332904 -0.02984356 0.9964687 -0.07848393 -0.02984297 0.996471 -0.07845383 -0.02984374 0.5145309 -0.8569517 -0.02986347 0.3825492 -0.923453 -0.02984452 0.3824802 -0.9234817 -0.02984184 0.2333165 -0.9719429 -0.0298447 0.2333225 -0.9719414 -0.02984404 0.07845026 -0.9964713 -0.02984327 0.07848668 -0.9964684 -0.02984386 0.9995519 0 -0.02993601 0.9995518 0 -0.02993595 -0.86649 0.4983249 -0.02945035 -0.704874 0.7087711 -0.02821803 -0.7105047 0.7031209 -0.02835899 -0.7143093 0.699252 -0.0284425 -0.7133364 0.700253 -0.02823019 -0.7072165 0.7064332 -0.02823191 -0.7162904 0.6972152 -0.02862012 -0.7164889 0.6970159 -0.02850598 -0.7211763 0.6921575 -0.02868187 -0.7299804 0.6828564 -0.02891057 -0.7497887 0.6610254 -0.02936643 -0.8258771 0.5631017 -0.02904677 -0.8522531 0.522278 -0.02984362 -0.7966347 0.6037195 -0.02993047 -0.7737585 0.6327821 -0.02974581 -0.6329621 0.7736113 -0.02974635 -0.6609936 0.7498166 -0.02936971 -0.6827351 0.7300939 -0.02890825 -0.7024745 0.7110819 -0.02987021 -0.6926504 0.7207039 -0.02865868 -0.6965222 0.7169671 -0.0285508 -0.6491527 0.7600755 -0.02976846 -0.6994479 0.714057 -0.02992027 -0.7014876 0.7120545 -0.02989351 -0.7059099 0.707669 -0.02992838 -0.7069104 0.7066652 -0.03003692 -0.7037313 0.7098339 -0.02996915 -0.7070213 0.706557 -0.02996665 -0.7118743 0.7016742 -0.02980649 -0.7601004 0.6491201 -0.02984374 -0.7030552 0.7105849 -0.02797192 -0.7067725 0.7068789 -0.02819734 -0.4983838 0.8664562 -0.02945041 -0.6036123 0.7967162 -0.02992916 -0.5222474 0.8522718 -0.02984309 -0.5631189 0.8258653 -0.02904367 -0.856954 0.5145272 -0.02986341 -0.9234817 0.3824804 -0.02984315 -0.9234579 0.3825374 -0.0298447 -0.9719173 0.2334229 -0.02984398 -0.9719443 0.23331 -0.0298435 -0.9964741 0.07841408 -0.02984273 -0.9964708 0.07845669 -0.02984297 -0.514564 0.8569318 -0.0298627 -0.382527 0.9234623 -0.02984303 -0.3824037 0.9235134 -0.02984464 -0.2333227 0.9719413 -0.02984392 -0.2334055 0.9719215 -0.02984338 -0.07843089 0.9964728 -0.0298435 -0.07837927 0.9964768 -0.02984404 0.4984561 0.8664145 -0.02945393 0.7024196 0.7112014 -0.0282725 0.7041009 0.7095298 -0.02845311 0.7018508 0.7117765 -0.02792334 0.702204 0.7114073 -0.02844673 0.7060815 0.7075546 -0.02855575 0.6962774 0.7172078 -0.0284754 0.6966105 0.7168815 -0.02854704 0.6921786 0.7211576 -0.02864551 0.6824892 0.7303238 -0.02891016 0.6610763 0.7497439 -0.02936339 0.5629947 0.8259502 -0.02904242 0.5222715 0.852257 -0.02984428 0.6038048 0.79657 -0.02993237 0.6327468 0.7737874 -0.02974504 0.7737554 0.6327857 -0.02974712 0.7497358 0.6610852 -0.02937102 0.7302824 0.682533 -0.02892255 0.7086643 0.7049151 -0.02982997 0.7203166 0.6930542 -0.02863502 0.7179873 0.6954698 -0.02856558 0.7600325 0.6492031 -0.02976566 0.7149807 0.6985029 -0.02993756 0.7118658 0.7016721 -0.03005754 0.7143121 0.6991788 -0.03012192 0.7033036 0.71027 -0.029675 0.7115314 0.7020106 -0.03007203 0.719199 0.6941525 -0.03008693 0.6890673 0.7240923 -0.02960878 0.6491593 0.7600669 -0.02984297 0.719105 0.6943253 -0.02829325 0.7074947 0.7061462 -0.02844196 0.8664789 0.4983444 -0.02944672 0.7965248 0.6038649 -0.02992635 0.8522707 0.5222492 -0.02984362 0.826006 0.5629123 -0.0290513 0.5145774 0.8569239 -0.0298627 0.3824604 0.9234897 -0.02984589 0.382499 0.923474 -0.02984124 0.2334049 0.9719215 -0.02984631 0.2333279 0.9719402 -0.02984255 0.07837986 0.9964768 -0.02984392 0.07842618 0.9964731 -0.02984297 0.8569412 0.5145483 -0.0298627 0.92345 0.3825567 -0.02984362 0.9235146 0.3824003 -0.02984422 0.9719344 0.2333512 -0.02984398 0.9719355 0.2333469 -0.02984452 0.9964709 0.07845509 -0.02984297 0.996468 0.07849127 -0.02984392 0 0.9995518 -0.02993577 0 0.9995518 -0.02993595 0.7071077 -0.7071059 0 0.7071096 -0.707104 0 0.7071077 -0.7071059 -1.02945e-6 -0.7071008 0.7071129 -6.98491e-7 -0.7071053 0.7071083 0 -0.7070999 0.7071138 1.02945e-6 -0.7066012 -0.7066629 0.03664088 -0.7068058 -0.7064587 0.03663086 -0.706537 -0.7067295 0.0365917 -0.7070397 -0.7062252 0.03662163 -0.706577 -0.7066879 0.03662532 -0.7065262 -0.7067384 0.03662604 -0.7066463 -0.7066182 0.03663086 -0.706557 -0.706708 0.03662246 -0.7070099 -0.7062538 0.03664463 -0.7034934 -0.7097737 0.03630989 -0.7101016 -0.7031294 0.03694325 -0.7060268 -0.7072381 0.03661328 -0.7067626 -0.7065019 0.03662997 -0.7064992 -0.7067655 0.03662526 -0.7056667 -0.7076009 0.03654533 -0.7104279 -0.7028089 0.03676909 -0.7013558 -0.7118676 0.03666895 -0.7076495 -0.7056149 0.03660488 -0.7037646 -0.7094882 0.03663116 -0.7098091 -0.7034325 0.03679639 -0.7060737 -0.7071923 0.03659504 -0.7067363 -0.7065292 0.0366109 -0.7066341 -0.7066305 0.03662788 -0.70371 -0.7095492 0.0364989 -0.7126584 -0.7005485 0.03673851 -0.7070639 -0.7062046 0.03654754 -0.7058587 -0.7073939 0.03684341 -0.7184242 -0.6946206 0.03700035 -0.6907054 -0.7222427 0.03593891 -0.7094364 -0.7038156 0.03665703 -0.7084569 -0.7047861 0.03695231 0.7070995 0.7071142 0 0.7071154 0.7070983 0 0.7071056 0.707108 -2.61934e-7 0.7071091 0.7071045 0 0.7071093 0.7071043 1.12596e-6 -0.707108 -0.7071056 0 -0.7071051 -0.7071086 0 -0.7071036 -0.7071101 -3.8604e-7 -0.7067388 0.7065261 0.0366227 -0.706446 0.7068188 0.03662353 -0.7071429 0.7061224 0.03660881 -0.7056689 0.7075955 0.03660708 -0.7065981 0.7066661 0.03663575 -0.706793 0.7064716 0.03662735 -0.7064718 0.7067931 0.03662437 -0.7067387 0.7065259 0.03662902 -0.7060641 0.7072012 0.0366072 -0.7049404 0.708319 0.03665071 -0.7101917 0.7030513 0.03669923 -0.7070022 0.7062615 0.03664171 -0.7065671 0.7066975 0.0366283 -0.7066518 0.706613 0.03662705 -0.6967842 0.7163441 0.03664726 -0.7125748 0.7006432 0.03655779 -0.7030115 0.7102247 0.0368213 -0.702628 0.7106175 0.03656274 -0.7129779 0.7002333 0.03655064 -0.7037502 0.7095018 0.03664588 -0.7069597 0.7063038 0.03664708 -0.7067801 0.7064842 0.03663265 -0.7066437 0.706621 0.03662818 -0.7048782 0.7083916 0.03644615 -0.7135948 0.6995855 0.03691375 -0.7089581 0.7042912 0.03677499 -0.7137772 0.6994482 0.03597801 -0.6990031 0.7141645 0.03692942 -0.7061368 0.7071412 0.03636211 -0.7102205 0.7030194 0.03675287 -0.7047042 0.7085551 0.03662812 0.7071228 -0.7070907 0 0.7071069 -0.7071067 0 -0.7071081 -0.7071055 -3.49247e-7 -0.7071081 -0.7071055 0 -0.7071056 -0.707108 -1.02945e-6 0.7071056 0.707108 0 0.7071068 0.7071069 0 0.7071039 0.7071097 1.02945e-6 0.7065935 -0.7066707 0.03663557 0.7065949 -0.7066696 0.03662955 0.7066764 -0.7065877 0.03663742 0.7068135 -0.7064518 0.03661239 0.7065499 -0.7067145 0.03663194 0.706634 -0.7066305 0.03662884 0.7067241 -0.7065407 0.03662598 0.706574 -0.7066906 0.03663051 0.7065179 -0.7067472 0.03661853 0.7068108 -0.7064536 0.03663355 0.706557 -0.706708 0.03662246 0.7067208 -0.7065439 0.03662651 0.7085505 -0.7047116 0.03657513 0.7106361 -0.7026098 0.03655052 0.7077068 -0.7055594 0.03656637 0.706943 -0.7063214 0.03662943 0.7060937 -0.7071736 0.03656876 0.7066373 -0.7066273 0.036628 0.7089989 -0.7042614 0.03655946 0.701076 -0.7121371 0.0367875 0.7087706 -0.7044914 0.03655445 0.7087371 -0.7045221 0.03661102 0.7029325 -0.7103084 0.03671503 0.7057732 -0.7074832 0.03676664 0.7026253 -0.7106112 0.03673452 0.7117812 -0.7014533 0.03648054 0.7075505 -0.7057127 0.03663331 0.7049152 -0.7083426 0.03667986 0.7061313 -0.7071323 0.03663939 0.7060609 -0.7072046 0.03660029 0.7053611 -0.7079001 0.03664946 -0.7071017 0.7071119 0 -0.707102 0.7071117 0 -0.7071077 0.7071059 0 -0.707107 0.7071066 0 -0.7071073 0.7071063 0 0.7071084 -0.7071052 1.2551e-7 0.7071076 -0.707106 0 0.7066472 0.7066175 0.03662663 0.7066212 0.7066435 0.03662747 0.7063367 0.7069283 0.03661888 0.7068637 0.7064007 0.03663247 0.7068495 0.7064149 0.03663188 0.7065147 0.70675 0.03662604 0.7066999 0.7065647 0.03662836 0.7065671 0.7066975 0.03662723 0.7066726 0.7065921 0.03662723 0.7037695 0.7094873 0.03655552 0.7127566 0.7004465 0.03678005 0.7065731 0.7066916 0.0366277 0.70655 0.7067146 0.0366277 0.706704 0.7065607 0.03662651 0.7047224 0.7085397 0.03657889 0.7047429 0.7085195 0.03657442 0.7091881 0.7040638 0.03669571 0.7037965 0.7094606 0.03655409 0.7036954 0.7095606 0.03655976 0.7077139 0.7055479 0.03665018 0.706409 0.7068554 0.03663319 0.7070835 0.7061814 0.03661775 0.7066323 0.7066323 0.03662753 0.7052665 0.7079975 0.03659135 0.7101067 0.703136 0.03671973 0.7045616 0.7086998 0.03657484 0.7102692 0.7029721 0.03671532 0.7085009 0.7047561 0.03668045 0.7054511 0.7078133 0.03659337 0.7117332 0.7014881 0.03674674 0.7043275 0.7089325 0.03657513 -0.7071094 -0.7071042 0 -0.7071091 -0.7071045 0 0 -1 3.38514e-7 -7.57375e-6 0 -1 1.11785e-5 0 -1 -2.69135e-5 0 -1 2.56577e-6 0 -1 -8.34076e-6 0 -1 -8.17956e-5 0 -1 2.10853e-5 0 -1 -9.1219e-5 0 -1 0 0 1 0 0 1 0 0 1 1.34592e-5 0 1 5.82598e-7 0 -1 2.15398e-6 0 -1 -2.56573e-6 0 -1 8.34084e-6 0 -1 -2.50611e-6 0 -1 8.35422e-6 0 -1 -5.16027e-6 0 -1 0 0 1 2.07884e-7 0 1 -4.15758e-7 0 1 -2.7948e-6 0 -1 9.61112e-6 0 -1 -1.90522e-5 0 -1 9.61121e-6 0 -1 -1.90526e-5 0 -1 -2.56576e-6 0 -1 8.34102e-6 0 -1 2.15392e-6 0 -1 -1.34558e-5 0 -1 4.09165e-5 0 -1 -1.8752e-5 0 -1 -5.27181e-6 0 -1 3.65921e-7 0 1 2.07882e-7 0 1 -7.31849e-7 0 1 -1.34593e-5 0 1 2.08515e-6 0 -1 2.91299e-6 0 -1 -9.89941e-6 0 -1 2.75217e-5 0 -1 8.38354e-6 0 -1 1.05426e-5 0 -1 -9.12076e-5 0 -1 -1.20137e-6 0 -1 2.56573e-6 0 -1 -8.34098e-6 0 -1 1.55907e-7 0 1 -7.31816e-7 0 1 0 0 1 4.15758e-7 0 1 0.9969186 0.07844376 0 0.9969171 0.07846343 0 0.972375 0.2334246 0 0.9723659 0.2334619 0 0.9238792 0.3826844 0 0.9238722 0.3827013 0 0.8526296 0.5225159 0 0.8526384 0.5225015 0 0.7795495 0.6263406 0 0.7601963 0.6492404 0.02425795 0.7280345 0.6855406 0 0.6855222 0.7280518 0 0.6492747 0.7601674 0.02424782 0.6263533 0.7795393 0 0.5224792 0.8526521 0 0.5224916 0.8526445 0 0.3827027 0.9238716 0 0.3826985 0.9238734 0 0.2334384 0.9723716 0 0.2334339 0.9723727 0 0.07846128 0.9969173 0 0.07846063 0.9969173 0 -0.07846057 0.9969173 0 -0.07846009 0.9969173 0 -0.2334352 0.9723724 0 -0.3827064 0.92387 0 -0.382702 0.9238719 0 -0.5224819 0.8526504 0 -0.5224855 0.8526482 0 -0.6263567 0.7795367 0 -0.6492677 0.760174 0.02422785 -0.6855525 0.7280233 0 -0.7280131 0.6855632 0 -0.7601764 0.6492642 0.02424746 -0.779546 0.626345 0 -0.8526464 0.5224886 0 -0.8526464 0.5224885 0 -0.9238725 0.3827003 0 -0.9238725 0.3827003 0 -0.9723701 0.2334451 0 -0.9969171 0.07846224 0 -0.9969173 -0.07845991 0 -0.9969173 -0.07846069 0 -0.9723694 -0.2334473 0 -0.923874 -0.3826968 0 -0.9238755 -0.3826933 0 -0.8526437 -0.522493 0 -0.8526436 -0.522493 0 -0.779546 -0.626345 0 -0.7601764 -0.6492642 0.02424651 -0.7280161 -0.6855601 0 -0.6855661 -0.7280104 0 -0.6492559 -0.7601833 0.02425247 -0.6263372 -0.7795522 0 -0.5224927 -0.8526439 0 -0.3826893 -0.9238771 0 -0.3826895 -0.9238771 0 -0.2334445 -0.9723702 0 -0.07846069 -0.9969173 0 -0.07845997 -0.9969174 0 0.07846128 -0.9969173 0 0.07846063 -0.9969173 0 0.2334433 -0.9723705 0 0.2334477 -0.9723694 0 0.3826858 -0.9238786 0 0.5224987 -0.85264 0 0.5224899 -0.8526455 0 0.6263338 -0.779555 0 0.6492617 -0.7601782 0.02425849 0.6855359 -0.7280389 0 0.7280375 -0.6855373 0 0.7601974 -0.6492393 0.02425444 0.7795495 -0.6263406 0 0.8526358 -0.5225059 0 0.8526269 -0.5225203 0 0.9238736 -0.3826978 0 0.9238821 -0.3826774 0 0.9723654 -0.2334642 0 0.9723744 -0.2334268 0 0.9969172 -0.07846111 0 0.9969187 -0.07844221 0 4.86779e-6 0 1 2.07686e-6 0 1 1.82329e-6 0 1 -1.03853e-6 0 1 4.13808e-6 0 1 -1.93245e-5 0 1 3.62436e-6 0 1 8.29394e-6 0 1 -4.14705e-6 0 1 -4.86761e-6 0 1 4.14763e-6 0 1 1.94513e-5 0 1 1.56146e-6 0 1 3.12285e-6 0 1 -7.38416e-5 0 1 -3.60443e-6 0 1 -1.94426e-5 0 1 -3.60463e-6 0 1 8.30805e-6 0 1 -1.48557e-6 0 1 4.04736e-6 0 1 -8.32823e-6 0 1 -9.66837e-6 0 1 7.5206e-5 0 1 -8.1011e-5 0 1 4.13805e-6 0 1 -1.93252e-5 0 1 1.93293e-5 0 1 -8.32827e-6 0 1 1.61917e-4 0 1 -8.27602e-6 0 1 -9.66856e-6 0 1 8.27856e-6 0 1 1.93538e-5 0 1 -1.96139e-5 0 1 1.91438e-5 0 1 -5.20504e-7 0 1 4.83802e-6 0 1 -9.807e-6 0 1 9.57304e-6 0 1 -8.32776e-6 0 1 -8.2573e-6 0 1 1.91439e-5 0 1 1.48555e-6 0 1 -7.64154e-6 0 1 -2.07689e-6 0 1 -1.21556e-6 0 1 -1.03851e-6 0 1 0 0 1 0 0 1 2.15332e-4 0 -1 -4.15756e-7 0 1 1.46367e-6 0 1 4.15766e-7 0 1 -2.15332e-4 0 -1 -1.4637e-6 0 1 -4.1576e-7 0 1 4.15758e-7 0 1 -4.15757e-7 0 1 -0.0784052 -0.9964748 -0.02984362 -0.07839566 -0.9964756 -0.02984291 -0.23335 -0.9719348 -0.02984273 -0.2333579 -0.9719328 -0.02984333 -0.3824918 -0.9234769 -0.02984297 -0.3825454 -0.9234545 -0.02984744 -0.5222729 -0.852256 -0.02984762 -0.5222544 -0.8522674 -0.02984589 -0.6491836 -0.7600461 -0.02984577 -0.6491415 -0.7600821 -0.02984154 -0.7600477 -0.6491817 -0.02984166 -0.760084 -0.6491392 -0.02984595 -0.8522683 -0.5222529 -0.02984607 -0.8522444 -0.5222921 -0.02984267 -0.9234703 -0.3825076 -0.02984267 -0.9234797 -0.3824847 -0.02984458 -0.9719353 -0.2333475 -0.02984434 -0.9719309 -0.2333667 -0.02984273 -0.9964756 -0.07839459 -0.02984291 -0.9964756 -0.07839566 -0.02984273 0.9964763 -0.07838648 -0.02984219 0.9964681 -0.07849127 -0.02984333 0.9719423 -0.2333187 -0.02984362 0.9719399 -0.2333288 -0.02984452 0.9234598 -0.3825329 -0.0298441 0.9234853 -0.3824716 -0.02984213 0.8522715 -0.522248 -0.02984243 0.8522696 -0.5222509 -0.02984279 0.7600293 -0.6492033 -0.02984201 0.7600526 -0.6491761 -0.02984231 0.6491835 -0.7600463 -0.02984189 0.6491541 -0.7600712 -0.0298466 0.522283 -0.8522498 -0.02984672 0.5222542 -0.8522676 -0.02984458 0.3824834 -0.9234802 -0.02984595 0.3825516 -0.923452 -0.02984392 0.2333468 -0.9719356 -0.02984219 0.2333648 -0.9719312 -0.02984446 0.07840466 -0.9964749 -0.02984303 0.07839345 -0.9964758 -0.02984249 0 -0.9995518 -0.02993577 0 -0.9995518 -0.02993577 0.999552 0 -0.02993428 0.999552 0 -0.02993434 -0.9964753 0.07839882 -0.02984219 -0.9964752 0.07840096 -0.02984338 -0.971935 0.2333493 -0.0298435 -0.9719344 0.2333514 -0.02984321 -0.9234718 0.3825039 -0.02984255 -0.9234725 0.3825022 -0.02984184 -0.8522692 0.5222515 -0.02984261 -0.8522377 0.5223029 -0.02984619 -0.760043 0.649187 -0.02984672 -0.7600825 0.6491411 -0.0298407 -0.6491884 0.7600421 -0.02984172 -0.649178 0.760051 -0.0298404 -0.5222809 0.8522512 -0.02984327 -0.5222633 0.8522621 -0.02984368 -0.3824819 0.9234809 -0.02984309 -0.3824908 0.9234772 -0.02984464 -0.2333467 0.9719356 -0.02984243 -0.2333468 0.9719356 -0.02984434 -0.07845366 0.9964709 -0.02984499 -0.07841217 0.9964742 -0.02984684 0.07845312 0.9964709 -0.02984845 0.07840901 0.9964746 -0.02984088 0.233352 0.9719343 -0.02984476 0.233345 0.971936 -0.02984166 0.382474 0.9234843 -0.02984225 0.382497 0.9234746 -0.02984505 0.5222738 0.8522556 -0.02984285 0.5222811 0.8522511 -0.02984344 0.649188 0.7600423 -0.02984291 0.6491909 0.76004 -0.02983969 0.7600432 0.6491871 -0.02984201 0.7600312 0.6492011 -0.02984368 0.8522724 0.5222463 -0.02984386 0.8522628 0.522262 -0.02984333 0.9234745 0.3824977 -0.02984029 0.923464 0.382523 -0.02984142 0.9719417 0.2333213 -0.02984368 0.9719437 0.2333127 -0.02984416 0.9964759 0.07839065 -0.02984452 0.9964677 0.07849663 -0.0298413 0 0.9995518 -0.02993792 0 0.9995517 -0.02993983 0.9969098 0.07855564 0 0.9969184 0.07844722 0 0.9723649 0.2334663 0 0.9239007 0.3826325 0 0.9239007 0.3826325 0 0.8526471 0.5224874 0 0.8525984 0.5225667 0 0.7604501 0.6493965 0 0.7603964 0.6494594 0 0.6494747 0.7603832 0 0.649421 0.7604291 0 0.5225152 0.85263 0 0.5224667 0.8526597 0 0.3826885 0.9238775 0 0.3826113 0.9239095 0 0.2334522 0.9723684 0 0.2334274 0.9723743 0 0.07841497 0.9969208 0 0.0784235 0.9969202 0 0.07843738 -0.9969191 0 0.07842886 -0.9969198 0 0.233434 -0.9723727 0 0.2334588 -0.9723667 0 0.3826231 -0.9239045 0 0.3827005 -0.9238725 0 0.5224362 -0.8526784 0 0.5224849 -0.8526486 0 0.6494411 -0.7604119 0 0.649495 -0.7603659 0 0.7603962 -0.6494596 0 0.7604502 -0.6493963 0 0.8525966 -0.5225698 0 0.8526453 -0.5224905 0 0.9239007 -0.3826325 0 0.9239007 -0.3826325 0 0.9723649 -0.2334663 0 0.9969189 -0.07844012 0 0.9969103 -0.07854849 0 -0.9969124 -0.07852143 0 -0.9969124 -0.07852143 0 -0.9723703 -0.2334437 0 -0.9238886 -0.3826616 0 -0.9238874 -0.3826645 0 -0.8526087 -0.5225501 0 -0.8526088 -0.5225499 0 -0.7604568 -0.6493886 0 -0.7604569 -0.6493884 0 -0.6494411 -0.7604119 0 -0.6494428 -0.7604105 0 -0.5224832 -0.8526496 0 -0.5224818 -0.8526505 0 -0.382663 -0.9238881 0 -0.3826631 -0.923888 0 -0.2334371 -0.9723719 0 -0.2334364 -0.9723721 0 -0.07843685 -0.9969192 0 -0.07843708 -0.9969191 0 -0.0784232 0.9969202 0 -0.07842296 0.9969202 0 -0.2334297 0.9723737 0 -0.2334305 0.9723735 0 -0.3826512 0.923893 0 -0.5225122 0.8526319 0 -0.5225138 0.8526309 0 -0.6494225 0.7604279 0 -0.649421 0.7604291 0 -0.7604568 0.6493886 0 -0.7604569 0.6493884 0 -0.8526107 0.5225469 0 -0.9238874 0.3826645 0 -0.9238886 0.3826615 0 -0.9723703 0.2334437 0 -0.9969119 0.07852852 0 -0.996912 0.07852852 0 -4.8959e-7 0 -1 -4.89593e-7 0 -1 -2.448e-7 0 -1 -3.1225e-7 0 -1 0 0 -1 0 0 -1 -2.44797e-7 0 -1 -2.44794e-7 0 -1 -4.89594e-7 0 -1 1.24894e-6 0 -1 -4.89585e-7 0 -1 1.24899e-6 0 -1 -2.44797e-7 0 -1 -1.56117e-7 0 -1 -1.22397e-7 0 -1 6.24525e-7 0 -1 4.89586e-7 0 -1 0.07846093 -0.9969173 0 0.07845938 -0.9969173 0 0.2334485 -0.9723692 0 0.2334439 -0.9723703 0 0.3826861 -0.9238786 0 0.3826863 -0.9238783 0 0.5225012 -0.8526386 0 0.5224922 -0.8526442 0 0.6263353 -0.7795538 0 0.6492562 -0.7601829 -0.02425801 0.6855602 -0.728016 0 0.7280146 -0.6855617 0 0.7601988 -0.6492378 -0.02425438 0.7795644 -0.6263222 0 0.8526283 -0.5225182 0 0.8526371 -0.5225037 0 0.9238676 -0.3827125 0 0.9238816 -0.3826785 0 0.9723657 -0.2334631 0 0.9723747 -0.2334257 0 0.9969172 -0.07846105 0 0.9969187 -0.07844132 0 0 -1 2.8222e-7 0 -1 3.23373e-6 0 -1 -5.17397e-5 0 -1 -2.82219e-7 0 -1 5.17397e-5 0 -1 0 0 -1 0 0 -1 3.23382e-6 -0.9969173 -0.07846009 0 -0.9969174 -0.07846009 0 -0.9723696 -0.2334468 0 -0.9723696 -0.2334468 0 -0.9238746 -0.3826957 0 -0.9238747 -0.3826954 0 -0.8526443 -0.5224919 0 -0.7795443 -0.6263472 0 -0.7601777 -0.6492627 -0.02424639 -0.7280178 -0.6855583 0 -0.6855638 -0.7280126 0 -0.6492591 -0.7601807 -0.02425229 -0.6263378 -0.7795519 0 -0.5224938 -0.8526432 0 -0.5224938 -0.8526431 0 -0.3826887 -0.9238774 0 -0.3826889 -0.9238773 0 -0.2334446 -0.9723702 0 -0.2334444 -0.9723702 0 -0.07846009 -0.9969174 0 -0.07846009 0.9969174 0 -0.2334355 0.9723723 0 -0.3827034 0.9238713 0 -0.3827035 0.9238713 0 -0.5224842 0.852649 0 -0.5224839 0.8526492 0 -0.6263599 0.779534 0 -0.6492686 0.7601733 -0.02422773 -0.6855531 0.7280226 0 -0.7280132 0.6855632 0 -0.760176 0.6492646 -0.0242474 -0.7795443 0.6263472 0 -0.8526463 0.5224886 0 -0.923873 0.3826996 0 -0.9723701 0.2334446 0 -0.9723701 0.2334447 0 -0.9969171 0.07846242 0 -0.9969171 0.07846248 0 0.9969186 0.0784437 0 0.9723752 0.2334234 0 0.9723662 0.233461 0 0.9238799 0.3826826 0 0.9238659 0.3827164 0 0.8526391 0.5225005 0 0.8526303 0.5225148 0 0.7795644 0.6263222 0 0.760197 0.6492397 -0.02425795 0.72801 0.6855666 0 0.6855495 0.7280261 0 0.6492655 0.7601753 -0.0242474 0.6263575 0.779536 0 0.5224825 0.85265 0 0.5224913 0.8526447 0 0.3827008 0.9238725 0 0.3827009 0.9238724 0 0.2334349 0.9723725 0 0.2334394 0.9723713 0 0.07845938 0.9969173 0 0.07846093 0.9969173 0 0.7071133 -0.7071004 0 0.7071072 -0.7071064 -2.98146e-6 -0.7071072 0.7071064 3.2174e-6 -0.707102 0.7071117 0 -0.7066226 -0.7066419 0.03663104 -0.7066422 -0.7066228 0.03662073 0.7071216 0.7070921 0 0.7070971 0.7071165 0 0.7071141 0.7070996 -3.66987e-6 0.7071076 0.7071061 0 -0.707108 -0.7071056 0 -0.7071083 -0.7071053 0 -0.7066273 0.7066374 0.03662675 -0.7066276 0.7066369 0.03662914 0.7071045 -0.7071092 0 0.7071294 -0.7070843 0 -0.7071117 -0.707102 -3.21742e-6 -0.7071068 -0.7071068 0 0.7071022 0.7071114 2.98148e-6 0.70661 -0.706655 0.03662264 0.706647 -0.7066175 0.03662872 -0.7071015 0.707112 0 -0.707112 0.7071016 0 -0.7071076 0.7071061 -2.98146e-6 0.7071079 -0.7071056 0 0.7071082 -0.7071053 0 0.7066144 0.7066501 0.03662919 0.7066327 0.706632 0.03662621 -0.7071093 -0.7071043 0 0 -1 -2.8357e-6 0 1 -3.00707e-6 -2.15332e-4 0 1 3.18309e-5 0 -1 1.12523e-6 0 -1 -4.77902e-6 0 -1 1.12521e-6 0 -1 -2.36197e-6 0 -1 -1.68045e-5 0 -1 1.26537e-5 0 -1 -1.20598e-4 0 1 6.02991e-5 0 1 -1.13294e-6 0 1 -1.91004e-5 0 1 -4.17732e-6 0 1 2.26589e-6 0 1 1.64402e-5 0 1 2.44394e-5 0 1 0.7795464 0.6263445 0 0.7795808 0.6263017 0 0.7280087 0.6855679 0 0.6855256 0.7280486 0 0.6855738 0.7280032 0 0.6263582 0.7795355 0 0.5224827 0.8526499 0 0.2334408 0.9723711 0 0.5225024 -0.8526379 0 0.6855841 -0.7279935 0 0.7280406 -0.6855341 0 0.7280117 -0.6855647 0 0.7795776 -0.6263056 0 0.9238806 -0.3826808 0 0.9969187 -0.07844144 0 -0.07845997 0.9969174 0 -0.2334375 0.9723718 0 -0.3827022 0.9238718 0 -0.6263618 0.7795325 0 -0.6855559 0.7280201 0 -0.7795428 0.6263491 0 -0.923874 -0.3826968 0 -0.7795429 -0.6263489 0 -0.779546 -0.6263452 0 -0.7280192 -0.6855568 0 -0.6855627 -0.7280136 0 -0.6263375 -0.779552 0 -0.5224963 -0.8526417 0 -0.07846009 -0.9969173 0 -2.15349e-4 0 1 2.15332e-4 0 1 2.15348e-4 0 1 -2.15349e-4 0 -1 2.15348e-4 0 -1 1 5.15388e-6 0 1 -2.587e-5 0 0.07840579 0.0298559 0.9964743 0.07848381 0.02983218 0.996469 0.2334455 0.02909618 0.9719345 0.2334204 0.02909803 0.9719405 0.3827453 0.02765238 0.92344 0.3826049 0.02766197 0.923498 0.5225007 0.0255388 0.8522564 0.522501 0.02551561 0.8522569 0.649494 0.02275425 0.7600262 0.6494653 0.02277404 0.7600501 0.7603948 0.01943707 0.6491704 0.7604123 0.01944679 0.6491495 0.8526208 0.01565641 0.5222958 0.8526381 0.01565903 0.5222673 0.9239051 0.01146799 0.3824499 0.9239054 0.01144647 0.3824501 0.9723492 0.007004261 0.2334269 0.9723457 0.006994903 0.2334419 0.9969165 0.002345085 0.07843476 0.9969173 0.002357959 0.07842558 0 0.02994787 0.9995515 -0.9969249 0.002343356 0.07832735 -0.9969258 0.002358019 0.0783174 -0.972347 0.006999671 0.2334358 -0.9723477 0.006994545 0.233433 -0.9239053 0.0114597 0.38245 -0.8526281 0.01564776 0.5222841 -0.8526311 0.01564615 0.5222793 -0.7604385 0.01944249 0.6491189 -0.7604207 0.01944768 0.6491396 -0.6494327 0.02278006 0.7600778 -0.6493695 0.02275931 0.7601324 -0.522529 0.02551168 0.8522399 -0.5225673 0.02553081 0.8522158 -0.3826999 0.02766782 0.9234583 -0.3826502 0.02764821 0.9234796 -0.2334204 0.0290997 0.9719404 -0.2334455 0.02909785 0.9719345 -0.07837432 0.02983248 0.9964776 -0.07850694 0.02985572 0.9964665 -1 8.18544e-6 0 -0.07842594 -0.02983361 -0.9964735 -0.07850801 -0.02985614 -0.9964664 -0.2335014 -0.02912139 -0.9719204 -0.2334234 -0.02909845 -0.9719398 -0.3826549 -0.02764689 -0.9234776 -0.3826502 -0.02764821 -0.9234796 -0.5225616 -0.02551066 -0.8522198 -0.5225616 -0.02551728 -0.8522198 -0.6493631 -0.02275246 -0.7601382 -0.6494238 -0.02278399 -0.7600853 -0.7604272 -0.01945114 -0.6491319 -0.7603939 -0.01943576 -0.6491714 -0.8526282 -0.01564443 -0.5222841 -0.8526455 -0.01564544 -0.5222557 -0.9239091 -0.01145613 -0.3824406 -0.9239053 -0.0114597 -0.38245 -0.9723464 -0.006994724 -0.233439 -0.9723413 -0.006981968 -0.2334602 -0.9969258 -0.002326488 -0.07831698 -0.9969258 -0.002358019 -0.0783174 0 -0.0299251 -0.9995523 0 -0.02992522 -0.9995523 0.9969172 -0.002362966 -0.07842606 0.9969175 -0.002331435 -0.07842397 0.9723449 -0.006993234 -0.233445 0.9723429 -0.006968557 -0.2334542 0.923909 -0.01146274 -0.3824406 0.9239054 -0.01144647 -0.3824501 0.8526282 -0.01564443 -0.5222841 0.8526456 -0.01563221 -0.5222557 0.7604014 -0.01943063 -0.6491628 0.7603675 -0.01944833 -0.6492018 0.6494631 -0.02277159 -0.760052 0.6494874 -0.02276062 -0.7600317 0.5225143 -0.02552157 -0.8522486 0.5225144 -0.02551496 -0.8522487 0.3826549 -0.02765512 -0.9234774 0.3826504 -0.02763497 -0.9234799 0.2334705 -0.02909934 -0.9719284 0.2334544 -0.02911883 -0.9719316 0.07843315 -0.02985459 -0.9964722 0.07851016 -0.02983212 -0.9964669 -1.08891e-5 0.9995539 -0.02986711 1.42638e-7 0.9995517 -0.02994251 1.08889e-5 0.999554 -0.02986675 2.69259e-5 0.9995514 -0.02995187 -1.42641e-7 0.9995538 -0.02987009 -7.31556e-7 0.999551 -0.0299645 0 0.9995649 -0.02949929 0 0.9995155 -0.03112578 7.77309e-7 0.9995731 -0.02921652 -2.69253e-5 0.9995496 -0.03001272 -2.4827e-5 0.9995511 -0.02996265 4.05985e-5 0.9995531 -0.02989411 3.221e-5 0.9995513 -0.02995699 -2.90366e-6 0.9995508 -0.02997243 5.32336e-6 0.9995528 -0.02990543 -2.27994e-6 0.9995529 -0.02989953 -1.4061e-6 0.999552 -0.02993369 8.49243e-6 0.9995512 -0.02995961 -4.59336e-6 0.9995533 -0.02989059 -1.86277e-5 0.9995535 -0.02988386 0 0.9995502 -0.02999371 0 0.9995518 -0.02993553 0 0.9995518 -0.02994012 0 0.9995518 -0.02994012 -2.99594e-5 0.9995546 -0.02984309 -2.72274e-5 0.9995533 -0.02988779 -1.66098e-5 0.9995514 -0.02995461 -1.57843e-5 0.9995533 -0.02988553 1.54258e-5 0.9995512 -0.0299592 1.46192e-5 0.9995509 -0.02996724 -1.89856e-5 0.9995524 -0.02992123 7.83951e-6 0.9995518 -0.02994096 8.89813e-6 0.9995514 -0.02995461 -2.37298e-5 0.9995526 -0.02991306 4.1534e-5 0.9995511 -0.02996146 2.07652e-5 0.9995525 -0.02991551 -1.24583e-5 0.9995524 -0.02991896 1.61028e-5 0.9995514 -0.02995449 -6.94107e-5 0.9995515 -0.0299474 -5.50854e-5 0.9995514 -0.02995288 1.18651e-5 0.9995515 -0.0299474 1.48315e-5 0.9995519 -0.02993416 3.79683e-5 0.9995524 -0.02991896 0 0.9995518 -0.02993583 0 0.9995518 -0.02993565 -1.5679e-5 0.9995518 -0.02994096 -3.67818e-5 0.9995524 -0.02991896 4.91585e-5 0.9995523 -0.02992224 -3.55925e-6 0.9995502 -0.02999258 -4.23757e-6 0.9995514 -0.02995449 5.28036e-5 0.9995524 -0.02992123 -1.44062e-5 0.9995523 -0.02992415 3.55993e-6 0.9995523 -0.02992236 8.47516e-6 0.9995534 -0.02988678 -1.95766e-5 0.9995502 -0.02999371 -8.47514e-6 0.9995518 -0.02994096 -8.45419e-6 0.9995523 -0.0299201 -2.54261e-6 0.9995517 -0.02994179 2.00237e-6 0.9995524 -0.02992093 1.90691e-6 0.9995525 -0.02991384 4.00433e-6 0.9995524 -0.02991795 2.1611e-5 0.9995518 -0.02994012 2.46205e-5 0.9995523 -0.0299195 2.1506e-5 0.9995517 -0.02994138 0 0.9995524 -0.02991783 0 0.999551 -0.02996611 2.67258e-5 0.9995514 -0.02995193 1.48796e-5 0.9995517 -0.02994436 -2.85413e-5 0.999556 -0.02979713 -6.40047e-6 0.9995509 -0.02996903 1.36916e-5 0.9995516 -0.02994537 2.22808e-5 0.9995508 -0.02997171 -3.33769e-5 0.9995527 -0.02990567 -4.79992e-5 0.9995528 -0.02990388 -2.14549e-5 0.9995523 -0.02992248 2.48242e-5 0.99955 -0.02999705 0.7505224 0.02307319 0.6604421 0.7519953 0.01966089 0.6588752 0.8454793 0.01597839 0.5337692 0.8455076 0.01595854 0.5337249 0.9201214 0.01168876 0.3914589 0.9201198 0.01174712 0.3914609 0.9710017 0.007206737 0.238964 0.9710015 0.007092535 0.2389686 0.9967668 0.002427518 0.0803135 0.9967673 0.002364158 0.08030879 -0.7520345 0.02303326 0.6587212 -0.7505601 0.01979726 0.6605057 -0.8454455 0.01601356 0.5338217 -0.8454753 0.01588404 0.5337783 -0.9201362 0.0117194 0.3914231 -0.9201246 0.01174789 0.3914496 -0.9709935 0.007163345 0.2389987 -0.9709918 0.007239699 0.2390034 -0.9967613 0.002384781 0.08038234 -0.9967609 0.002438008 0.08038526 1 1.03485e-4 0 1 -1.03479e-4 0 0.9969213 -0.002358675 -0.07837361 0.9969213 -0.002346873 -0.07837504 0.972369 -0.006976783 -0.233345 0.9723679 -0.006964504 -0.2333501 0.9238806 -0.01148438 -0.3825088 0.9238846 -0.01135528 -0.3825027 0.8526465 -0.01564502 -0.522254 0.8526186 -0.01559329 -0.522301 0.760403 -0.01938146 -0.6491624 0.7604365 -0.01945465 -0.6491209 0.6494767 -0.02285575 -0.760038 0.6494314 -0.02275049 -0.7600799 0.5224984 -0.02551877 -0.8522583 0.5224791 -0.02547198 -0.8522716 0.3826885 -0.02762436 -0.9234644 0.3826777 -0.02763289 -0.9234686 0.2334268 -0.02906829 -0.9719399 0.2334282 -0.02906733 -0.9719396 0.07845371 -0.02981042 -0.996472 0.07844674 -0.02981257 -0.9964725 0 -0.02990621 -0.9995527 0 -0.02990615 -0.9995527 -0.07844674 -0.02981376 -0.9964725 -0.07845962 -0.02981501 -0.9964714 -0.2334281 -0.0290898 -0.9719389 -0.2334269 -0.02905297 -0.9719402 -0.3826512 -0.02760964 -0.9234803 -0.3826615 -0.02763307 -0.9234753 -0.5225595 -0.02553415 -0.8522205 -0.5225527 -0.0254774 -0.8522263 -0.6494375 -0.0227611 -0.7600743 -0.6493779 -0.02278518 -0.7601245 -0.7604038 -0.01951253 -0.6491575 -0.7604339 -0.01945364 -0.6491241 -0.8526351 -0.01562315 -0.5222733 -0.8526252 -0.01559412 -0.5222904 -0.923884 -0.01141202 -0.3825024 -0.9238803 -0.01150685 -0.3825087 -0.9723722 -0.006964564 -0.2333322 -0.9723647 -0.006964921 -0.233363 -0.9969151 -0.002312541 -0.07845503 -0.9969151 -0.002346813 -0.07845354 -0.07842594 -0.029832 -0.9964736 -0.2335014 -0.02911978 -0.9719204 -0.3826549 -0.02765017 -0.9234776 -0.3826503 -0.02764159 -0.9234797 -0.5225617 -0.02550733 -0.8522199 -0.5225614 -0.0255239 -0.8522195 -0.6493958 -0.02275031 -0.7601103 -0.6494502 -0.02277165 -0.7600631 -0.760401 -0.01945048 -0.6491625 -0.7603677 -0.0194351 -0.649202 -0.8526282 -0.01563948 -0.5222841 -0.923909 -0.01146435 -0.3824406 -0.9723463 -0.007004618 -0.233439 -0.9723412 -0.00699526 -0.2334602 -0.9969258 -0.002336442 -0.07831698 0.9969172 -0.002346396 -0.07842606 0.9969174 -0.002344667 -0.07842397 0.9723449 -0.006989896 -0.233445 0.9723427 -0.006995022 -0.2334542 0.9239091 -0.01145774 -0.3824406 0.9239051 -0.01147294 -0.3824499 0.852628 -0.01565271 -0.522284 0.8526455 -0.01564544 -0.5222557 0.7604275 -0.01942634 -0.6491322 0.7603937 -0.01944899 -0.6491712 0.6494305 -0.02276879 -0.76008 0.6494678 -0.02275997 -0.7600485 0.5225144 -0.02551168 -0.8522488 0.3826549 -0.02765184 -0.9234775 0.3826503 -0.02764159 -0.9234797 0.2334706 -0.029096 -0.9719285 0.2334543 -0.02912545 -0.9719315 0.07843315 -0.02985626 -0.9964722 1 4.14332e-6 0 0.07840579 0.02985423 0.9964745 0.07848381 0.02983546 0.9964689 0.2334455 0.02910119 0.9719344 0.3827454 0.02764904 0.9234401 0.3826048 0.02766859 0.9234978 0.5225008 0.02553546 0.8522565 0.6494678 0.02275663 0.7600486 0.6494392 0.02277314 0.7600725 0.7604206 0.01945263 0.6491396 0.7604384 0.01944744 0.6491189 0.8526208 0.01564812 0.5222958 0.8526383 0.0156458 0.5222674 0.9239053 0.01145803 0.38245 0.9239053 0.0114597 0.38245 0.9723492 0.006995975 0.2334269 0.9969165 0.002351701 0.07843476 0.9969173 0.002344667 0.07842558 0 0.02994781 0.9995515 -0.9969249 0.002345025 0.07832735 -0.9969258 0.002344787 0.0783174 -0.9723471 0.006991386 0.2334359 -0.9723477 0.007007777 0.233433 -0.9239051 0.01146298 0.3824499 -0.852628 0.01565104 0.522284 -0.7604123 0.01944845 0.6491495 -0.7603946 0.01944702 0.6491703 -0.649459 0.02276772 0.7600557 -0.6493958 0.02274698 0.7601103 -0.522529 0.02551496 0.8522397 -0.5225673 0.02552419 0.852216 -0.3827 0.02766615 0.9234585 -0.2334204 0.02909803 0.9719405 -0.07850694 0.02985531 0.9964665 -1 4.04219e-6 0 1.08892e-5 0.999554 -0.02986747 2.69254e-5 0.9995515 -0.02995121 0 0.9995155 -0.0311259 -7.77283e-7 0.9995511 -0.02996468 -1.42639e-7 0.9995561 -0.0297966 7.31575e-7 0.9995649 -0.02949708 1.42639e-7 0.9995561 -0.0297966 -2.6925e-5 0.9995496 -0.03001242 -2.48261e-5 0.9995511 -0.02996152 3.22112e-5 0.9995535 -0.02988255 -2.90359e-6 0.9995508 -0.02997165 5.32331e-6 0.9995528 -0.0299052 -2.27988e-6 0.999553 -0.02989876 -1.40608e-6 0.999552 -0.02993315 8.49254e-6 0.9995512 -0.02995997 -4.59332e-6 0.9995533 -0.02989029 -1.86279e-5 0.9995535 -0.02988404 -2.99583e-5 0.9995547 -0.02984195 -2.7227e-5 0.9995533 -0.02988737 -1.66105e-5 0.9995512 -0.02995574 -1.57852e-5 0.9995533 -0.02988719 1.54246e-5 0.9995513 -0.02995687 1.462e-5 0.9995509 -0.02996885 -1.89841e-5 0.9995524 -0.02991896 8.89881e-6 0.9995518 -0.02993792 -2.37304e-5 0.9995518 -0.02994096 4.15309e-5 0.9995512 -0.0299592 2.07647e-5 0.9995526 -0.02991467 1.18642e-5 0.9995517 -0.02994513 3.79711e-5 0.9995524 -0.02992123 4.91559e-5 0.9995523 -0.02992063 -3.55952e-6 0.9995502 -0.02999484 -4.23734e-6 0.9995505 -0.02998 5.27996e-5 0.9995524 -0.02991896 -1.44078e-5 0.9995521 -0.02992743 3.55966e-6 0.9995523 -0.0299201 8.47539e-6 0.9995533 -0.02988755 -8.47468e-6 0.9995517 -0.02993935 -8.45385e-6 0.9995502 -0.02999484 -2.54254e-6 0.9995509 -0.02996808 2.00235e-6 0.9995524 -0.02992069 1.90696e-6 0.9995533 -0.02988755 4.00439e-6 0.9995524 -0.02991837 2.16113e-5 0.9995518 -0.02994054 2.15054e-5 0.9995518 -0.02994054 0 0.999551 -0.02996689 2.67248e-5 0.9995515 -0.02995079 1.488e-5 0.9995517 -0.02994513 -2.85403e-5 0.999556 -0.029796 -6.40031e-6 0.9995509 -0.02996826 1.36927e-5 0.9995515 -0.02994763 -4.80044e-5 0.9995528 -0.02990716 -2.14517e-5 0.9995518 -0.02993696 0.8454787 0.01601648 0.5337688 0.8455086 0.01588463 0.5337255 0.9201218 0.01165294 0.3914591 0.9710023 0.007129371 0.2389642 0.9710009 0.007166445 0.2389684 0.9967668 0.002391755 0.0803135 0.9967671 0.002438068 0.08030873 -0.7520339 0.02307242 0.6587206 -0.7505612 0.01972115 0.6605067 -0.8454459 0.01597547 0.533822 -0.8454743 0.01595789 0.5337777 -0.9201366 0.01168131 0.3914233 -0.9709935 0.007166802 0.2389987 -0.9709923 0.007165849 0.2390035 -0.9967612 0.002420604 0.08038228 -0.9967611 0.002364099 0.08038526 0.9969214 -0.002319633 -0.07837361 0.9723693 -0.006943643 -0.2333451 0.9723673 -0.007040202 -0.23335 0.9238675 -0.01145106 -0.3825412 0.9238705 -0.01143079 -0.3825346 0.8526639 -0.01560395 -0.5222268 0.8526355 -0.01559364 -0.5222736 0.7604025 -0.01941812 -0.6491619 0.7604354 -0.01953035 -0.6491199 0.6494771 -0.02282738 -0.7600384 0.5225321 -0.02552515 -0.8522375 0.5225127 -0.02547365 -0.8522509 0.3826349 -0.02762997 -0.9234865 0.382678 -0.02761393 -0.9234691 0.2334268 -0.02906715 -0.9719399 -0.07845962 -0.0298103 -0.9964715 -0.2334281 -0.02907562 -0.9719393 -0.2334268 -0.02907186 -0.9719398 -0.3826512 -0.02760845 -0.9234803 -0.5225599 -0.02550101 -0.8522212 -0.5225522 -0.02551525 -0.8522255 -0.649438 -0.02272796 -0.7600749 -0.6493774 -0.02282297 -0.7601239 -0.7604042 -0.01948416 -0.6491578 -0.7604343 -0.01941579 -0.6491245 -0.8526346 -0.01565986 -0.522273 -0.9238837 -0.01144868 -0.3825023 -0.923882 -0.01135545 -0.3825094 -0.9723724 -0.006931424 -0.2333322 -0.9723643 -0.007040619 -0.2333629 -0.9969149 -0.002355158 -0.07845503 -0.02983164 0.07842075 -0.9964739 -0.02985447 0.07851296 -0.9964661 -0.02911728 0.2335048 -0.9719196 -0.02910459 0.2334297 -0.971938 -0.02765643 0.3826463 -0.9234809 -0.02764976 0.382652 -0.9234787 -0.02551633 0.5225283 -0.8522401 -0.02551615 0.522538 -0.8522342 -0.02275323 0.6493949 -0.7601109 -0.02277129 0.6494655 -0.7600501 -0.01945292 0.7603697 -0.6491992 -0.01943242 0.760339 -0.6492359 -0.01564025 0.8526368 -0.5222699 -0.015648 0.8526167 -0.5223028 -0.01145929 0.9239105 -0.3824371 -0.01145613 0.9239091 -0.3824406 -0.006991565 0.9723489 -0.2334286 -0.006989002 0.9723684 -0.2333472 -0.002346515 0.9969213 -0.07837432 -0.002346873 0.9969214 -0.07837378 -0.02992415 0 -0.9995523 -0.02992421 0 -0.9995523 -0.002348124 -0.9969173 -0.0784254 -0.002348601 -0.996917 -0.0784285 -0.006985068 -0.9723731 -0.2333276 -0.00699228 -0.9723684 -0.2333472 -0.01145869 -0.923875 -0.3825229 -0.01146256 -0.9238678 -0.3825405 -0.01565021 -0.8526358 -0.5222713 -0.01563584 -0.8526912 -0.5221813 -0.0194382 -0.7604069 -0.6491561 -0.0194475 -0.7603349 -0.6492401 -0.02277362 -0.6494362 -0.7600751 -0.02275383 -0.6494951 -0.7600253 -0.02551394 -0.5224835 -0.8522676 -0.02551615 -0.522538 -0.8522342 -0.02764844 -0.3826276 -0.9234889 -0.02765506 -0.3826275 -0.9234887 -0.02909886 -0.2335264 -0.971915 -0.02912092 -0.2334443 -0.971934 -0.02986288 -0.07842981 -0.9964722 -0.02982801 -0.07851797 -0.9964664 0.02985626 -0.0784167 0.9964736 0.02982801 -0.07850807 0.9964672 0.02910453 -0.2334361 0.9719366 0.02909284 -0.233445 0.9719347 0.02764087 -0.3827068 0.9234563 0.02766817 -0.3826387 0.9234837 0.02553045 -0.52248 0.8522693 0.02551513 -0.5225048 0.8522546 0.02275997 -0.6494517 0.7600623 0.02277135 -0.6494566 0.7600576 0.01944953 -0.7603712 0.6491976 0.01944994 -0.7604057 0.6491572 0.0156461 -0.852653 0.5222433 0.01564645 -0.8526458 0.5222551 0.01145869 -0.9238755 0.3825217 0.0114606 -0.9238716 0.3825311 0.006989836 -0.9723749 0.2333201 0.006991386 -0.9723756 0.2333171 0.00235033 -0.9969168 0.07843059 0.002347648 -0.9969174 0.07842439 0.02995228 0 0.9995514 0.02994573 0 0.9995516 0.002346277 0.9969208 0.07838106 0.002348423 0.9969216 0.07836967 0.006992876 0.9723516 0.2334173 0.006991505 0.9723621 0.2333732 0.01145738 0.9238923 0.3824812 0.01145631 0.9239279 0.3823954 0.01564615 0.8526186 0.5222996 0.01564919 0.8526566 0.5222374 0.01945012 0.7604001 0.6491637 0.02277415 0.6494202 0.7600888 0.02275758 0.6494153 0.7600934 0.02552378 0.5224825 0.8522679 0.02552956 0.5225281 0.8522398 0.02766871 0.3827253 0.9234479 0.0276497 0.3826576 0.9234763 0.02910453 0.2334392 0.9719358 0.02909135 0.2334299 0.9719384 0.0298317 0.07841092 0.9964747 0.02985954 0.07849645 0.9964672 0 1 3.23373e-6 0.9995531 -1.24446e-5 -0.0298959 0.9995509 -4.10291e-5 -0.02996885 0.9995532 2.4888e-5 -0.02989441 0.9995573 1.82588e-5 -0.02975606 0.9995248 -1.17046e-5 -0.03082585 0.9996651 0 -0.02587896 0.9996642 0 -0.02591401 0.999525 1.75544e-5 -0.03082072 0.9995573 -9.12871e-6 -0.02975386 0.9995509 4.10291e-5 -0.02996915 0.9995542 7.56607e-5 -0.02985996 0.9995521 -5.4698e-5 -0.02992922 0.9995504 3.78252e-5 -0.02998769 0.9995532 0 -0.02989327 0.9995525 3.78561e-5 -0.02991366 0.9995521 0 -0.02992814 0.9995514 -2.13118e-5 -0.02995127 0.9995523 5.30259e-5 -0.0299232 0.9995508 -1.89661e-5 -0.02997469 0.9995517 -2.64915e-5 -0.0299443 0.9995535 0 -0.02988219 0.9995518 0 -0.02993786 0.9995518 0 -0.02993839 0.9995518 0 -0.02993679 0.9995535 0 -0.02988284 0.9995505 2.71215e-5 -0.02998006 0.9995521 7.59379e-5 -0.02992546 0.9995541 5.42418e-5 -0.02986133 0.9995516 0 -0.02994686 0.9995515 5.42409e-5 -0.02994734 0.9995521 -7.59444e-5 -0.02992564 0.999551 0 -0.02996337 0.999551 0 -0.02996343 0.999552 1.08486e-4 -0.02993035 0.9995516 -7.5939e-5 -0.02994722 0.999552 -5.42365e-5 -0.02993345 0.9995521 0 -0.0299285 0.9995527 1.08487e-4 -0.02990853 0.9995527 0 -0.02990829 0.9995512 -1.0848e-4 -0.02995836 0.9995506 0 -0.0299803 0.9995507 5.42428e-5 -0.02997505 0.9995527 -7.59409e-5 -0.02990883 0.9995527 0 -0.02990889 0.9995526 0 -0.02990925 0.9995527 0 -0.029908 0.9995499 0 -0.03000229 0.9995502 1.08481e-4 -0.02999424 0.999552 0 -0.02992969 0.9995527 0 -0.02990752 0.9995526 -1.51887e-4 -0.02990996 0.9995517 5.42402e-5 -0.0299431 0.9995525 0 -0.02991473 0.9995526 0 -0.02991259 0.9995507 -3.79675e-5 -0.0299741 0.9995511 0 -0.02996259 0.999551 -1.89841e-5 -0.02996402 0.9995512 0 -0.02995616 0.9995526 -9.49261e-6 -0.02991354 0.9995546 -2.71209e-5 -0.0298444 0.9995508 -3.32222e-5 -0.02997207 0.9995504 -5.42401e-5 -0.02998524 0.9995524 -1.89845e-5 -0.02991867 0.9995518 0 -0.02993822 0.9995536 0 -0.02988111 0.9995517 0 -0.02994298 0.9995534 3.80087e-5 -0.02988433 0.9995521 2.64523e-5 -0.02992784 0.9995509 -7.61142e-5 -0.02996873 0.999552 0 -0.02993142 0.9995515 7.62013e-5 -0.02994829 0.999553 0 -0.02989667 0.9995528 -7.62901e-5 -0.02990686 0.9995517 0 -0.02994459 0.9995509 0 -0.0299682 0.9995541 -7.56593e-5 -0.02986055 0.02307081 0.7519766 0.6587861 0.01976013 0.7505807 0.6604834 0.01597779 0.8454903 0.5337518 0.01596051 0.8454655 0.5337916 0.01171022 0.9201041 0.3914991 0.01175701 0.9200951 0.3915188 0.007167041 0.9709958 0.2389893 0.007138073 0.9710065 0.238947 0.002403318 0.9967644 0.08034271 0.002401173 0.996764 0.08034843 0.02309173 -0.7505111 0.6604545 0.01970142 -0.7520223 0.6588432 0.01596033 -0.8454695 0.5337853 0.01597797 -0.8454864 0.5337581 0.01171153 -0.9201326 0.3914318 0.01173824 -0.9201465 0.3913984 0.007174611 -0.9709913 0.2390075 0.007139503 -0.9709767 0.2390682 0.002400875 -0.9967679 0.08030009 0.002401351 -0.9967665 0.08031761 -0.002346754 -0.9969231 -0.07835143 -0.002344548 -0.9969197 -0.07839536 -0.006974577 -0.9723632 -0.2333694 -0.006979644 -0.9723691 -0.2333443 -0.01144176 -0.9238725 -0.3825296 -0.01144903 -0.9238719 -0.3825307 -0.01564228 -0.8526304 -0.5222803 -0.01559466 -0.8526369 -0.5222713 -0.01941579 -0.7604018 -0.6491628 -0.01949256 -0.7604013 -0.6491609 -0.02284246 -0.6494445 -0.7600659 -0.02273094 -0.6494129 -0.7600961 -0.02547389 -0.5225606 -0.8522216 -0.02551388 -0.5225047 -0.8522546 -0.02761286 -0.3826767 -0.9234696 -0.02765005 -0.3826346 -0.923486 -0.02906739 -0.2334148 -0.9719427 -0.02908957 -0.2334359 -0.971937 -0.02982789 -0.07844966 -0.9964718 -0.02982789 -0.07845437 -0.9964715 -0.02993291 0 -0.999552 -0.02990698 0 -0.9995528 -0.02982902 0.07845497 -0.9964714 -0.02983009 0.07846498 -0.9964706 -0.02907174 0.2334402 -0.9719365 -0.02908635 0.2334102 -0.9719433 -0.02761209 0.3826471 -0.9234819 -0.0276336 0.3827072 -0.9234563 -0.02549171 0.5225572 -0.8522231 -0.02551108 0.5224097 -0.8523129 -0.02274864 0.6495052 -0.7600169 -0.02282667 0.6493677 -0.760132 -0.01949375 0.7604328 -0.6491242 -0.0193969 0.7604346 -0.6491248 -0.01564019 0.852649 -0.5222499 -0.01560515 0.852616 -0.5223049 -0.0114395 0.9238885 -0.3824908 -0.01145112 0.9238898 -0.3824872 -0.006975233 0.9723666 -0.2333551 -0.006978571 0.9723688 -0.2333458 -0.002346634 0.9969173 -0.07842481 -0.002346873 0.9969137 -0.07847058 0 1 -1.61666e-6 0.07841908 -0.02984046 -0.9964738 0.0785098 -0.02984678 -0.9964665 0.2334945 -0.02911299 -0.9719222 0.2333847 -0.02910512 -0.9719488 0.3826242 -0.02765411 -0.9234901 0.3826928 -0.02765959 -0.9234615 0.5225442 -0.02552551 -0.8522301 0.5225257 -0.02552306 -0.8522416 0.6494385 -0.02276247 -0.7600735 0.6494328 -0.02276396 -0.7600782 0.7603906 -0.01944231 -0.649175 0.7604016 -0.01944464 -0.6491622 0.8526523 -0.0156421 -0.5222446 0.8526507 -0.01564216 -0.5222473 0.92389 -0.01145839 -0.3824865 0.9238787 -0.01145529 -0.3825141 0.9723587 -0.006988465 -0.2333877 0.9723615 -0.006989598 -0.2333761 0.996923 -0.002345204 -0.0783534 0.9969224 -0.002347707 -0.0783599 1 1.98912e-6 0 0.9969226 0.002348542 0.07835763 0.9969229 0.002348184 0.07835388 0.9723664 0.006988883 0.2333556 0.9723602 0.006988108 0.2333818 0.9238802 0.01145231 0.3825105 0.9238755 0.01145803 0.382522 0.852654 0.01564216 0.522242 0.8526524 0.01564276 0.5222445 0.7604237 0.0194419 0.6491363 0.7604086 0.01943969 0.6491539 0.6494352 0.02276104 0.7600763 0.6494518 0.02276551 0.760062 0.5224925 0.02552491 0.8522618 0.522504 0.0255295 0.8522546 0.3826987 0.02766275 0.9234589 0.3826807 0.02766269 0.9234665 0.2334381 0.02911549 0.9719357 0.2333905 0.02911204 0.9719473 0.0784139 0.02984702 0.996474 0.07842892 0.02984631 0.9964728 0 0.02993732 0.9995519 0 0.02993726 0.9995518 -0.07842141 0.02984422 0.9964735 -0.07841187 0.02984863 0.9964741 -0.233439 0.02910929 0.9719357 -0.2333902 0.02911663 0.9719472 -0.3826807 0.02766269 0.9234665 -0.3826988 0.02765887 0.9234591 -0.5224859 0.02553141 0.8522657 -0.5225101 0.02552759 0.8522509 -0.6494498 0.02276325 0.7600637 -0.6494605 0.0227648 0.7600545 -0.7604041 0.01944047 0.6491593 -0.7604056 0.0194413 0.6491576 -0.8526498 0.01564413 0.5222486 -0.8526564 0.01564496 0.5222379 -0.9238675 0.01146346 0.3825408 -0.9238708 0.01145619 0.3825333 -0.9723702 0.006988883 0.2333397 -0.9723671 0.00699079 0.2333524 -0.9969226 0.002344489 0.0783587 -0.996923 0.002344727 0.07835298 -1 1.26141e-6 0 -0.9969228 -0.002345919 -0.07835572 -0.9969226 -0.002348661 -0.07835751 -0.9723653 -0.006986558 -0.2333602 -0.9723656 -0.006993114 -0.2333589 -0.9238777 -0.01145792 -0.3825165 -0.9238743 -0.0114541 -0.3825246 -0.8526507 -0.01564371 -0.5222473 -0.8526523 -0.0156421 -0.5222446 -0.76037 -0.01944434 -0.6491992 -0.7603991 -0.01944285 -0.6491651 -0.6494433 -0.02276206 -0.7600693 -0.6494504 -0.0227614 -0.7600634 -0.5225417 -0.02552115 -0.8522317 -0.5225283 -0.02552735 -0.8522397 -0.382613 -0.02766084 -0.9234946 -0.3827034 -0.02765446 -0.9234573 -0.2334736 -0.02910339 -0.9719275 -0.233406 -0.02911436 -0.9719434 -0.07843303 -0.02984791 -0.9964725 -0.07848668 -0.02983957 -0.9964685 0 -0.02993291 -0.999552 0 -0.02993303 -0.999552 -0.9969719 0.002328515 0.07772749 -0.9969718 0.002327919 0.07773005 -0.9728269 0.006932854 0.2314298 -0.9728277 0.00692898 0.231427 -0.9251424 0.01136332 0.3794505 -0.9251495 0.01136237 0.3794332 -0.8550633 0.01551932 0.5182914 -0.8550471 0.01552563 0.5183179 -0.7798047 0.01874136 0.6257425 -0.7660681 0.02144396 0.6424017 0.7660697 0.0214414 0.6423999 0.7798078 0.01874667 0.6257384 0.8550773 0.01552259 0.5182682 0.8550616 0.01552039 0.5182943 0.9251397 0.01136261 0.3794571 0.9251405 0.01136225 0.3794552 0.9728268 0.006929099 0.2314306 0.9728277 0.00693345 0.2314261 0.9969719 0.002323687 0.07772833 0.9969719 0.002332925 0.07772934 0 -0.02991265 -0.9995526 0 -0.02991199 -0.9995526 0.9969191 -0.002353549 -0.07840156 0.9969194 -0.002351105 -0.07839894 0.9723774 -0.006994366 -0.2333098 0.9723734 -0.006981611 -0.2333265 0.9238646 -0.01144719 -0.3825484 0.9238703 -0.0114566 -0.3825345 0.8526272 -0.01563376 -0.5222858 0.8526408 -0.01565533 -0.5222631 0.7604085 -0.01944667 -0.6491539 0.760401 -0.01944488 -0.6491627 0.6494624 -0.02276182 -0.7600531 0.649471 -0.02275997 -0.7600457 0.5224945 -0.02553009 -0.8522604 0.5224599 -0.02552711 -0.8522817 0.3827131 -0.02765822 -0.9234532 0.3827036 -0.02764743 -0.9234575 0.2334591 -0.02909624 -0.9719313 0.2334796 -0.02911514 -0.9719257 0.07846963 -0.02985095 -0.9964696 0.07840955 -0.02982085 -0.9964752 1 1.69729e-7 0 -1 -3.56763e-7 0 -0.07847028 -0.02982008 -0.9964705 -0.07841277 -0.02985048 -0.996474 -0.2334519 -0.02911412 -0.9719324 -0.2334858 -0.02909958 -0.9719248 -0.382713 -0.0276491 -0.9234535 -0.3827042 -0.02766108 -0.9234567 -0.5224519 -0.02553224 -0.8522865 -0.5224872 -0.02552145 -0.852265 -0.6494696 -0.02276003 -0.7600468 -0.6494787 -0.02275615 -0.7600393 -0.760385 -0.01943838 -0.6491816 -0.7603752 -0.01945483 -0.6491928 -0.8526512 -0.01564586 -0.5222464 -0.8526601 -0.01563841 -0.5222322 -0.9238803 -0.01145565 -0.3825101 -0.9238858 -0.01145064 -0.3824968 -0.9723668 -0.006986856 -0.2333544 -0.9723626 -0.006985485 -0.2333715 -0.9969192 -0.002349853 -0.07840138 -0.9969193 -0.002342522 -0.0783993 1.8803e-5 0.9995556 -0.02981311 -1.88023e-5 0.9995556 -0.02981197 -8.10548e-6 0.9995284 -0.03070998 0 0.9995495 -0.03001624 0 0.9995483 -0.03005564 6.48505e-6 0.9995282 -0.0307132 -0.3364831 0.0246303 0.9413675 -0.2934634 0.02461856 0.9556533 -0.3150164 0.02840667 0.948661 -0.2052368 0.02929341 0.9782739 -0.2051723 0.02930158 0.9782872 -0.06879889 0.02986776 0.9971834 -0.06879925 0.02986794 0.9971834 0 0.02993869 0.9995518 0 0.02993869 0.9995518 0.2934955 0.02461546 0.9556435 0.3364842 0.02463555 0.9413669 0.3150413 0.02840733 0.9486528 0.2051745 0.02929377 0.978287 0.2052346 0.02930086 0.9782741 0.06879776 0.02986866 0.9971835 0.06879776 0.02986794 0.9971835 0 0.9569025 -0.2904097 -7.24475e-6 0.956745 -0.2909283 0 0.956001 -0.2933637 -1.37513e-5 0.9568042 -0.2907333 -2.92586e-5 0.9568281 -0.2906545 5.12007e-6 0.9567778 -0.2908201 0 0.9573209 -0.2890271 0 0.9568548 -0.2905666 0 0.9567356 -0.2909588 0 0.9567241 -0.290997 7.24584e-6 0.9568598 -0.2905504 -5.11988e-6 0.9567313 -0.290973 2.92585e-5 0.9568106 -0.2907122 1.37516e-5 0.9568027 -0.2907384 -4.21993e-5 0.956776 -0.2908262 3.87987e-6 0.956792 -0.2907732 1.6854e-5 0.9567879 -0.2907869 9.42214e-6 0.9567916 -0.2907747 1.26364e-5 0.9568029 -0.2907374 0 0.9567912 -0.2907761 -1.5791e-6 0.9568006 -0.2907453 -3.77043e-6 0.9567914 -0.2907754 -7.01558e-7 0.9567792 -0.2908154 7.54297e-6 0.9568033 -0.2907363 0 0.956802 -0.2907405 0 0.9567916 -0.2907745 0 0.9567911 -0.2907764 0 0.9567949 -0.2907639 -1.96377e-5 0.9568058 -0.290728 -1.73009e-5 0.9567959 -0.2907604 -5.61084e-6 0.9568048 -0.2907311 7.48095e-6 0.9567841 -0.2907996 -2.8055e-5 0.9567885 -0.2907847 -3.17946e-5 0.9568006 -0.2907448 1.12215e-5 0.9567924 -0.2907723 -7.48119e-6 0.9567994 -0.290749 -1.12215e-5 0.9567924 -0.2907723 2.4314e-5 0.9567899 -0.2907806 2.24424e-5 0.956788 -0.2907865 -7.48091e-6 0.9567936 -0.290768 -2.80551e-5 0.9567916 -0.2907744 -1.87034e-5 0.9567927 -0.290771 -2.80551e-5 0.9567896 -0.2907815 1.49622e-5 0.956789 -0.2907832 -1.1221e-5 0.9567899 -0.2907803 1.12213e-5 0.9567874 -0.2907886 7.29435e-5 0.9567947 -0.2907642 0 0.956788 -0.2907866 0 0.9567916 -0.2907744 -1.87014e-5 0.9567933 -0.2907693 -6.1718e-5 0.9567861 -0.2907928 -1.12214e-5 0.9567841 -0.2907996 5.61104e-6 0.9567947 -0.2907642 2.24445e-5 0.9567936 -0.2907683 2.2444e-5 0.9567885 -0.2907847 7.48099e-6 0.9567882 -0.2907859 2.52499e-5 0.956801 -0.2907436 -2.24424e-5 0.9567949 -0.2907639 -2.52481e-5 0.9567798 -0.2908133 9.35189e-6 0.9567956 -0.2907615 1.12217e-5 0.9568048 -0.2907311 1.87024e-5 0.9568019 -0.2907407 1.12215e-5 0.956779 -0.2908164 7.48057e-6 0.9567795 -0.2908145 7.18914e-6 0.9568018 -0.2907413 1.30926e-5 0.9568052 -0.2907299 1.26245e-5 0.9568043 -0.2907327 1.35592e-5 0.9567936 -0.290768 0 0.9568067 -0.2907249 0 0.9567922 -0.2907725 0 0.9567957 -0.2907611 -1.12189e-5 0.9568133 -0.2907035 -5.65917e-6 0.9567914 -0.2907755 1.40184e-5 0.9567917 -0.2907742 9.43395e-6 0.9567909 -0.2907769 -1.12116e-5 0.9568021 -0.2907404 -1.88726e-6 0.9567964 -0.2907591 -2.2416e-5 0.9568036 -0.2907353 1.94501e-6 0.9567881 -0.2907864 -2.23865e-5 0.9567974 -0.2907554 4.50134e-5 0.9567605 -0.2908768 0.002348721 -0.9969199 0.07839137 0.00234878 -0.9969188 0.07840514 0.006992161 -0.9723489 0.2334284 0.006989836 -0.9723614 0.2333764 0.01145637 -0.9238899 0.382487 0.01145625 -0.9238926 0.3824803 0.0156446 -0.8526349 0.5222731 0.0156396 -0.8526279 0.5222846 0.01943826 -0.7604406 0.6491165 0.01943576 -0.7603991 0.6491653 0.02275168 -0.649463 0.7600528 0.02275824 -0.6494989 0.7600219 0.02552521 -0.5224772 0.8522712 0.02552562 -0.5224863 0.8522656 0.02765834 -0.3827052 0.9234564 0.02764981 -0.382658 0.9234763 0.0291047 -0.2334154 0.9719415 0.02911275 -0.2334637 0.9719297 0.02984929 -0.07842999 0.9964727 0.02985161 -0.07844108 0.9964717 0.02994078 0 0.9995517 0.02994579 0 0.9995515 0.02985262 0.07842135 0.9964733 0.02985018 0.07843869 0.996472 0.02911388 0.2334166 0.9719409 0.02910846 0.2334716 0.9719279 0.02764832 0.3826835 0.9234658 0.02765882 0.3826663 0.9234725 0.02552717 0.5224859 0.8522659 0.02552294 0.5225309 0.8522384 0.02276033 0.6494213 0.7600882 0.02275276 0.6494567 0.7600581 0.01943504 0.7604186 0.6491425 0.01943832 0.7603984 0.6491661 0.01563715 0.8526467 0.5222542 0.01564431 0.8526396 0.5222652 0.01145857 0.9238801 0.3825106 0.01145523 0.9238782 0.3825151 0.00698781 0.9723613 0.2333766 0.00699222 0.9723632 0.2333688 0.002347409 0.9969235 0.07834589 0.002347052 0.9969218 0.078368 0 1 -1.5942e-6 0 1 1.06745e-6 -0.002346396 0.996922 -0.07836532 -0.002346515 0.9969232 -0.07835125 -0.006988823 0.972361 -0.233378 -0.006989657 0.9723579 -0.2333908 -0.01145452 0.9238822 -0.3825058 -0.01145613 0.9238877 -0.3824921 -0.01564061 0.8526526 -0.5222443 -0.01564359 0.8526347 -0.5222733 -0.01944506 0.7603883 -0.6491776 -0.01944214 0.7603954 -0.6491693 -0.02276498 0.6494311 -0.7600797 -0.02276092 0.6494578 -0.7600569 -0.02552175 0.52256 -0.8522205 -0.02552533 0.5225149 -0.8522481 -0.02765971 0.3826233 -0.9234904 -0.02765578 0.3826459 -0.9234812 -0.02910935 0.2334954 -0.9719221 -0.02911025 0.2334756 -0.9719268 -0.02984511 0.0784251 -0.9964733 -0.02984225 0.07844191 -0.996472 -0.02993637 0 -0.9995518 -0.02993422 0 -0.9995519 -0.02984219 -0.07842814 -0.9964731 -0.02984422 -0.07844662 -0.9964715 -0.02910941 -0.2334924 -0.9719228 -0.02910888 -0.2334671 -0.971929 -0.02765679 -0.382624 -0.9234901 -0.02765935 -0.3826526 -0.9234783 -0.02552396 -0.5225136 -0.852249 -0.02552294 -0.5224982 -0.8522585 -0.02275985 -0.6494674 -0.7600488 -0.02276402 -0.6494936 -0.7600262 -0.01944297 -0.7603934 -0.6491718 -0.01944297 -0.7604028 -0.6491608 -0.01564353 -0.8526364 -0.5222707 -0.01564323 -0.8526161 -0.5223036 -0.01145517 -0.9239004 -0.3824616 -0.01145344 -0.9239012 -0.3824597 -0.006989896 -0.9723528 -0.2334123 -0.006989717 -0.972351 -0.2334194 -0.002348005 -0.9969187 -0.07840681 -0.002347826 -0.996918 -0.07841688 0 -1 2.13489e-6 -0.02992749 0 -0.9995521 -0.02992123 0 -0.9995524 -0.002348065 -0.9969188 -0.07840681 -0.002347886 -0.9969193 -0.07840079 -0.006987035 -0.972366 -0.2333574 -0.006988823 -0.9723714 -0.2333346 -0.01145315 -0.9238732 -0.3825276 -0.01145458 -0.9238764 -0.3825196 -0.01563954 -0.8526317 -0.5222784 -0.01564037 -0.8526392 -0.5222662 -0.01944679 -0.7604142 -0.6491473 -0.01945066 -0.7604209 -0.6491394 -0.0227741 -0.6494632 -0.760052 -0.02275401 -0.6494418 -0.7600708 -0.02551579 -0.5224647 -0.8522791 -0.02554076 -0.5225132 -0.8522487 -0.0276727 -0.3826823 -0.9234654 -0.02766364 -0.3826899 -0.9234626 -0.02911263 -0.2334604 -0.9719305 -0.02912902 -0.2334697 -0.9719278 -0.02985209 -0.07847112 -0.9964694 -0.02984285 -0.07844156 -0.996472 -0.02982169 0.07847589 -0.9964699 -0.0298649 0.07844376 -0.9964712 -0.02912294 0.2334529 -0.9719319 -0.02912163 0.2334609 -0.9719301 -0.027664 0.3826869 -0.9234639 -0.0276739 0.3827061 -0.9234555 -0.02554208 0.5224581 -0.8522823 -0.0255109 0.5225282 -0.8522403 -0.02275317 0.6494526 -0.7600616 -0.02277457 0.6494441 -0.7600684 -0.0194512 0.7603918 -0.6491734 -0.01944541 0.760402 -0.6491615 -0.01563769 0.8526632 -0.5222268 -0.01563912 0.8526483 -0.5222514 -0.01145309 0.923879 -0.3825135 -0.01145315 0.9238926 -0.3824807 -0.006991803 0.9723634 -0.2333684 -0.006985723 0.9723629 -0.2333697 -0.002348124 0.9969168 -0.07843089 -0.002349734 0.9969152 -0.07845056 0.02144479 -0.7660563 0.6424158 0.01873886 -0.7798162 0.6257281 0.01552271 -0.8550603 0.518296 0.01551878 -0.855064 0.5182902 0.01136338 -0.925143 0.379449 0.01136434 -0.9251444 0.3794453 0.006931364 -0.9728259 0.231434 0.006931185 -0.9728313 0.2314117 0.002328276 -0.9969713 0.07773643 0.002327799 -0.9969724 0.07772129 0.002329051 0.9969697 0.07775604 0.002328813 0.9969704 0.07774752 0.006932616 0.9728259 0.2314341 0.006930649 0.9728288 0.2314218 0.01136469 0.9251359 0.3794662 0.01136374 0.9251466 0.37944 0.01551836 0.8550605 0.5182962 0.01552301 0.8550545 0.518306 0.01874047 0.7798114 0.6257341 0.02144366 0.7660607 0.6424105 0.9995452 1.55281e-4 -0.03015726 0.9995451 -1.55281e-4 -0.03015971 0.9995475 0 -0.030083 0.999549 0 -0.03003424 0.999549 0 -0.03003323 0.9995474 0 -0.0300846 0.02463299 0.3364793 0.9413688 0.02462023 0.2934374 0.9556612 0.02840691 0.3150151 0.9486615 0.02929228 0.2052481 0.9782716 0.02930289 0.2051774 0.9782861 0.02986699 0.06880474 0.997183 0.02986907 0.06879919 0.9971834 0.02994024 0 0.9995518 0.02993762 0 0.9995518 0.0246191 -0.2934235 0.9556656 0.02463793 -0.336476 0.9413697 0.02840524 -0.3150425 0.9486525 0.02929508 -0.2051823 0.9782853 0.02930217 -0.2052387 0.9782732 0.02986812 -0.06879967 0.9971834 0.02986508 -0.06879889 0.9971835 -0.02864551 0 -0.9995896 -0.02851772 0 -0.9995933 0.9535979 0 -0.3010832 0.9537046 0 -0.3007451 0.9540974 -2.16742e-4 -0.2994965 0.9540203 2.85477e-4 -0.2997422 0.9540469 -1.43398e-4 -0.2996577 0.954041 -8.70773e-5 -0.2996766 0.9540393 0 -0.2996818 0.9540402 1.78913e-4 -0.2996786 0.9540455 -1.02234e-4 -0.2996619 0.9540399 4.45135e-5 -0.2996799 0.9540407 0 -0.2996774 0.9540414 -8.95003e-5 -0.2996751 0.9540422 0 -0.2996726 0.9540446 1.41141e-4 -0.2996648 0.9540317 -9.58868e-5 -0.2997062 0.9540465 0 -0.2996586 0.9540432 4.83438e-5 -0.2996694 0.9540386 -1.14766e-4 -0.2996837 0.9540507 3.36726e-5 -0.2996453 0.9540455 -4.87691e-5 -0.2996617 0.9540631 0 -0.2996059 0.9540427 1.97793e-4 -0.2996706 0.9540364 -6.21522e-4 -0.2996902 0.9540414 5.34859e-5 -0.2996748 0.9540418 0 -0.299674 0.9540462 0 -0.2996597 0.9540036 -2.04222e-5 -0.299795 0.9541779 0 -0.2992402 0.9540288 0 -0.2997152 0.9541694 -1.57787e-5 -0.2992673 0.9539999 2.0423e-5 -0.2998073 0.9540688 -1.45927e-5 -0.2995876 0.9540287 0 -0.2997154 0.9536369 0 -0.3009596 0.9536001 0 -0.3010762 0.954043 2.43845e-5 -0.2996701 0.9540517 -4.48987e-5 -0.2996425 0.9540414 3.09605e-5 -0.2996748 0.9540463 0 -0.2996594 0.9540536 0 -0.299636 0.9540184 3.36111e-5 -0.2997483 0.9540363 -3.00797e-5 -0.2996911 0.954052 1.25999e-5 -0.2996414 0.9540438 -1.50433e-5 -0.2996674 0.9540491 1.11964e-5 -0.2996504 0.9540421 2.25695e-5 -0.2996729 0.9540393 0 -0.2996815 0.9540395 0 -0.299681 0.9540389 0 -0.2996827 0.9540517 4.47712e-5 -0.2996424 0.9540483 5.22316e-5 -0.2996529 0.9540373 0 -0.2996882 0.9540432 0 -0.2996692 0.9540436 -4.47708e-5 -0.2996678 0.9540334 -2.98481e-5 -0.2997006 0.9540442 -8.95427e-5 -0.2996659 0.9540408 0 -0.2996771 0.9540388 0 -0.2996831 0.9540361 0 -0.2996916 0.9540395 0 -0.2996809 0.9540427 5.96939e-5 -0.2996708 0.9540383 0 -0.2996847 0.9540436 5.96963e-5 -0.2996679 0.9540421 0 -0.2996729 0.9540367 -5.96933e-5 -0.2996901 0.9540364 -8.95368e-5 -0.2996907 0.9540416 5.96946e-5 -0.2996745 0.9540424 0 -0.2996718 0.9540438 0 -0.2996675 0.9540441 0 -0.2996664 0.9540451 -5.96917e-5 -0.2996636 0.95404 5.96964e-5 -0.2996796 0.9540339 8.95376e-5 -0.299699 0.9540388 -5.96941e-5 -0.2996831 0.9540469 -4.4771e-5 -0.2996577 0.9540465 -5.96923e-5 -0.2996588 0.954033 0 -0.2997016 0.9540305 0 -0.2997095 0.9540461 -4.47688e-5 -0.2996602 0.9540375 -4.477e-5 -0.2996876 0 -1 2.45676e-4 0.3364821 -0.02463543 0.9413676 0.2934814 -0.02461534 0.9556478 0.315026 -0.02840697 0.9486579 0.2052365 -0.02929335 0.978274 0.2051941 -0.02930027 0.9782826 0.06879794 -0.02986872 0.9971834 0.068798 -0.02986735 0.9971835 0 -0.02993869 0.9995518 0 -0.02993869 0.9995518 -0.2934777 -0.02461838 0.955649 -0.336483 -0.02463018 0.9413675 -0.3150012 -0.02840733 0.948666 -0.2051949 -0.02929359 0.9782827 -0.2052356 -0.0293011 0.9782739 -0.06879919 -0.02986788 0.9971834 7.58176e-6 -0.9995501 -0.02999705 -7.29606e-6 -0.9995535 -0.02988463 0 -0.999552 -0.0299353 0 -0.9995519 -0.02993667 6.48454e-6 -0.9995531 -0.02989369 -7.27828e-6 -0.9995504 -0.0299865 0 -0.9567471 -0.2909209 0 -0.9567497 -0.2909127 2.71693e-5 -0.9567939 -0.2907674 -8.94335e-6 -0.9567955 -0.290762 -1.79713e-5 -0.9567928 -0.2907708 4.36531e-5 -0.9567877 -0.2907876 -4.10676e-6 -0.9567939 -0.2907674 0 -0.9567965 -0.2907589 3.84377e-5 -0.9567903 -0.2907792 -9.48351e-6 -0.9567944 -0.2907655 -2.05863e-5 -0.9567947 -0.2907644 3.36472e-5 -0.9567911 -0.2907764 1.92328e-5 -0.956795 -0.2907634 -1.59201e-5 -0.9567912 -0.2907763 -6.0082e-6 -0.9567944 -0.2907655 0 -0.9567939 -0.2907672 -1.51466e-5 -0.9567925 -0.2907719 1.43835e-5 -0.9567912 -0.290776 7.03336e-6 -0.9567957 -0.2907614 3.05588e-6 -0.9567949 -0.2907636 0 -0.9567913 -0.2907758 -3.47031e-5 -0.9567929 -0.2907705 3.89389e-5 -0.9568076 -0.2907221 -6.03289e-5 -0.9567903 -0.2907789 2.41957e-5 -0.9567958 -0.2907609 -7.23964e-5 -0.9567903 -0.2907788 -1.28005e-6 -0.9567887 -0.2907843 5.2694e-6 -0.9568072 -0.2907233 0 -0.9567855 -0.2907949 -4.61059e-6 -0.9568063 -0.2907263 1.28003e-6 -0.9567892 -0.2907826 0 -0.9567862 -0.2907922 0 -0.9567444 -0.2909299 0 -0.9567483 -0.2909174 -4.58373e-6 -0.9567963 -0.2907594 -8.44013e-6 -0.9567953 -0.2907624 0 -0.956795 -0.2907635 0 -0.9567939 -0.2907672 1.88449e-6 -0.9567929 -0.2907705 0 -0.956793 -0.2907701 3.76963e-6 -0.9567936 -0.2907679 2.28091e-6 -0.9567903 -0.2907792 -3.77044e-6 -0.9567948 -0.2907642 -3.50784e-6 -0.956794 -0.2907666 -1.41428e-6 -0.9567901 -0.2907797 0 -0.9567906 -0.2907783 0 -0.9567942 -0.2907664 0 -0.9567929 -0.2907704 0 -0.9567937 -0.2907677 -5.61076e-6 -0.9567915 -0.2907751 -4.67592e-6 -0.9567905 -0.2907786 1.12216e-5 -0.9567945 -0.2907652 5.6106e-6 -0.9567946 -0.2907652 0 -0.9567934 -0.2907687 3.74047e-6 -0.9567964 -0.2907591 5.61104e-6 -0.9567938 -0.2907674 -1.68333e-5 -0.9567884 -0.2907853 0 -0.9567893 -0.2907822 1.30918e-5 -0.9567963 -0.2907592 5.61053e-6 -0.9567982 -0.2907528 -3.74062e-6 -0.9567897 -0.2907807 0 -0.9567931 -0.2907699 3.74085e-6 -0.956789 -0.2907833 0 -0.9567937 -0.2907676 1.12219e-5 -0.9567914 -0.2907754 -1.12215e-5 -0.9567909 -0.2907771 -3.74028e-6 -0.9567947 -0.2907647 -1.68323e-5 -0.9567906 -0.290778 0 -0.9567928 -0.2907705 0 -0.9567928 -0.2907708 1.12212e-5 -0.9567931 -0.2907699 5.61077e-6 -0.9567929 -0.2907703 -7.48092e-6 -0.9567943 -0.2907657 5.61088e-6 -0.9567903 -0.2907791 -3.74074e-6 -0.9567918 -0.2907741 0 -0.9567915 -0.2907752 7.48112e-6 -0.95679 -0.29078 -5.61091e-6 -0.9567946 -0.290765 -1.12217e-5 -0.9567959 -0.2907606 -5.61077e-6 -0.9567932 -0.2907697 0 -0.9567911 -0.2907764 0.9969172 -0.002348482 -0.07842606 0.9969174 -0.002348005 -0.07842397 0.9723509 -0.006989121 -0.23342 0.9723487 -0.006991803 -0.2334291 0.9238997 -0.01146095 -0.3824632 0.9238958 -0.01145625 -0.3824726 0.8526517 -0.01564818 -0.5222455 0.8526692 -0.01563262 -0.5222172 0.7604013 -0.01943558 -0.6491628 0.7603675 -0.01945167 -0.6492018 0.6494107 -0.02277636 -0.7600968 0.6494352 -0.02275222 -0.7600766 0.522538 -0.02551531 -0.8522342 0.5225439 -0.02551311 -0.8522306 0.3826643 -0.02764672 -0.9234737 0.3826643 -0.02764922 -0.9234737 0.2334765 -0.02909845 -0.971927 0.2334604 -0.02911961 -0.9719303 0.07843106 -0.02985584 -0.9964724 0.07850807 -0.02983295 -0.9964671 1 -3.23381e-6 0 0.07840269 0.02985554 0.9964746 0.07848173 0.02983301 0.9964691 0.2334515 0.02909862 0.9719331 0.2334294 0.02909916 0.9719383 0.3827501 0.02764689 0.9234383 0.3826189 0.0276696 0.923492 0.5225244 0.02553248 0.852242 0.5225246 0.02551674 0.8522424 0.6494417 0.02275323 0.760071 0.6494129 0.02277553 0.7600948 0.7603946 0.0194503 0.6491702 0.7604123 0.01945006 0.6491495 0.8526445 0.01564979 0.5222573 0.8526619 0.01564621 0.5222289 0.9238958 0.0114575 0.3824726 0.9238958 0.01146286 0.3824726 0.9723553 0.006992697 0.233402 0.9723516 0.006994903 0.2334168 0.9969165 0.00234878 0.07843476 0.9969173 0.002348005 0.07842558 0 0.02994763 0.9995515 0 0.02994805 0.9995515 -0.9969143 0.002348303 0.0784623 -0.9969151 0.002358019 0.07845234 -0.9723591 0.006995618 0.2333858 -0.9723606 0.006987988 0.2333798 -0.9238958 0.01145875 0.3824726 -0.9238958 0.01145958 0.3824726 -0.8526399 0.01564633 0.5222648 -0.8526428 0.01564967 0.5222599 -0.7604123 0.01944923 0.6491495 -0.7603946 0.0194503 0.6491702 -0.649459 0.02277022 0.7600557 -0.6493957 0.02275693 0.7601101 -0.5225054 0.02551627 0.8522542 -0.5225436 0.02553462 0.8522302 -0.3827046 0.0276665 0.9234564 -0.3826643 0.02764922 0.9234737 -0.2334264 0.02909839 0.971939 -0.2334545 0.02909815 0.9719322 -0.07837849 0.02983283 0.9964773 -0.07851111 0.02985548 0.9964662 -1 -6.46761e-6 0 -0.07843112 -0.02983313 -0.9964731 -0.07851213 -0.02985566 -0.996466 -0.2335104 -0.02912127 -0.9719182 -0.2334265 -0.02909797 -0.9719391 -0.3826643 -0.0276488 -0.9234737 -0.3826643 -0.02764588 -0.9234737 -0.522538 -0.02551573 -0.8522342 -0.5225439 -0.02551311 -0.8522306 -0.6493958 -0.02275609 -0.7601102 -0.760401 -0.01945132 -0.6491625 -0.852643 -0.01563644 -0.52226 -0.8526543 -0.0156489 -0.5222411 -0.9238997 -0.01145762 -0.3824632 -0.9238958 -0.01145958 -0.3824726 -0.9723584 -0.006989002 -0.2333889 -0.9723541 -0.006988704 -0.233407 -0.9969151 -0.00234884 -0.07845193 -0.9969151 -0.002351343 -0.07845234 0 -0.02992492 -0.9995523 0 -0.02992528 -0.9995523 0.07839953 0.02985686 0.9964749 0.07847654 0.02983272 0.9964695 0.2334454 0.02910035 0.9719344 0.2334204 0.02909475 0.9719406 0.3827501 0.02764445 0.9234383 0.3826189 0.02766633 0.923492 0.6494417 0.02275902 0.7600709 0.6494131 0.02276557 0.760095 0.7604076 0.01944404 0.649155 0.7604252 0.0194537 0.6491341 0.8526327 0.01564836 0.5222766 0.8526502 0.01563942 0.5222482 0.9238958 0.0114637 0.3824726 0.9238958 0.01145297 0.3824726 0.9969229 0.002346754 0.07835412 0.9969237 0.002344727 0.07834333 0 0.02994787 0.9995515 -0.9969165 0.00234586 0.07843434 -0.9969172 0.002351403 0.07842606 -0.9723531 0.006991446 0.2334108 -0.9723538 0.007001161 0.2334079 -0.9238958 0.01146209 0.3824726 -0.8526399 0.01564216 0.5222648 -0.8526429 0.01564639 0.52226 -0.7604121 0.01945668 0.6491494 -0.6493957 0.02276021 0.7601101 -0.5225172 0.02551436 0.8522469 -0.5225496 0.02552992 0.8522267 -0.3827046 0.02766817 0.9234564 -0.2334455 0.02909868 0.9719345 -0.07837843 0.02983325 0.9964772 -0.07851111 0.02985507 0.9964662 -1 6.46751e-6 0 0.9969236 -0.002348065 -0.07834541 0.9969237 -0.002344727 -0.07834333 0.9723509 -0.006989955 -0.23342 0.9723487 -0.006995081 -0.2334291 0.9238958 -0.01145958 -0.3824726 0.8526428 -0.01565051 -0.5222599 0.8526544 -0.015639 -0.5222412 0.7604144 -0.0194351 -0.6491475 0.7603741 -0.01944851 -0.6491942 0.6494109 -0.02276974 -0.7600969 0.6494351 -0.02275884 -0.7600765 0.522538 -0.02551615 -0.8522342 0.3826643 -0.02764588 -0.9234737 0.2334705 -0.02909767 -0.9719284 0.2334544 -0.02912217 -0.9719316 0.07842695 -0.02985721 -0.9964727 0.0785039 -0.02983307 -0.9964674 -0.07851213 -0.02985584 -0.996466 -0.3826643 -0.02764922 -0.9234737 -0.5225557 -0.02551203 -0.8522235 -0.5225497 -0.02551668 -0.8522269 -0.6493957 -0.02276021 -0.7601101 -0.7604011 -0.0194447 -0.6491626 -0.7603677 -0.01944172 -0.6492019 -0.852643 -0.01564055 -0.52226 -0.8526543 -0.01564562 -0.5222411 -0.9238997 -0.01145678 -0.3824632 -0.9723523 -0.006998896 -0.2334139 -0.9723473 -0.006988644 -0.2334351 -0.9969173 -0.002351343 -0.07842558 -0.9969174 -0.002344727 -0.07842439 0 -0.02992516 -0.9995523 0.7505608 0.0230363 0.6603997 0.7520338 0.01968145 0.6588307 0.8454627 0.01597005 0.5337957 0.8454577 0.01595759 0.5338041 0.9201413 0.01169478 0.391412 0.9201398 0.01174736 0.3914141 0.9709849 0.007162153 0.2390338 0.9709796 0.007147789 0.2390555 0.9967623 0.00241363 0.08036851 0.9967623 0.002401113 0.08036839 -0.7520334 0.0231018 0.6587202 -0.7505608 0.01974016 0.6605064 -0.8454461 0.01597142 0.5338221 -0.9201431 0.0116961 0.3914076 -0.9201378 0.01174807 0.3914183 -0.9709805 0.007175087 0.2390509 -0.9709839 0.007147312 0.2390384 -0.9967623 0.002415418 0.08036851 -0.9967626 0.002382576 0.0803669 2.69251e-5 0.9995502 -0.02999192 1.08891e-5 0.9995539 -0.02986729 -1.4264e-7 0.9995561 -0.02979683 -7.31579e-7 0.9995649 -0.0294972 0 0.9995929 -0.02853411 0 0.999505 -0.03146409 7.31577e-7 0.9995622 -0.02959078 1.4264e-7 0.9995561 -0.02979695 -1.08892e-5 0.999554 -0.02986747 -2.69252e-5 0.9995502 -0.0299921 -2.48247e-5 0.9995511 -0.02995985 4.05982e-5 0.9995532 -0.02989393 3.22104e-5 0.9995512 -0.02995741 -2.90365e-6 0.9995508 -0.02997225 5.3234e-6 0.9995528 -0.02990567 -2.27993e-6 0.999553 -0.02989935 -1.4061e-6 0.9995496 -0.03000938 8.49236e-6 0.9995528 -0.02990633 -4.59329e-6 0.9995555 -0.0298143 -1.86273e-5 0.9995518 -0.02993607 0 0.9995524 -0.02991771 0 0.9995517 -0.02993971 0 0.999552 -0.02993524 0 0.9995518 -0.02993994 -2.99579e-5 0.9995524 -0.02991753 -2.72272e-5 0.9995533 -0.02988755 -1.57847e-5 0.9995534 -0.02988624 1.54247e-5 0.9995513 -0.02995717 1.46198e-5 0.9995517 -0.02994138 -1.89855e-5 0.9995512 -0.0299592 7.83945e-6 0.9995509 -0.02996784 8.89847e-6 0.9995519 -0.02993679 -2.37307e-5 0.9995517 -0.02994138 4.15277e-5 0.9995513 -0.02995687 2.07644e-5 0.9995517 -0.02994138 -1.24586e-5 0.9995523 -0.0299195 1.61023e-5 0.9995513 -0.02995371 -6.94133e-5 0.9995515 -0.02994853 -5.50884e-5 0.9995518 -0.02994096 1.18648e-5 0.9995518 -0.02993738 1.48319e-5 0.9995515 -0.02994853 3.79697e-5 0.9995518 -0.02993905 0 0.9995519 -0.02993559 -1.56797e-5 0.9995517 -0.02994215 -3.67831e-5 0.9995523 -0.0299201 4.91559e-5 0.9995521 -0.02992743 -3.55945e-6 0.9995513 -0.02995634 -4.23739e-6 0.9995505 -0.02998042 5.28017e-5 0.9995535 -0.02988219 -1.44072e-5 0.9995513 -0.0299533 3.55959e-6 0.9995523 -0.0299195 8.4755e-6 0.9995533 -0.02988797 -1.95773e-5 0.9995502 -0.02999484 -8.47479e-6 0.9995509 -0.02996683 -8.45383e-6 0.9995524 -0.02991884 -2.54261e-6 0.9995509 -0.02996885 2.00238e-6 0.9995524 -0.02992123 1.90694e-6 0.9995533 -0.02988719 4.0044e-6 0.9995501 -0.02999442 2.16119e-5 0.9995534 -0.02988708 2.46202e-5 0.9995524 -0.02991908 2.1505e-5 0.9995517 -0.02994006 0 0.9995526 -0.02991342 2.67245e-5 0.9995492 -0.03002643 1.48794e-5 0.9995532 -0.02989107 -2.85424e-5 0.9995537 -0.02987432 -6.40086e-6 0.9995524 -0.02991801 1.36919e-5 0.9995515 -0.02994596 2.22797e-5 0.9995509 -0.02997034 -3.33794e-5 0.9995516 -0.02994608 -4.8008e-5 0.9995527 -0.02990943 -2.14517e-5 0.9995524 -0.02991789 0.9969151 -0.002338528 -0.07845354 0.9969149 -0.002365767 -0.07845503 0.972369 -0.006992161 -0.233345 0.9238743 -0.01144289 -0.3825252 0.923877 -0.01144981 -0.3825184 0.8526468 -0.01561903 -0.5222542 0.8526353 -0.01561254 -0.5222734 0.7604025 -0.01941335 -0.6491619 0.7604359 -0.0194925 -0.6491203 0.6494771 -0.02282917 -0.7600384 0.5225324 -0.02549856 -0.852238 0.5225124 -0.02550202 -0.8522503 0.3826348 -0.02763175 -0.9234864 0.3826779 -0.02762341 -0.9234689 0.2334268 -0.02906799 -0.9719399 0.2334281 -0.02907675 -0.9719393 0.07845962 -0.0298106 -0.9964715 0.07845264 -0.02981603 -0.996472 0 -0.02990633 -0.9995527 -0.07844674 -0.02981317 -0.9964725 -0.07846552 -0.02981251 -0.9964711 -0.2334282 -0.02907353 -0.9719394 -0.2334268 -0.02906715 -0.9719399 -0.3826512 -0.02761441 -0.9234802 -0.5225599 -0.02550369 -0.8522212 -0.5225187 -0.02549469 -0.8522466 -0.6494565 -0.02273809 -0.7600587 -0.6494147 -0.02282428 -0.7600919 -0.7604041 -0.01948863 -0.6491578 -0.7604345 -0.01940631 -0.6491246 -0.8526352 -0.01561814 -0.5222734 -0.8526418 -0.01561337 -0.5222628 -0.9238771 -0.01144593 -0.3825184 -0.9238743 -0.01143103 -0.3825252 -0.972372 -0.006999135 -0.2333322 -0.9969149 -0.002347469 -0.07845503 -1 -1.29348e-5 0 -1 1.29356e-5 0 0.7520144 0.01968097 0.6588528 0.8454627 0.01596772 0.5337957 0.9201411 0.01171094 0.3914118 0.9709934 0.007164537 0.238999 0.9709838 0.007166326 0.2390381 0.9967623 0.002411901 0.08036851 -0.7520144 0.02307182 0.6587428 -0.7505607 0.01975917 0.6605062 -0.8454464 0.01595413 0.5338222 -0.8454741 0.01597636 0.5337775 -0.9201431 0.01169699 0.3914076 -0.9709849 0.007171928 0.2390335 -0.9967612 0.002399206 0.08038228 -0.996761 0.002401053 0.08038526 2.69255e-5 0.9995508 -0.02997189 0 0.999505 -0.03146409 0 0.9996172 -0.02767026 7.31564e-7 0.9995594 -0.02968394 1.08893e-5 0.9995539 -0.0298677 -1.42639e-7 0.9995517 -0.02994281 -7.31585e-7 0.9995731 -0.02921652 -2.48245e-5 0.9995511 -0.02995955 3.22109e-5 0.9995535 -0.02988225 -2.90363e-6 0.9995508 -0.02997201 -1.40609e-6 0.9995496 -0.03000921 8.49248e-6 0.9995511 -0.02995979 -4.59333e-6 0.9995555 -0.02981454 -1.86274e-5 0.9995519 -0.02993631 0 0.9995502 -0.02999258 0 0.9995518 -0.02993905 0 0.9995519 -0.02993416 0 0.9995518 -0.02993893 -2.99582e-5 0.9995524 -0.02991783 -2.72271e-5 0.9995534 -0.02988749 -1.66108e-5 0.9995513 -0.02995634 -1.57848e-5 0.9995534 -0.02988636 1.46197e-5 0.9995517 -0.02994114 -1.89852e-5 0.9995512 -0.0299586 7.8394e-6 0.9995518 -0.02994054 8.89864e-6 0.9995518 -0.02993738 4.15293e-5 0.9995512 -0.029958 2.07649e-5 0.9995517 -0.02994215 -1.24588e-5 0.9995523 -0.0299201 1.61021e-5 0.9995513 -0.0299533 1.18646e-5 0.9995515 -0.02994626 1.48309e-5 0.9995517 -0.02993977 3.79682e-5 0.9995518 -0.02993792 0 0.9995519 -0.02993571 -1.56794e-5 0.9995517 -0.02994179 -4.23733e-6 0.9995501 -0.02999353 5.28006e-5 0.9995523 -0.0299195 -1.4407e-5 0.9995514 -0.02995288 8.47538e-6 0.9995526 -0.02991467 -1.95777e-5 0.9995501 -0.02999538 -8.45377e-6 0.9995502 -0.02999454 -2.54257e-6 0.9995501 -0.02999556 2.00236e-6 0.9995546 -0.02984493 1.90693e-6 0.9995526 -0.02991425 4.00437e-6 0.9995502 -0.02999413 2.16118e-5 0.9995534 -0.02988696 2.15052e-5 0.9995518 -0.02994036 0 0.9995547 -0.02984195 0 0.9995526 -0.02991324 2.67253e-5 0.9995514 -0.02995133 1.48798e-5 0.9995517 -0.02994471 -2.85418e-5 0.9995537 -0.02987372 -6.40082e-6 0.9995524 -0.02991783 2.22796e-5 0.9995508 -0.0299701 -3.33782e-5 0.9995516 -0.02994495 -4.8007e-5 0.9995527 -0.02990877 0.9969151 -0.00233972 -0.07845354 0.9969149 -0.002346873 -0.07845503 0.9723691 -0.006968498 -0.2333451 0.9723676 -0.007002353 -0.23335 0.9238811 -0.01143825 -0.382509 0.9238839 -0.01143097 -0.3825023 0.8526468 -0.01562136 -0.5222542 0.852635 -0.01563143 -0.5222733 0.7604025 -0.01941573 -0.6491619 0.6494772 -0.02282088 -0.7600387 0.5225325 -0.02549505 -0.8522381 0.5225123 -0.02551144 -0.85225 0.3826348 -0.02763646 -0.9234864 0.2334268 -0.02906477 -0.9719399 0.2334281 -0.02908623 -0.971939 0.07845962 -0.02980911 -0.9964715 0.07845264 -0.02981716 -0.9964718 0 -0.02990621 -0.9995527 -0.07844078 -0.02981209 -0.996473 -0.2334281 -0.02908271 -0.9719391 -0.2334268 -0.02906239 -0.9719401 -0.3826511 -0.02761554 -0.9234801 -0.5225935 -0.02550977 -0.8522003 -0.6494379 -0.02273392 -0.7600748 -0.760404 -0.01949834 -0.6491577 -0.8526352 -0.01561963 -0.5222734 -0.9238771 -0.01144683 -0.3825184 -0.972372 -0.006994724 -0.2333322 -0.9969149 -0.0023427 -0.07845503 -1 2.58697e-5 0 -1 -2.58712e-5 0 0.07842904 0.02983272 -0.9964733 0.07853388 0.02985489 -0.9964643 0.2334767 0.02911913 -0.9719263 0.2334564 0.0290988 -0.9719318 0.3826678 0.02764695 -0.9234723 0.3826434 0.02764797 -0.9234824 0.5225439 0.02551394 -0.8522307 0.5225247 0.02551674 -0.8522422 0.6493947 0.0227577 -0.760111 0.6494655 0.02277129 -0.7600502 0.7603872 0.01945078 -0.6491788 0.7603769 0.01943463 -0.6491912 0.852653 0.01563495 -0.5222438 0.8526688 0.01564919 -0.5222173 0.9239 0.01146095 -0.3824625 0.9238954 0.01145958 -0.3824735 0.9723522 0.006993055 -0.2334144 0.9723463 0.006988823 -0.2334398 0.9969173 0.002347171 -0.07842516 0.9969172 0.002348065 -0.0784263 0 0.02992522 -0.9995523 0 0.02992516 -0.9995523 -0.9969151 0.002354681 -0.0784533 -0.9969152 0.002344667 -0.07845205 -0.9723567 0.006984174 -0.2333961 -0.9723541 0.00699532 -0.2334069 -0.9238992 0.01145845 -0.3824642 -0.9238962 0.01145958 -0.3824718 -0.852635 0.0156517 -0.5222725 -0.8526626 0.01563203 -0.5222281 -0.7604103 0.01943677 -0.6491521 -0.7603539 0.01944869 -0.6492179 -0.6494195 0.02277159 -0.7600895 -0.6494406 0.02275568 -0.7600718 -0.5225246 0.0255143 -0.8522424 -0.5225439 0.02551645 -0.8522305 -0.3826659 0.02764976 -0.9234731 -0.3826453 0.02764642 -0.9234817 -0.2334813 0.02909946 -0.9719258 -0.2334517 0.02912014 -0.9719323 -0.07845699 0.02985525 -0.9964705 -0.07851016 0.02983295 -0.9964669 -1 3.84011e-6 0 -0.07837873 -0.02985608 0.9964766 -0.07851046 -0.02983224 0.9964669 -0.2334289 -0.02909952 0.9719384 -0.2334284 -0.02909737 0.9719386 -0.382754 -0.02764594 0.9234366 -0.3826181 -0.02766954 0.9234923 -0.5225023 -0.02553683 0.8522554 -0.5225417 -0.02551299 0.852232 -0.6494385 -0.02275478 0.7600737 -0.6494078 -0.02277296 0.7600994 -0.7603903 -0.01945173 0.6491752 -0.7604015 -0.0194472 0.6491621 -0.8526351 -0.01564753 0.5222725 -0.8526496 -0.01565265 0.5222488 -0.9238961 -0.01145958 0.3824719 -0.9238965 -0.01145923 0.3824709 -0.9723601 -0.00699526 0.2333813 -0.9723587 -0.006988167 0.233388 -0.9969144 -0.002350807 0.07846176 -0.9969151 -0.002358019 0.07845324 0 -0.02994763 0.9995515 0.9969165 -0.002347469 0.07843458 0.9969172 -0.002348065 0.07842648 0.9723539 -0.006994128 0.2334076 0.9723526 -0.006991267 0.2334129 0.9238965 -0.01145762 0.382471 0.9238962 -0.01145958 0.3824718 0.8526546 -0.01564866 0.5222409 0.8526546 -0.01564657 0.5222409 0.7604014 -0.0194509 0.6491621 0.7603903 -0.0194509 0.6491752 0.6494535 -0.02277177 0.7600603 0.6493927 -0.02275681 0.7601128 0.5225224 -0.02551418 0.8522439 0.5225216 -0.02553486 0.8522437 0.3827086 -0.02766925 0.9234548 0.3826636 -0.02764749 0.9234741 0.2334284 -0.02909862 0.9719386 0.2334289 -0.02909868 0.9719384 0.07837665 -0.02983337 0.9964774 0.07850825 -0.02985543 0.9964663 1 3.53694e-7 0 1 3.23378e-6 0 0.07842475 0.02983319 -0.9964736 0.07852959 0.02985513 -0.9964647 0.2334706 0.02912002 -0.9719278 0.2334501 0.02909928 -0.9719333 0.3826678 0.02764612 -0.9234723 0.3826434 0.02764958 -0.9234823 0.5225439 0.02551639 -0.8522306 0.5225247 0.02551347 -0.8522424 0.6493947 0.02275353 -0.760111 0.6494654 0.02277457 -0.7600501 0.7604007 0.01944786 -0.6491631 0.7603905 0.01943171 -0.6491756 0.8526409 0.01563888 -0.5222635 0.8526567 0.01565229 -0.5222371 0.9239 0.01146179 -0.3824625 0.9969236 0.002349674 -0.07834428 0.9969236 0.002338171 -0.07834547 0 0.02992516 -0.9995523 0 0.02992522 -0.9995523 -0.9969172 0.002350568 -0.07842636 -0.9969173 0.002344667 -0.0784251 -0.9723505 0.006988286 -0.2334218 -0.9723478 0.007001876 -0.2334325 -0.9238994 0.01145517 -0.3824643 -0.9238961 0.0114662 -0.3824717 -0.852635 0.01565581 -0.5222725 -0.7604104 0.01943266 -0.6491521 -0.7603537 0.01945531 -0.6492179 -0.6494194 0.02277493 -0.7600894 -0.6494407 0.0227524 -0.7600718 -0.5225369 0.02551072 -0.8522351 -0.522556 0.02551698 -0.852223 -0.3826659 0.02764767 -0.9234731 -0.3826452 0.02764976 -0.9234815 -0.2334752 0.02909827 -0.9719273 -0.2334455 0.02912104 -0.9719337 -0.0785101 0.02983379 -0.9964668 -1 4.90119e-6 0 -1 -6.46754e-6 0 -0.07837873 -0.02985572 0.9964766 -0.2334226 -0.02909916 0.9719399 -0.2334223 -0.02909827 0.97194 -0.382754 -0.02764636 0.9234366 -0.3826181 -0.02767288 0.9234921 -0.5225143 -0.02553576 0.852248 -0.5225539 -0.02551031 0.8522247 -0.6494384 -0.02275562 0.7600737 -0.7604014 -0.01945382 0.6491621 -0.8526352 -0.01564341 0.5222726 -0.8526498 -0.01564604 0.5222488 -0.9238961 -0.0114637 0.3824719 -0.9238966 -0.01145261 0.3824709 -0.972354 -0.006991863 0.2334069 -0.9723523 -0.00700134 0.2334136 -0.9969165 -0.002348303 0.07843476 -0.9969172 -0.002351403 0.07842636 0 -0.02994763 0.9995515 0 -0.02994763 0.9995515 0.9969229 -0.002348303 0.0783537 0.9969235 -0.002344787 0.07834559 0.9723539 -0.006992876 0.2334076 0.9723526 -0.006994545 0.2334129 0.9238965 -0.0114609 0.382471 0.8526424 -0.01564222 0.5222607 0.8526425 -0.01564639 0.5222606 0.7604149 -0.01944917 0.6491464 0.7604038 -0.01944792 0.6491594 0.6494534 -0.02277511 0.7600603 0.6493927 -0.02275347 0.7601128 0.5225224 -0.02551335 0.8522439 0.5225216 -0.02553647 0.8522437 0.3827086 -0.02766597 0.9234548 0.3826636 -0.02764582 0.9234741 0.2334223 -0.0290991 0.97194 0.2334226 -0.02909833 0.9719399 0.07837241 -0.02983343 0.9964777 0.07850402 -0.02985566 0.9964666 1 1.01055e-6 0 -3.88899e-7 -0.9995523 -0.02992308 -6.41077e-6 -0.9995514 -0.02994978 3.88897e-7 -0.9995523 -0.02992326 2.42487e-6 -0.9995515 -0.02994734 -2.42488e-6 -0.9995515 -0.02994751 -1.09736e-6 -0.9995539 -0.02987146 0 -0.999561 -0.02962982 0 -0.9995615 -0.02961403 1.09736e-6 -0.9995539 -0.02987152 6.41073e-6 -0.9995514 -0.02995061 -4.43294e-6 -0.9995522 -0.02992647 1.28206e-6 -0.999552 -0.02993255 2.65959e-6 -0.9995519 -0.02993631 -3.31846e-6 -0.9995521 -0.02992832 -3.25317e-6 -0.9995521 -0.02992796 2.07269e-6 -0.9995518 -0.02993786 1.99818e-6 -0.9995521 -0.02993059 2.69271e-6 -0.9995521 -0.02993041 1.48171e-7 -0.9995517 -0.02994227 -4.86378e-6 -0.9995526 -0.02991449 0 -0.9995529 -0.0299015 0 -0.9995518 -0.02993893 0 -0.9995518 -0.02993899 0 -0.9995518 -0.02994102 -4.15258e-6 -0.9995515 -0.02994835 4.55554e-6 -0.9995532 -0.02989274 1.89838e-5 -0.9995538 -0.02987337 -1.49373e-5 -0.9995506 -0.02998048 9.49223e-6 -0.9995512 -0.02995747 3.24183e-5 -0.9995525 -0.02991384 -5.87365e-5 -0.9995508 -0.02997279 -1.73738e-5 -0.9995525 -0.02991688 -1.30511e-5 -0.9995525 -0.02991485 -1.73748e-5 -0.9995524 -0.02991849 3.67811e-5 -0.9995529 -0.02990478 -2.2882e-5 -0.9995515 -0.02994781 -8.89897e-6 -0.9995515 -0.0299459 7.62732e-6 -0.9995518 -0.02993762 -1.60185e-5 -0.9995518 -0.02993679 2.79676e-5 -0.9995523 -0.02992194 -3.2629e-5 -0.9995526 -0.02990978 -5.59375e-5 -0.9995526 -0.02991306 7.29743e-5 -0.9995511 -0.02996218 0 -0.9995511 -0.02996212 0 -0.9995511 -0.02996271 5.21242e-5 -0.9995511 -0.02996206 -6.76323e-5 -0.9995531 -0.02989405 -2.24592e-5 -0.999553 -0.02990096 2.49162e-5 -0.9995518 -0.02993911 -4.6612e-6 -0.999552 -0.02993017 1.18654e-5 -0.9995515 -0.0299471 2.03403e-5 -0.9995514 -0.02995198 1.24588e-5 -0.9995517 -0.02994024 4.66136e-6 -0.9995519 -0.02993398 -1.86875e-5 -0.9995535 -0.02988338 1.61023e-5 -0.9995524 -0.02991813 1.49797e-5 -0.9995526 -0.0299142 6.3565e-7 -0.9995532 -0.02989417 1.26076e-5 -0.9995499 -0.03000068 4.23759e-6 -0.9995504 -0.02998518 5.89532e-6 -0.9995515 -0.02995026 -1.27127e-5 -0.9995531 -0.02989441 -7.71235e-6 -0.9995537 -0.0298717 3.07216e-6 -0.9995517 -0.02994185 0 -0.9995515 -0.02994924 0 -0.9995518 -0.02993887 0 -0.9995518 -0.02993899 0 -0.9995525 -0.02991402 7.12656e-6 -0.9995529 -0.02990186 1.75661e-6 -0.999552 -0.02993184 -6.54082e-6 -0.9995517 -0.02994149 -4.336e-6 -0.9995519 -0.02993649 1.19059e-6 -0.999552 -0.02993136 3.09437e-6 -0.9995521 -0.02992868 4.17251e-6 -0.9995521 -0.0299288 0 -0.9995519 -0.02993363 -4.17116e-6 -0.9995519 -0.02993518 4.72856e-6 -0.9995521 -0.02992767 -0.7505576 -0.02304589 0.6604031 -0.7520232 -0.01970285 0.6588422 -0.8454592 -0.01595425 0.5338019 -0.8454551 -0.01597636 0.5338078 -0.9201371 -0.01169651 0.3914219 -0.9201403 -0.01174741 0.3914125 -0.970986 -0.007174432 0.2390292 -0.9709793 -0.007148325 0.2390566 -0.9967626 -0.002397 0.08036625 -0.9967626 -0.002400994 0.08036601 0.7520175 -0.02307254 0.6587393 0.7505727 -0.01974213 0.660493 0.8454589 -0.015971 0.5338017 0.8454553 -0.01595789 0.5338079 0.9201454 -0.01171237 0.3914019 0.9201321 -0.01172953 0.3914326 0.9709806 -0.007181107 0.2390506 0.9709848 -0.007129251 0.2390352 0.9967626 -0.002395272 0.08036625 0.9967626 -0.002419471 0.08036601 -0.9969152 0.002355396 -0.07845145 -0.9969152 0.002346873 -0.07845234 -0.9723685 0.006983399 -0.2333471 -0.972368 0.00698328 -0.2333489 -0.9238715 0.01145297 -0.3825315 -0.9238772 0.01143157 -0.3825184 -0.8526471 0.01561796 -0.5222537 -0.8526333 0.01561319 -0.5222765 -0.7603992 0.01941168 -0.6491658 -0.7604296 0.01948237 -0.6491283 -0.6494543 0.02281796 -0.7600583 -0.6494117 0.02273839 -0.760097 -0.5225279 0.02549356 -0.8522411 -0.5225778 0.02550333 -0.8522101 -0.3826486 0.02763181 -0.9234807 -0.3826497 0.02761054 -0.9234808 -0.2334206 0.02906161 -0.9719416 -0.2334565 0.02907794 -0.9719324 -0.07844609 0.02981323 -0.9964725 -0.0784536 0.02981519 -0.9964719 0 0.02990812 -0.9995527 0.07845366 0.02981638 -0.9964718 0.07844597 0.02981227 -0.9964725 0.2334383 0.02908366 -0.9719367 0.2334387 0.02905917 -0.9719372 0.3826493 0.02761912 -0.9234808 0.3826491 0.02763217 -0.9234806 0.5225474 0.02549272 -0.8522291 0.5225241 0.02550071 -0.8522432 0.649484 0.02274358 -0.7600352 0.649439 0.02282452 -0.760071 0.7603981 0.01948767 -0.6491649 0.7604305 0.01941621 -0.6491291 0.8526384 0.01561647 -0.522268 0.8526421 0.01561439 -0.5222622 0.9238745 0.0114448 -0.3825245 0.9238741 0.01144951 -0.3825254 0.972369 0.006990253 -0.2333445 0.9723675 0.006965219 -0.2333514 0.996915 0.002357542 -0.07845383 0.9969154 0.002346754 -0.07844996 -6.4108e-6 -0.9995515 -0.02994996 3.88904e-7 -0.9995522 -0.02992379 -2.42484e-6 -0.9995515 -0.0299471 -1.09734e-6 -0.9995539 -0.0298711 0 -0.999561 -0.02962982 0 -0.9995614 -0.02961421 1.09736e-6 -0.9995539 -0.02987146 6.41083e-6 -0.9995515 -0.02995073 -4.4329e-6 -0.9995521 -0.02992618 1.28204e-6 -0.999552 -0.02993297 2.65956e-6 -0.9995519 -0.02993601 -3.31843e-6 -0.9995521 -0.02992892 -3.25315e-6 -0.9995521 -0.02992779 2.07267e-6 -0.9995518 -0.02993762 1.99814e-6 -0.9995521 -0.02992999 2.69272e-6 -0.999552 -0.02993065 1.48171e-7 -0.9995517 -0.02994245 -4.86381e-6 -0.9995526 -0.02991467 -4.1527e-6 -0.9995515 -0.02994924 4.55552e-6 -0.9995532 -0.02989178 1.89842e-5 -0.9995537 -0.02987509 -1.49374e-5 -0.9995505 -0.02997994 9.49205e-6 -0.9995512 -0.02995806 3.24175e-5 -0.9995525 -0.02991384 -5.87365e-5 -0.9995507 -0.02997338 -1.73738e-5 -0.9995525 -0.02991598 -1.30506e-5 -0.9995526 -0.02991431 -1.73748e-5 -0.9995524 -0.0299189 3.67818e-5 -0.9995527 -0.02990561 -2.28813e-5 -0.9995515 -0.0299474 -8.89948e-6 -0.9995516 -0.02994704 7.62742e-6 -0.9995518 -0.02993762 -1.60179e-5 -0.9995519 -0.02993553 2.7968e-5 -0.9995523 -0.02992212 -3.2629e-5 -0.9995527 -0.02991068 -5.5936e-5 -0.9995526 -0.02991229 7.29757e-5 -0.9995511 -0.02996271 0 -0.9995511 -0.02996283 0 -0.9995511 -0.0299623 5.21207e-5 -0.9995511 -0.02996218 -6.76284e-5 -0.9995532 -0.02989351 -2.24592e-5 -0.999553 -0.02990108 2.49157e-5 -0.9995518 -0.02993857 -4.66114e-6 -0.999552 -0.02992981 1.18655e-5 -0.9995515 -0.02994734 2.03412e-5 -0.9995514 -0.02995318 1.24588e-5 -0.9995518 -0.02993905 4.66139e-6 -0.9995519 -0.02993416 1.49798e-5 -0.9995526 -0.0299133 6.35645e-7 -0.9995532 -0.02989482 1.26073e-5 -0.99955 -0.03000009 5.89526e-6 -0.9995515 -0.02994996 -1.27128e-5 -0.9995532 -0.02989459 -7.71239e-6 -0.9995537 -0.02987182 3.07215e-6 -0.9995517 -0.02994173 0 -0.9995515 -0.0299496 0 -0.9995518 -0.02993911 0 -0.9995518 -0.02993881 0 -0.9995525 -0.02991366 7.12677e-6 -0.9995529 -0.02990269 1.75663e-6 -0.9995521 -0.02993124 -4.33601e-6 -0.9995519 -0.02993661 1.19058e-6 -0.9995521 -0.02993112 3.09435e-6 -0.9995521 -0.0299285 4.17243e-6 -0.9995521 -0.0299282 0 -0.9995519 -0.02993386 -4.17131e-6 -0.9995518 -0.02993571 4.72852e-6 -0.9995522 -0.02992737 -0.7505574 -0.02303636 0.6604036 -0.7520131 -0.01970255 0.6588537 -0.8454589 -0.01597386 0.5338017 -0.8454553 -0.01595789 0.5338079 -0.920137 -0.01169735 0.3914219 -0.9709903 -0.007171273 0.2390112 -0.9709836 -0.007166862 0.2390389 -0.996761 -0.002399325 0.08038514 -0.9967611 -0.002400994 0.08038479 0.7520075 -0.02307224 0.6587508 0.7505632 -0.01974189 0.6605038 0.845459 -0.01596868 0.5338017 0.9201453 -0.01171004 0.3914018 0.9201319 -0.01174801 0.3914325 0.9709851 -0.007165014 0.239033 0.9709889 -0.007166206 0.2390172 0.9967625 -0.002412021 0.08036625 0.9967626 -0.002400994 0.08036601 -0.9969152 0.002353906 -0.07845145 -0.9723685 0.006988108 -0.2333471 -0.9238715 0.01145738 -0.3825315 -0.8526471 0.01561707 -0.5222537 -0.7603992 0.01941025 -0.6491658 -0.7604295 0.01949185 -0.6491281 -0.6494449 0.02281731 -0.7600662 -0.649402 0.02272856 -0.7601057 -0.5225361 0.02550697 -0.8522356 -0.5225869 0.02549433 -0.8522048 -0.3826487 0.0276274 -0.9234808 -0.3826497 0.02762001 -0.9234806 -0.2334205 0.02906519 -0.9719414 -0.2334566 0.02907323 -0.9719326 -0.07844144 0.02981173 -0.9964729 -0.07844913 0.02981823 -0.9964721 0 0.02990812 -0.9995527 0 0.02990806 -0.9995527 0.07845366 0.02981519 -0.9964718 0.07844597 0.02981466 -0.9964724 0.2334383 0.02907449 -0.9719368 0.2334387 0.02906864 -0.971937 0.3826493 0.02761763 -0.9234808 0.522539 0.0254876 -0.8522344 0.5225151 0.02550977 -0.8522484 0.649484 0.02274709 -0.760035 0.760398 0.01949596 -0.6491647 0.8526386 0.01561415 -0.5222681 0.8526418 0.01563334 -0.522262 0.9238812 0.01144248 -0.3825083 0.9238814 0.01143068 -0.3825082 0.9723693 0.006957173 -0.2333446 0.9723673 0.007003068 -0.2333514 0.996915 0.002343356 -0.07845383 -0.07837444 -0.02985572 0.9964768 -0.07850623 -0.02983063 0.9964673 -0.2334226 -0.02909833 0.9719399 -0.3827446 -0.02763909 0.9234408 -0.3826084 -0.0276755 0.923496 -0.5225265 -0.02553141 0.8522408 -0.522566 -0.02551752 0.852217 -0.6494117 -0.02276462 0.7600963 -0.6493809 -0.02277201 0.7601224 -0.7604174 -0.01943832 0.6491439 -0.7604281 -0.01946109 0.6491306 -0.8526232 -0.01563823 0.5222921 -0.8526375 -0.01565903 0.5222684 -0.9239058 -0.01145803 0.3824485 -0.9239062 -0.01144611 0.3824478 -0.9723477 -0.007007598 0.2334326 -0.9723463 -0.006994724 0.2334393 -0.9969249 -0.002340078 0.07832694 -0.9969257 -0.002358019 0.07831853 0 -0.02994769 0.9995515 0.9969165 -0.002351641 0.07843458 0.9969172 -0.002358019 0.07842648 0.9723476 -0.006994485 0.2334333 0.9723464 -0.006994485 0.2334387 0.9239062 -0.01144945 0.3824478 0.9239056 -0.01147294 0.3824485 0.8526303 -0.0156511 0.5222802 0.8526301 -0.01565939 0.5222802 0.7604014 -0.01945048 0.6491621 0.7603905 -0.01943433 0.6491754 0.6495071 -0.02277034 0.7600146 0.6494461 -0.022762 0.760067 0.5224983 -0.02552211 0.8522583 0.5224972 -0.0255419 0.8522584 0.382699 -0.02767109 0.9234586 0.3826539 -0.02764844 0.9234781 0.2334223 -0.02909994 0.97194 0.07837873 -0.02983421 0.9964773 0.0785104 -0.02985459 0.9964662 1 2.58702e-5 0 -0.9969257 0.002336502 -0.07831853 -0.9969258 0.002357959 -0.07831734 -0.9723443 0.00699985 -0.2334473 -0.9723419 0.006968736 -0.2334582 -0.9239089 0.01145941 -0.3824412 -0.9239059 0.01144647 -0.3824487 -0.8526229 0.01566308 -0.5222921 -0.8526505 0.01563179 -0.5222479 -0.7604374 0.01943582 -0.6491205 -0.7603806 0.01944935 -0.6491866 -0.6493926 0.02276819 -0.7601124 -0.6494138 0.02275806 -0.7600946 -0.5225489 0.02551132 -0.8522277 -0.522568 0.02551758 -0.8522157 -0.3826563 0.02764862 -0.9234769 -0.3826355 0.02764904 -0.9234855 -0.2334752 0.02909994 -0.9719273 -0.2334455 0.02911776 -0.9719339 -0.07845276 0.02985692 -0.9964706 -0.07850593 0.02983051 -0.9964674 0.07843112 0.0298323 -0.9964731 0.07853597 0.0298534 -0.9964643 0.2334706 0.02911919 -0.9719278 0.2334502 0.02909845 -0.9719334 0.3826581 0.02764707 -0.9234763 0.3826338 0.02764892 -0.9234863 0.5225196 0.02552187 -0.8522453 0.5225005 0.02550899 -0.8522573 0.6494483 0.02275544 -0.7600651 0.649519 0.02277314 -0.7600044 0.7603874 0.01943755 -0.6491789 0.7603768 0.01944792 -0.649191 0.8526288 0.0156362 -0.5222833 0.8526448 0.01564544 -0.5222569 0.9239096 0.01146107 -0.3824394 0.9239051 0.01144647 -0.3824505 0.9723461 0.006991386 -0.2334401 0.9723401 0.006982147 -0.2334655 0.9969173 0.002359569 -0.07842516 0.9969173 0.002331495 -0.0784263 0 0.02992516 -0.9995523 0 0.02992522 -0.9995523 -0.07850623 -0.02983391 0.9964671 -0.2334227 -0.0291 0.9719399 -0.3827445 -0.02764236 0.9234406 -0.5225266 -0.02552646 0.8522409 -0.6494385 -0.022749 0.7600738 -0.7603903 -0.0194509 0.6491752 -0.8526232 -0.01564484 0.5222921 -0.8526377 -0.0156458 0.5222685 -0.9239057 -0.01146799 0.3824486 -0.9723478 -0.007004261 0.2334326 -0.9969251 -0.002335071 0.07832694 0 -0.02994757 0.9995515 0.9969165 -0.002349972 0.07843458 0.9723477 -0.006987869 0.2334333 0.923906 -0.01145774 0.3824478 0.9239058 -0.0114597 0.3824485 0.8526303 -0.01564782 0.5222802 0.8526304 -0.01564615 0.5222803 0.7604281 -0.01945942 0.6491305 0.7604173 -0.01943498 0.649144 0.6494803 -0.02276778 0.7600375 0.6494194 -0.02276104 0.7600898 0.5224984 -0.02551215 0.8522586 0.5224973 -0.02553528 0.8522585 0.382699 -0.02766776 0.9234587 0.07837873 -0.02983254 0.9964773 0.0785104 -0.02985578 0.9964661 -0.9969257 0.002353072 -0.07831853 -0.9969258 0.002331435 -0.07831734 -0.9723443 0.006989896 -0.2334474 -0.9723417 0.00699526 -0.2334582 -0.9239088 0.01146274 -0.3824411 -0.9239057 0.0114597 -0.3824486 -0.8526229 0.0156548 -0.5222921 -0.7604104 0.01944011 -0.6491521 -0.6494195 0.02276915 -0.7600895 -0.6494408 0.02274578 -0.760072 -0.5225487 0.02551466 -0.8522276 -0.3826563 0.02765196 -0.9234769 -0.3826357 0.02764242 -0.9234858 -0.07845276 0.02985531 -0.9964708 0.07843112 0.02983397 -0.9964731 0.07853597 0.02985382 -0.9964643 0.2334502 0.02910012 -0.9719333 0.3826581 0.02765041 -0.9234762 0.3826339 0.02764558 -0.9234864 0.5225197 0.02551853 -0.8522453 0.5225005 0.02551561 -0.8522573 0.6494215 0.02275782 -0.7600881 0.6494923 0.02276557 -0.7600274 0.7604144 0.01943987 -0.6491473 0.7604038 0.01943534 -0.6491598 0.8526287 0.01564115 -0.5222832 0.8526446 0.01565867 -0.5222567 0.9239095 0.01146602 -0.3824393 0.923905 0.0114597 -0.3824504 0.9723461 0.006996333 -0.2334401 0.9723399 0.006995439 -0.2334654 0.9969173 0.002349674 -0.07842516 0.9969172 0.002344727 -0.0784263 0 0.02992522 -0.9995523 0 0.02992516 -0.9995523 -0.7505663 -0.02307474 0.6603924 -0.7520238 -0.01966369 0.6588428 -0.8454594 -0.01594102 0.533802 -0.92013 -0.01171976 0.3914379 -0.9201335 -0.0117473 0.3914287 -0.9709943 -0.00723654 0.2389935 -0.970988 -0.007166862 0.239021 -0.9967611 -0.002384901 0.08038514 -0.9967609 -0.002437949 0.08038479 0.751977 -0.02311044 0.6587841 0.7505343 -0.0197221 0.6605372 0.8454937 -0.01590585 0.5337486 0.8454884 -0.01603239 0.5337532 0.9201244 -0.01176172 0.3914495 0.9201121 -0.01167386 0.3914813 0.9709985 -0.007133364 0.2389794 0.971002 -0.007166326 0.2389639 0.9967671 -0.002427637 0.08030992 0.9967672 -0.002364099 0.08030974 -6.4108e-6 -0.9995515 -0.02995061 -3.88895e-7 -0.9995523 -0.02992308 4.86112e-7 -0.9995523 -0.02992272 -1.09736e-6 -0.9995539 -0.02986872 0 -0.9995614 -0.02961409 0 -0.9995603 -0.02965283 1.09734e-6 -0.9995535 -0.02988278 6.41093e-6 -0.9995514 -0.02995055 -4.43273e-6 -0.9995522 -0.02992624 1.28192e-6 -0.9995521 -0.029931 2.65954e-6 -0.9995518 -0.02993577 -3.31848e-6 -0.9995521 -0.02992933 -3.25317e-6 -0.9995521 -0.0299279 2.07262e-6 -0.9995518 -0.02993768 1.99809e-6 -0.999552 -0.02993041 2.69265e-6 -0.9995521 -0.02993065 1.48173e-7 -0.9995517 -0.02994269 -4.86388e-6 -0.9995525 -0.02991425 0 -0.9995529 -0.0299012 0 -0.9995517 -0.02994185 -4.15277e-6 -0.9995515 -0.02994859 4.55546e-6 -0.9995533 -0.02989143 1.89834e-5 -0.9995537 -0.02987515 -1.4937e-5 -0.9995507 -0.0299791 -5.87365e-5 -0.9995508 -0.02997398 -1.73736e-5 -0.9995524 -0.02991557 -1.30526e-5 -0.9995524 -0.02991765 -1.7375e-5 -0.9995524 -0.02991932 3.6779e-5 -0.9995529 -0.02990484 -2.28804e-5 -0.9995515 -0.02994787 -8.89948e-6 -0.9995516 -0.02994525 7.62846e-6 -0.9995518 -0.02993953 -1.60179e-5 -0.9995519 -0.02993673 2.7968e-5 -0.9995523 -0.02992236 -3.2629e-5 -0.9995527 -0.02991038 -5.5933e-5 -0.9995526 -0.02991259 7.29757e-5 -0.999551 -0.0299645 0 -0.9995511 -0.02996277 0 -0.9995511 -0.02996236 5.21221e-5 -0.9995511 -0.0299617 -6.7631e-5 -0.9995532 -0.02989226 -2.24592e-5 -0.9995529 -0.02990084 2.49148e-5 -0.9995518 -0.02993804 -4.66133e-6 -0.9995521 -0.029931 1.18651e-5 -0.9995515 -0.0299474 2.03414e-5 -0.9995514 -0.02995234 1.24583e-5 -0.9995518 -0.0299403 4.66133e-6 -0.9995519 -0.02993416 -1.86889e-5 -0.9995535 -0.02988332 1.61019e-5 -0.9995524 -0.02991729 1.49794e-5 -0.9995526 -0.02991247 6.35637e-7 -0.9995531 -0.02989441 4.23757e-6 -0.9995505 -0.02998417 5.8954e-6 -0.9995515 -0.02995067 -7.71217e-6 -0.9995538 -0.02987098 3.07222e-6 -0.9995517 -0.02994161 0 -0.9995514 -0.02994984 7.1269e-6 -0.9995529 -0.0299021 1.75665e-6 -0.999552 -0.02993172 -6.54095e-6 -0.9995517 -0.02994203 -4.33587e-6 -0.9995519 -0.02993643 1.19067e-6 -0.999552 -0.02993339 3.09439e-6 -0.9995521 -0.02992808 4.17243e-6 -0.9995521 -0.02992939 0 -0.9995519 -0.02993339 -4.17116e-6 -0.9995518 -0.02993577 4.72914e-6 -0.999552 -0.02992898 -0.9969153 0.002331435 -0.07845145 -0.9723684 0.006999373 -0.2333471 -0.9723681 0.006964385 -0.2333489 -0.9238784 0.01143085 -0.3825154 -0.9238834 0.01150733 -0.3825008 -0.8526386 0.01561397 -0.522268 -0.8526248 0.01559412 -0.5222908 -0.7604084 0.0194258 -0.6491547 -0.7604388 0.01952993 -0.649116 -0.6494358 0.02280282 -0.7600746 -0.6493923 0.02274715 -0.7601133 -0.5225452 0.0254991 -0.8522303 -0.5225951 0.02551364 -0.8521992 -0.3826485 0.02764868 -0.9234803 -0.38265 0.02759164 -0.9234814 -0.2334205 0.02907109 -0.9719412 -0.2334566 0.02906852 -0.9719327 -0.07844448 0.02981293 -0.9964726 -0.07845211 0.0298146 -0.996472 0 0.02990818 -0.9995527 0.07844901 0.02982056 -0.996472 0.07844156 0.02980589 -0.9964731 0.2334383 0.02909457 -0.9719364 0.2334388 0.02904969 -0.9719375 0.3826773 0.02761608 -0.9234693 0.3826762 0.02763414 -0.9234692 0.5225122 0.02552115 -0.8522498 0.5224902 0.02547067 -0.8522648 0.6494747 0.0227403 -0.7600432 0.6494292 0.02286201 -0.7600784 0.7604079 0.01946133 -0.6491543 0.760441 0.0193786 -0.6491179 0.8526301 0.0155915 -0.5222824 0.8526327 0.01567101 -0.5222759 0.9238811 0.01145666 -0.3825083 0.9723691 0.006986737 -0.2333446 0.9969211 0.002335071 -0.07837682 0.9969214 0.002346754 -0.07837289 -0.7505668 -0.02303665 0.6603929 -0.8454588 -0.01597678 0.5338016 -0.9201304 -0.01168167 0.3914381 -0.9709947 -0.007166147 0.2389936 -0.9967612 -0.002346813 0.08038514 0.7519777 -0.02307128 0.6587847 0.7505332 -0.01979821 0.6605362 0.8454932 -0.01594394 0.5337483 0.8454893 -0.01595854 0.5337538 0.9201248 -0.01172596 0.3914496 0.9709985 -0.007129907 0.2389794 0.996767 -0.002465724 0.08030992 4.86124e-7 -0.9995522 -0.02992343 -6.41073e-6 -0.9995514 -0.02995026 -1.09735e-6 -0.9995539 -0.02986836 2.42484e-6 -0.9995515 -0.0299471 6.4108e-6 -0.9995515 -0.02994996 1.28199e-6 -0.999552 -0.02993261 2.65949e-6 -0.9995518 -0.02993637 -3.25313e-6 -0.9995521 -0.02992761 1.99808e-6 -0.9995521 -0.02993035 2.69269e-6 -0.9995521 -0.02993106 1.4817e-7 -0.9995517 -0.02994215 -4.864e-6 -0.9995526 -0.02991503 -1.4937e-5 -0.9995505 -0.02997994 9.49277e-6 -0.9995512 -0.0299592 3.24175e-5 -0.9995526 -0.02991217 -1.73741e-5 -0.9995525 -0.0299164 -1.73745e-5 -0.9995524 -0.02991932 -2.28823e-5 -0.9995515 -0.02994817 -8.89948e-6 -0.9995516 -0.02994626 7.62722e-6 -0.9995519 -0.02993679 -5.5936e-5 -0.9995525 -0.0299142 7.29701e-5 -0.9995511 -0.02996224 -6.76361e-5 -0.9995531 -0.02989459 -2.24579e-5 -0.999553 -0.02989923 -4.66108e-6 -0.9995521 -0.02992939 1.24588e-5 -0.9995517 -0.02994143 1.498e-5 -0.9995526 -0.02991241 1.26072e-5 -0.99955 -0.02999979 4.23768e-6 -0.9995504 -0.02998495 5.89533e-6 -0.9995515 -0.02995032 -1.27126e-5 -0.9995532 -0.02989399 -7.71231e-6 -0.9995539 -0.02987152 3.07218e-6 -0.9995518 -0.0299412 0 -0.9995526 -0.02991485 7.12663e-6 -0.9995529 -0.02990096 1.75669e-6 -0.999552 -0.02993232 -6.5407e-6 -0.9995517 -0.0299409 -4.33592e-6 -0.9995518 -0.02993685 0 -0.9995519 -0.02993422 -4.17116e-6 -0.9995519 -0.02993458 4.72879e-6 -0.9995521 -0.02992671 -0.9969152 0.002370476 -0.07845145 -0.9723686 0.006956756 -0.2333471 -0.9723677 0.007040083 -0.2333487 -0.9238789 0.0113883 -0.3825157 -0.9238843 0.01143163 -0.3825012 -0.8526381 0.01565301 -0.5222676 -0.7604084 0.019427 -0.6491547 -0.7604393 0.01949208 -0.6491165 -0.6494359 0.02279335 -0.7600747 -0.5225452 0.02549439 -0.8522304 -0.3826485 0.02764397 -0.9234803 -0.2334205 0.02907228 -0.9719412 0.2334384 0.02907097 -0.971937 0.3826493 0.02761524 -0.9234809 0.5225471 0.02551341 -0.8522287 0.5225245 0.02547234 -0.8522437 0.6494748 0.02273559 -0.7600432 0.6494297 0.02282416 -0.7600791 0.7604068 0.01952749 -0.6491534 0.7604398 0.0194543 -0.6491169 0.852648 0.01555514 -0.5222544 0.8526498 0.01567131 -0.522248 0.9238678 0.01142221 -0.3825412 0.9238674 0.0114305 -0.3825421 0.9723694 0.006944119 -0.2333446 0.972367 0.007040917 -0.2333513 0.996921 0.002368211 -0.07837682 1 5.17378e-5 0 -0.006986618 -0.9723521 -0.2334153 -0.006995439 -0.9723474 -0.2334349 -0.01145911 -0.9239078 -0.3824437 -0.01145958 -0.9238958 -0.3824726 -0.01565033 -0.8526417 -0.5222617 -0.01563555 -0.8526735 -0.5222102 -0.0194379 -0.7603938 -0.6491714 -0.01944798 -0.7603545 -0.6492172 -0.02276742 -0.6494494 -0.760064 -0.02275359 -0.6494886 -0.7600309 -0.02551484 -0.5225012 -0.8522567 -0.02551412 -0.5224967 -0.8522595 -0.02764916 -0.382637 -0.9234851 -0.0276488 -0.3826323 -0.923487 -0.02910512 -0.2335233 -0.9719156 -0.02911317 -0.2334353 -0.9719365 -0.02986246 -0.0784288 -0.9964724 -0.02982759 -0.0785169 -0.9964666 0 -1 0 0.02986288 -0.0784167 0.9964734 0.02910494 -0.233439 0.9719358 0.02909171 -0.233436 0.971937 0.02766889 -0.3826481 0.9234798 0.02552843 -0.5224387 0.8522948 0.02552145 -0.5224987 0.8522581 0.02275758 -0.6494778 0.7600399 0.02277112 -0.6494501 0.7600633 0.01945018 -0.7603973 0.649167 0.01944977 -0.7603991 0.6491648 0.01564925 -0.8526471 0.522253 0.01564651 -0.8526517 0.5222455 0.01145738 -0.9239036 0.3824539 0.01145762 -0.9238997 0.3824632 0.006992995 -0.9723508 0.2334203 0.006994545 -0.9723545 0.2334048 0.02994585 0 0.9995516 0.002345442 0.9969228 0.07835471 0.002347588 0.9969237 0.07834333 0.006992936 0.9723546 0.2334048 0.006993114 0.9723561 0.2333983 0.0114575 0.9239017 0.3824586 0.01145762 0.9238997 0.3824632 0.01564651 0.8526363 0.5222707 0.01564902 0.8526448 0.5222567 0.01945358 0.7604066 0.649156 0.0194503 0.7604067 0.649156 0.02277487 0.6494398 0.7600719 0.02275693 0.6493957 0.7601101 0.02552431 0.5224943 0.8522607 0.02766799 0.382716 0.9234517 0.02764868 0.3826436 0.9234823 0.02909827 0.2334422 0.9719352 0.02909797 0.2334298 0.9719383 0.02983206 0.07841193 0.9964746 0.02986031 0.07849848 0.9964669 0 1 -7.07361e-7 -0.02983206 0.07842183 -0.9964739 -0.02985328 0.0785098 -0.9964662 -0.02911841 0.2335138 -0.9719174 -0.02909833 0.2334328 -0.9719375 -0.02764946 0.3826417 -0.9234831 -0.02765572 0.3826426 -0.9234825 -0.02551639 0.5225439 -0.8522306 -0.02277082 0.6494525 -0.7600613 -0.01945042 0.7604024 -0.6491609 -0.0194329 0.7603585 -0.6492129 -0.01564872 0.8526579 -0.5222352 -0.0114625 0.9239012 -0.3824597 -0.01145607 0.9239044 -0.3824519 -0.006991624 0.9723549 -0.2334036 -0.006988883 0.9723534 -0.2334098 -0.002346098 0.9969223 -0.07836115 -0.002345681 0.9969245 -0.07833433 -0.02991771 0 -0.9995524 -0.02993071 0 -0.9995521 0.02307099 0.7519824 0.6587793 0.01975971 0.7505655 0.6605006 0.01595932 0.8454906 0.533752 0.01596021 0.8454488 0.533818 0.0117011 0.9201142 0.3914757 0.01175713 0.920105 0.3914954 0.0071671 0.9710001 0.2389719 0.007147312 0.9710043 0.2389557 0.002403318 0.9967615 0.08037936 0.002403497 0.9967617 0.08037596 0.02303528 -0.7505319 0.6604328 0.01970136 -0.752021 0.6588448 0.01595926 -0.8454741 0.533778 0.01172065 -0.9201259 0.3914474 0.01173812 -0.9201365 0.3914219 0.00717467 -0.9709955 0.2389901 0.9995532 1.2444e-5 -0.02989441 0.9995509 -4.10291e-5 -0.02996879 0.9995573 0 -0.0297544 0.9995532 -1.2444e-5 -0.02989447 0.9995573 0 -0.02975511 0.999525 -2.34059e-5 -0.03082162 0.9996642 0 -0.02591407 0.9996646 0 -0.02590131 0.9995246 1.7561e-5 -0.03083252 0.9995509 4.10283e-5 -0.02996879 0.9995541 7.56636e-5 -0.02986019 0.9995521 -5.4698e-5 -0.02992939 0.9995504 3.78252e-5 -0.02998828 0.9995532 0 -0.02989244 0.9995526 3.78547e-5 -0.02991336 0.9995521 0 -0.02992713 0.9995514 -2.13126e-5 -0.02995252 0.9995522 5.30252e-5 -0.02992361 0.9995508 -1.89661e-5 -0.02997481 0.9995516 -2.64919e-5 -0.02994394 0.9995535 0 -0.02988165 0.9995518 0 -0.02993822 0.9995518 0 -0.02993816 0.9995519 0 -0.02993637 0.9995535 0 -0.02988344 0.9995505 2.71215e-5 -0.02998018 0.9995522 7.59336e-5 -0.02992552 0.9995541 5.42396e-5 -0.02986139 0.9995515 0 -0.02994793 0.9995515 5.42416e-5 -0.02994751 0.9995523 -7.59437e-5 -0.02992534 0.9995511 0 -0.02996259 0.999551 0 -0.02996432 0.999552 1.08485e-4 -0.02992993 0.9995515 -7.59422e-5 -0.02994793 0.999552 -5.42395e-5 -0.02993273 0.9995521 0 -0.02992904 0.9995527 1.08478e-4 -0.02990841 0.9995527 0 -0.02990812 0.9995512 -1.08481e-4 -0.02995884 0.9995505 0 -0.02998 0.9995507 5.42417e-5 -0.02997529 0.9995527 -7.59401e-5 -0.02990913 0.9995526 0 -0.02990919 0.9995526 0 -0.02990925 0.9995527 0 -0.02990865 0.9995499 0 -0.03000229 0.9995502 1.08481e-4 -0.02999448 0.9995521 0 -0.02992993 0.9995527 0 -0.02990782 0.9995527 -1.51882e-4 -0.02990913 0.9995517 5.42398e-5 -0.0299431 0.9995525 0 -0.02991503 0.9995526 0 -0.02991199 0.9995507 -3.79675e-5 -0.0299735 0.9995511 0 -0.02996277 0.999551 -1.89845e-5 -0.02996414 0.9995526 -9.49243e-6 -0.02991318 0.9995546 -2.71209e-5 -0.02984452 0.9995508 -3.32215e-5 -0.02997153 0.9995504 -5.42408e-5 -0.02998554 0.9995524 -1.89845e-5 -0.02991825 0.9995518 0 -0.02993798 0.9995518 0 -0.0299381 0.9995535 3.8008e-5 -0.02988362 0.9995521 2.64526e-5 -0.02992784 0.9995508 -7.61142e-5 -0.02996963 0.999552 0 -0.02993065 0.9995515 7.61984e-5 -0.02994805 0.9995531 0 -0.02989709 0.9995528 -7.62915e-5 -0.02990716 0.9995516 0 -0.0299443 0.9995509 0 -0.0299676 0.9995541 -7.56564e-5 -0.02985972 -0.02982926 0.07846277 -0.9964707 -0.02907121 0.2334359 -0.9719375 -0.02908688 0.2334145 -0.9719422 -0.02760988 0.3826171 -0.9234945 -0.02765059 0.3826803 -0.923467 -0.02547341 0.5225701 -0.8522158 -0.02551335 0.5224561 -0.8522845 -0.02274894 0.6495145 -0.7600089 -0.01949316 0.7604094 -0.6491515 -0.01939666 0.7604253 -0.6491357 -0.01563084 0.8526535 -0.5222432 -0.01560521 0.8526203 -0.522298 -0.01145094 0.9238765 -0.3825196 -0.006978571 0.9723709 -0.2333368 -0.002346634 0.9969158 -0.07844364 -0.002346873 0.9969145 -0.07846117 0 -1 4.04248e-7 0 -1 -8.08413e-7 -0.002346754 -0.9969209 -0.07837969 -0.006974577 -0.9723675 -0.2333515 -0.006979644 -0.972367 -0.2333533 -0.01144921 -0.9238854 -0.3824984 -0.01559436 -0.85262 -0.5222988 -0.01941627 -0.7604204 -0.6491408 -0.01947414 -0.7604203 -0.6491393 -0.02284198 -0.6494305 -0.7600779 -0.02273058 -0.6494036 -0.7601042 -0.02551281 -0.5224837 -0.8522676 -0.02761429 -0.3826968 -0.9234613 -0.02763092 -0.3826315 -0.9234879 -0.02906769 -0.2334169 -0.9719423 -0.0290904 -0.2334424 -0.9719354 -0.02982705 -0.07844746 -0.996472 -0.02984595 -0.07845211 -0.9964711 -0.02990704 0 -0.9995528 0.02983558 -0.07843619 -0.9964727 0.02985489 -0.07851582 -0.9964658 0.02911841 -0.2335129 -0.9719176 0.0290991 -0.2334361 -0.9719367 0.02764904 -0.3826434 -0.9234824 0.0276491 -0.3826425 -0.9234828 0.02551478 -0.5225041 -0.852255 0.02551448 -0.5224994 -0.8522579 0.02274811 -0.6494457 -0.7600677 0.02277356 -0.6494992 -0.7600213 0.01945388 -0.7603976 -0.6491664 0.01943194 -0.7603635 -0.6492072 0.01563692 -0.8526459 -0.5222551 0.01564872 -0.8526661 -0.5222219 0.01146245 -0.9239018 -0.3824579 0.01145595 -0.9239 -0.3824628 0.006993174 -0.9723526 -0.2334133 0.006988942 -0.9723467 -0.2334378 0.002348124 -0.9969172 -0.07842707 0.002348542 -0.9969171 -0.07842677 0.0299189 0 -0.9995524 0.02993178 0 -0.999552 0.002346098 0.9969234 -0.0783478 0.002345681 0.9969244 -0.07833486 0.006986737 0.9723539 -0.2334074 0.00699371 0.9723512 -0.2334185 0.01145911 0.9239019 -0.3824578 0.01145929 0.9238998 -0.3824629 0.01565003 0.8526401 -0.5222644 0.0156387 0.8526601 -0.5222321 0.01943755 0.7604042 -0.6491592 0.01944535 0.76037 -0.6491991 0.02276635 0.6493998 -0.7601064 0.02275872 0.6494534 -0.7600608 0.02551615 0.5225351 -0.8522359 0.02551651 0.5225393 -0.8522333 0.0276494 0.3826467 -0.9234809 0.02765601 0.3826483 -0.9234801 0.02910447 0.2335069 -0.9719195 0.02911198 0.233433 -0.9719371 0.0298593 0.07842922 -0.9964724 0.02982604 0.07850939 -0.9964671 -0.02985936 0.07841295 0.9964737 -0.02983188 0.07849586 0.996468 -0.02909797 0.2334347 0.9719371 -0.02909874 0.2334321 0.9719377 -0.02764856 0.3827164 0.9234521 -0.02766925 0.3826482 0.9234797 -0.02553743 0.5224815 0.8522681 -0.02551621 0.5225349 0.852236 -0.02275854 0.6494453 0.7600677 -0.02277326 0.6494036 0.7601029 -0.01945388 0.7604088 0.6491534 -0.0194503 0.7604061 0.6491566 -0.01564961 0.85264 0.5222645 -0.01564651 0.852644 0.5222581 -0.01145762 0.9239 0.3824627 -0.01145762 0.9238999 0.382463 -0.006991446 0.9723563 0.2333976 -0.006994605 0.9723541 0.2334067 -0.002347826 0.9969231 0.07835102 -0.002345144 0.9969236 0.07834494 -0.02995109 0 0.9995514 -0.02994459 0 0.9995516 -0.002347886 -0.9969167 0.07843214 -0.002350032 -0.9969165 0.07843494 -0.006994545 -0.9723516 0.2334168 -0.006993114 -0.9723527 0.2334125 -0.01145762 -0.9238998 0.3824628 -0.01145762 -0.9239 0.3824626 -0.01564669 -0.8526408 0.5222634 -0.01564955 -0.852649 0.5222498 -0.01944994 -0.7604041 0.649159 -0.0194506 -0.7603977 0.6491665 -0.02277368 -0.6494964 0.7600235 -0.02275496 -0.6494506 0.7600632 -0.02551555 -0.5224403 0.8522941 -0.02553462 -0.5225054 0.8522537 -0.02766108 -0.3827082 0.9234552 -0.0276491 -0.3826425 0.9234828 -0.02910572 -0.2334378 0.971936 -0.02909171 -0.233435 0.9719372 -0.02982783 -0.07841885 0.9964742 -0.0298615 -0.07850241 0.9964667 -0.9995476 -1.46318e-6 -0.03008168 -0.9995384 0 -0.03038042 -0.999538 0 -0.03039532 -0.9995478 1.46276e-6 -0.03007376 -0.9995595 9.55734e-6 -0.029679 -0.9995512 -1.32217e-5 -0.02996021 -0.9995516 9.616e-6 -0.02994525 -0.9995512 1.32217e-5 -0.02996027 -0.9995597 -9.69928e-6 -0.02967679 -0.9995516 -9.6164e-6 -0.0299459 -0.9995509 -2.12783e-5 -0.02996867 -0.9995509 -2.13664e-5 -0.0299676 -0.9995521 -8.27412e-6 -0.0299313 -0.9995532 2.32294e-5 -0.02989119 -0.9995527 2.1589e-5 -0.02990716 -0.999552 6.63246e-6 -0.02993154 -0.9995513 7.80751e-6 -0.02995663 -0.9995516 1.28422e-5 -0.029944 -0.9995508 1.86697e-5 -0.02997499 -0.9995503 1.57295e-5 -0.02999073 -0.9995514 0 -0.02995008 -0.999552 0 -0.02993321 -0.999552 0 -0.02993309 -0.9995519 0 -0.02993625 -0.9995542 -4.50857e-5 -0.02985751 -0.9995527 -3.70803e-5 -0.02990609 -0.9995511 1.06782e-5 -0.02996492 -0.9995505 1.44073e-5 -0.02997952 -0.9995512 -9.49241e-6 -0.029958 -0.9995524 -2.88159e-5 -0.02991843 -0.9995524 -3.32251e-5 -0.02991735 -0.999552 -1.86451e-5 -0.02993482 -0.9995505 9.01744e-5 -0.02998417 -0.9995524 2.37301e-5 -0.02991813 -0.9995529 -4.27143e-5 -0.02990031 -0.9995515 2.28823e-5 -0.02994775 -0.9995516 9.49248e-6 -0.02994608 -0.9995518 -1.35607e-5 -0.02993541 -0.9995519 2.61039e-5 -0.02993375 -0.9995524 -2.71202e-5 -0.02991676 -0.9995522 -6.88168e-5 -0.02992582 -0.9995515 6.27128e-5 -0.02994638 -0.9995509 7.11877e-6 -0.0299679 -0.9995509 0 -0.02996772 -0.9995509 0 -0.02996766 -0.9995509 -6.27181e-5 -0.02996736 -0.9995518 -7.11918e-6 -0.02993851 -0.999552 2.88153e-5 -0.02993184 -0.9995529 6.40715e-5 -0.02990472 -0.9995523 8.47472e-6 -0.02992296 -0.9995515 -1.89845e-5 -0.02995067 -0.9995514 -2.03395e-5 -0.02995204 -0.9995518 -1.30513e-5 -0.0299406 -0.9995519 -7.6281e-6 -0.02993726 -0.9995537 1.89849e-5 -0.02987354 -0.9995527 -1.35599e-5 -0.02990776 -0.9995493 -4.50872e-5 -0.03002238 -0.9995524 3.05118e-5 -0.0299195 -0.9995526 3.11476e-5 -0.02991527 -0.9995504 -4.23762e-6 -0.02998453 -0.9995514 -5.19087e-6 -0.02995109 -0.999553 1.10177e-5 -0.02989923 -0.9995507 2.61036e-5 -0.02997422 -0.9995518 3.2417e-5 -0.02993935 -0.9995543 0 -0.02985328 -0.999552 0 -0.02993321 -0.9995503 0 -0.02999025 -0.9995514 -2.25672e-5 -0.02995079 -0.9995515 -2.35597e-5 -0.02994638 -0.9995508 -2.37843e-6 -0.02997148 -0.9995519 -1.52782e-5 -0.02993518 -0.9995514 3.5718e-6 -0.02995187 -0.9995531 -2.88818e-5 -0.02989447 -0.9995529 -1.43047e-5 -0.0299015 -0.9995512 3.14369e-5 -0.02995938 -0.9995517 -7.15055e-6 -0.02994352 -0.9995508 2.00981e-5 -0.02996945 -0.02307093 -0.7519817 0.6587801 -0.01976138 -0.7505345 0.6605358 -0.01595973 -0.8454819 0.5337656 -0.01595818 -0.845491 0.5337513 -0.0117098 -0.9201377 0.3914203 -0.01174747 -0.9201343 0.3914268 -0.007166564 -0.9709839 0.2390375 -0.007147669 -0.97099 0.2390137 -0.002400994 -0.9967667 0.08031493 -0.002401292 -0.9967675 0.08030515 -0.0230354 0.7505282 0.6604369 -0.01970267 0.7519844 0.6588865 -0.01595973 0.8454826 0.5337646 -0.01595807 0.8454819 0.5337655 -0.01171952 0.9201109 0.3914825 -0.01173728 0.920121 0.3914583 -0.007175445 0.9710049 0.2389523 -0.007139027 0.9710011 0.2389683 -0.002403318 0.9967615 0.08037936 -0.002403557 0.9967616 0.08037835 0.002346873 0.9969153 -0.07845014 0.002346813 0.9969148 -0.07845747 0.006974518 0.9723679 -0.2333497 0.006978631 0.9723683 -0.2333479 0.01143985 0.9238755 -0.3825224 0.0114507 0.9238762 -0.3825201 0.01563346 0.8526409 -0.5222636 0.01560354 0.8526434 -0.5222602 0.01941728 0.7603999 -0.6491648 0.01947289 0.7604322 -0.6491253 0.02284228 0.6494731 -0.7600414 0.02272981 0.649435 -0.7600774 0.02547198 0.5225255 -0.8522431 0.02551203 0.5225266 -0.8522412 0.02761298 0.382664 -0.9234749 0.02764838 0.3826528 -0.9234786 0.02906852 0.2334188 -0.9719418 0.02908766 0.2334299 -0.9719385 0.02982676 0.0784592 -0.9964711 0.02982926 0.07845968 -0.996471 0.02990752 0 -0.9995527 0.02990752 0 -0.9995527 0.02982729 -0.07845246 -0.9964717 0.02984338 -0.07845515 -0.9964709 0.02906876 -0.233421 -0.9719412 0.02908736 -0.2334277 -0.9719391 0.02761214 -0.3826867 -0.9234656 0.02763348 -0.3826733 -0.9234704 0.02547448 -0.5225292 -0.8522408 0.02551001 -0.5225307 -0.8522388 0.02274656 -0.6494408 -0.7600719 0.02282303 -0.6493969 -0.7601071 0.01949304 -0.7604047 -0.6491571 0.01939737 -0.7604371 -0.649122 0.01564127 -0.8526395 -0.5222655 0.01559561 -0.8526408 -0.5222648 0.01144111 -0.9238745 -0.3825248 0.01144945 -0.9238775 -0.3825173 0.006973922 -0.9723684 -0.2333477 0.006979286 -0.9723678 -0.2333499 0.002346813 -0.9969206 -0.07838308 0.002344489 -0.9969199 -0.07839298 0 1 -8.08442e-7 -0.02985972 0.07841402 0.9964737 -0.02983146 0.07849484 0.9964682 -0.02910459 0.2334347 0.9719369 -0.02908986 0.2334141 0.9719422 -0.02764892 0.3827211 0.9234501 -0.0276696 0.3826528 0.9234778 -0.02553713 0.5224757 0.8522717 -0.02277392 0.6494233 0.7600861 -0.01945024 0.7603958 0.6491687 -0.01945012 0.7603996 0.6491643 -0.01564931 0.8526223 0.5222934 -0.0156461 0.8526204 0.5222967 -0.0114575 0.9238906 0.3824853 -0.01145631 0.9239279 0.382395 -0.006991386 0.9723503 0.2334226 -0.006993055 0.9723632 0.2333691 -0.002348661 0.996921 0.07837736 -0.002345979 0.9969174 0.07842391 -0.02995103 0 0.9995514 -0.02994459 0 0.9995517 -0.002350032 -0.9969175 0.07842177 -0.006991326 -0.9723637 0.2333667 -0.006989955 -0.9723738 0.2333248 -0.01145869 -0.923853 0.3825759 -0.01146084 -0.9238906 0.3824853 -0.01564335 -0.8526408 0.5222634 -0.01945108 -0.7604173 0.6491435 -0.02277606 -0.6494702 0.7600458 -0.02275407 -0.6494244 0.7600857 -0.02551609 -0.5224521 0.8522868 -0.02552944 -0.5225349 0.8522356 -0.02766078 -0.3827036 0.9234572 -0.02764838 -0.3826331 0.9234866 -0.02910608 -0.2334408 0.9719353 -0.02909135 -0.2334319 0.9719379 -0.02982825 -0.07841986 0.9964742 -0.02985453 -0.0785014 0.996467 0 -1 -3.23376e-6 0.002346515 0.9969214 -0.07837414 0.002346932 0.9969213 -0.07837438 0.006986796 0.97236 -0.2333824 0.00699377 0.9723572 -0.2333934 0.01145619 0.9239301 -0.38239 0.01145917 0.9238904 -0.3824855 0.01565289 0.8526164 -0.5223029 0.01563549 0.8526661 -0.5222224 0.01943719 0.7603911 -0.6491745 0.01944833 0.7603568 -0.6492144 0.02276724 0.6494259 -0.760084 0.02275854 0.6494468 -0.7600664 0.02551621 0.5225334 -0.852237 0.02765774 0.3826701 -0.923471 0.02764976 0.3826531 -0.9234784 0.02910405 0.2335039 -0.9719203 0.02911937 0.233439 -0.9719354 0.02985972 0.07843023 -0.9964724 0.02982485 0.07850623 -0.9964674 0.02984297 -0.07843822 -0.9964722 0.02984941 -0.07851898 -0.9964657 0.02911216 -0.233516 -0.9719172 0.02910614 -0.233439 -0.9719358 0.02764838 -0.3826341 -0.9234863 0.02765637 -0.3826518 -0.9234787 0.02551507 -0.52251 -0.8522514 0.02551501 -0.5225112 -0.8522506 0.02275401 -0.649426 -0.7600844 0.02277266 -0.649473 -0.7600436 0.01945376 -0.7603911 -0.649174 0.01943176 -0.7603569 -0.6492148 0.01563721 -0.8526636 -0.5222262 0.01146233 -0.9238924 -0.3824805 0.01145869 -0.9238531 -0.3825759 0.006990015 -0.9723736 -0.2333256 0.006987333 -0.9723557 -0.2334002 0.002348184 -0.9969213 -0.07837438 0.02992528 0 -0.9995523 -0.02312999 -0.7519918 0.6587666 -0.01976066 -0.7505078 0.6605662 -0.01597821 -0.8454817 0.5337655 -0.01170063 -0.920141 0.3914124 -0.01174777 -0.9201576 0.3913721 -0.007166504 -0.9709732 0.2390811 -0.00714761 -0.9709856 0.2390311 -0.002400994 -0.9967675 0.08030581 -0.002401292 -0.9967667 0.08031427 -0.02303534 0.750526 0.6604394 -0.01970279 0.7519882 0.6588822 -0.01596003 0.8454992 0.5337381 -0.01597636 0.8454734 0.5337786 -0.0117194 0.9201043 0.3914982 -0.0117464 0.9201143 0.391474 -0.007166206 0.9710028 0.2389611 -0.007138967 0.970999 0.238977 -0.002400994 0.9967615 0.08037936 -0.002403557 0.9967638 0.08035081 -0.9995393 0 -0.03035414 -0.999538 0 -0.03039532 -0.9995477 -1.4629e-6 -0.03007578 -0.9995475 1.46311e-6 -0.03008109 -0.9995595 9.55734e-6 -0.02967864 -0.9995512 -1.32217e-5 -0.02996003 -0.9995516 9.6162e-6 -0.02994579 -0.9995512 1.32217e-5 -0.02996045 -0.9995597 -9.69928e-6 -0.02967661 -0.9995517 -9.6162e-6 -0.02994513 -0.9995508 -2.12787e-5 -0.02996987 -0.9995509 -2.13658e-5 -0.02996766 -0.999552 -8.27412e-6 -0.0299316 -0.9995533 2.32291e-5 -0.02989077 -0.9995527 2.1589e-5 -0.02990752 -0.999552 6.63255e-6 -0.02993142 -0.9995513 7.80781e-6 -0.02995711 -0.9995516 1.28422e-5 -0.02994388 -0.9995502 1.57297e-5 -0.0299912 -0.9995514 0 -0.02994978 -0.999552 0 -0.02993321 -0.9995518 0 -0.02993679 -0.9995542 -4.50848e-5 -0.0298568 -0.9995527 -3.70798e-5 -0.02990579 -0.9995509 1.06782e-5 -0.02996522 -0.9995505 1.44073e-5 -0.02997994 -0.9995512 -9.49259e-6 -0.02995741 -0.9995524 -2.88167e-5 -0.0299189 -0.9995525 -3.32241e-5 -0.02991712 -0.9995519 -1.86446e-5 -0.02993506 -0.9995505 9.01727e-5 -0.02998358 -0.9995524 2.37307e-5 -0.02991938 -0.9995529 -4.27139e-5 -0.02989971 -0.9995515 2.28824e-5 -0.02994799 -0.9995516 9.49248e-6 -0.02994638 -0.9995519 -1.35602e-5 -0.02993506 -0.9995519 2.61049e-5 -0.02993398 -0.9995524 -2.71202e-5 -0.02991694 -0.9995523 -6.88158e-5 -0.02992534 -0.9995516 6.27136e-5 -0.02994656 -0.9995509 7.1187e-6 -0.0299673 -0.9995509 0 -0.02996748 -0.9995509 -6.2719e-5 -0.02996778 -0.9995518 -7.11931e-6 -0.02993786 -0.999552 2.88154e-5 -0.02993243 -0.9995528 6.40727e-5 -0.02990412 -0.9995523 8.47532e-6 -0.02992296 -0.9995514 -1.89848e-5 -0.02995091 -0.9995514 -2.03387e-5 -0.02995121 -0.9995518 -1.30516e-5 -0.0299403 -0.9995518 -7.62799e-6 -0.02993816 -0.9995537 1.89845e-5 -0.02987331 -0.9995527 -1.35601e-5 -0.02990835 -0.9995493 -4.5088e-5 -0.03002297 -0.9995524 3.05114e-5 -0.0299189 -0.9995524 3.11482e-5 -0.02991575 -0.9995505 -4.23757e-6 -0.02998417 -0.9995515 -5.19097e-6 -0.02995097 -0.999553 1.1018e-5 -0.029899 -0.9995508 2.61041e-5 -0.02997434 -0.9995518 3.2417e-5 -0.02993947 -0.9995543 0 -0.02985382 -0.999552 0 -0.02993261 -0.9995502 0 -0.02998965 -0.9995514 -2.25676e-5 -0.02995258 -0.9995515 -2.35594e-5 -0.0299462 -0.9995508 -2.37857e-6 -0.02997112 -0.9995519 -1.52784e-5 -0.02993482 -0.9995514 3.57173e-6 -0.02995252 -0.9995532 -2.88825e-5 -0.02989464 -0.9995529 -1.43049e-5 -0.02990204 -0.9995512 3.14365e-5 -0.02995896 -0.9995517 -7.15062e-6 -0.02994436 -0.9995509 2.00973e-5 -0.02996981 0.02982789 -0.07845395 -0.9964715 0.02982562 -0.07845813 -0.9964712 0.02906852 -0.2334189 -0.9719418 0.02761167 -0.38268 -0.9234683 0.02765095 -0.3826531 -0.9234783 0.02547526 -0.5225461 -0.8522304 0.02274674 -0.6494455 -0.7600679 0.02282339 -0.6494063 -0.7600992 0.0194928 -0.7603952 -0.6491681 0.01941603 -0.7604274 -0.6491327 0.01564139 -0.8526479 -0.5222517 0.01144099 -0.9238677 -0.382541 0.01144933 -0.9238675 -0.3825415 0.006979227 -0.9723635 -0.2333678 0.002346813 -0.9969229 -0.07835483 0 1 1.61697e-6 0.002346873 0.9969168 -0.07843136 0.002346813 0.996914 -0.07846689 0.006974518 0.9723636 -0.2333676 0.01143997 0.9238822 -0.3825063 0.0114507 0.9238796 -0.382512 0.01564258 0.8526239 -0.522291 0.0156033 0.8526308 -0.5222808 0.01941764 0.7604139 -0.6491484 0.01947277 0.7604275 -0.6491308 0.02284193 0.6494638 -0.7600494 0.02273011 0.6494444 -0.7600694 0.02548861 0.5224789 -0.8522712 0.0255106 0.5224971 -0.8522594 0.02761495 0.3826908 -0.9234638 0.02763068 0.3826697 -0.9234721 0.02908843 0.2334363 -0.9719369 0.02983009 0.07846188 -0.9964708 0.02993333 0 -0.999552 0.02990746 0 -0.9995527 0 -1 0 0 1 -2.21539e-7 0 -1 0 0 1 0 0 1 3.75879e-7 0 -1 -3.1015e-7 0 -1 1.77229e-6 -0.02463793 -0.3364776 0.9413692 -0.02461934 -0.2934229 0.9556657 -0.02840548 -0.3150446 0.9486518 -0.02929472 -0.2052416 0.9782729 -0.02930259 -0.2051802 0.9782855 -0.02986508 -0.06879907 0.9971835 -0.02986776 -0.06879907 0.9971834 -0.02994018 0 0.9995517 -0.02993756 0 0.9995518 -0.02461993 0.2934304 0.9556634 -0.02463257 0.3364758 0.9413699 -0.02840739 0.3150197 0.94866 -0.0292927 0.2051852 0.9782847 -0.02930253 0.2052411 0.9782728 -0.02986973 0.06880354 0.997183 -0.02986633 0.06880205 0.9971832 -0.9995433 -2.28884e-5 -0.03022152 -0.9995533 2.47997e-5 -0.02988761 -0.999549 0 -0.03003257 -0.999549 0 -0.03003436 -0.9995535 -2.48035e-5 -0.02988207 -0.9995433 2.28848e-5 -0.03022044 0.02863198 0 -0.9995901 0.02850425 0 -0.9995937 -0.9541882 0 -0.2992073 -0.9543455 0 -0.2987053 -0.9540671 -1.50556e-5 -0.2995933 -0.954042 3.17903e-6 -0.2996729 -0.9540061 1.0411e-5 -0.2997875 -0.9541079 -1.65899e-5 -0.2994631 -0.9540168 0 -0.2997532 -0.9541197 1.65824e-5 -0.2994258 -0.9540057 -1.0411e-5 -0.2997887 -0.95406 1.50566e-5 -0.2996159 -0.9540194 0 -0.2997449 -0.9542244 0 -0.2990918 -0.9541856 0 -0.2992156 -0.9540435 -3.17901e-6 -0.2996683 -0.9540492 8.37424e-6 -0.29965 -0.9540411 -1.75662e-5 -0.2996757 -0.9540415 -1.96558e-5 -0.2996747 -0.9540499 3.52412e-6 -0.299648 -0.9540219 -1.26042e-5 -0.2997368 -0.9540374 1.58623e-5 -0.2996877 -0.9540538 1.648e-5 -0.2996354 -0.9540411 1.4103e-6 -0.299676 -0.9540445 -7.43528e-7 -0.2996652 -0.9540458 -3.52655e-7 -0.2996609 -0.9540452 0 -0.2996627 -0.9540397 0 -0.2996804 -0.954039 0 -0.2996825 -0.9540408 0 -0.2996768 -0.9540452 -7.695e-6 -0.2996627 -0.9540482 -9.91018e-6 -0.2996534 -0.9540469 0 -0.2996577 -0.9540398 4.19741e-6 -0.2996802 -0.9540382 1.74883e-5 -0.299685 -0.9540362 1.67893e-5 -0.2996912 -0.9540418 -4.1975e-6 -0.2996736 -0.95405 -2.61165e-5 -0.2996475 -0.9540408 2.6582e-5 -0.2996767 -0.9540354 4.80372e-5 -0.2996942 -0.9540445 -3.21781e-5 -0.2996649 -0.9540412 -1.67884e-5 -0.2996759 -0.9540405 -1.25925e-5 -0.2996779 -0.9540407 -1.86545e-5 -0.2996774 -0.9540408 4.75687e-5 -0.299677 -0.9540455 2.23862e-5 -0.2996622 -0.9540417 -4.33702e-5 -0.2996743 -0.9540385 6.52875e-6 -0.2996844 -0.954034 -3.91741e-5 -0.2996984 -0.9540346 0 -0.2996969 -0.9540349 0 -0.2996957 -0.9540356 -3.73087e-6 -0.2996933 -0.9540361 3.85132e-5 -0.2996916 -0.9540402 -1.76965e-5 -0.2996786 -0.954041 -4.18028e-6 -0.2996762 -0.9540435 1.67687e-5 -0.2996683 -0.9540377 -2.78623e-6 -0.2996866 -0.9540392 1.67707e-5 -0.299682 -0.9540336 2.0891e-6 -0.2996996 -0.9540303 -2.60929e-5 -0.2997103 -0.9540561 2.64576e-5 -0.2996283 -0.9540535 1.16498e-5 -0.2996366 -0.9540362 -9.74461e-6 -0.2996913 -0.9540361 -1.02537e-5 -0.299692 -0.9540303 -1.21776e-5 -0.2997099 -0.9540402 2.79701e-6 -0.2996787 -0.9540577 3.43527e-6 -0.2996231 -0.9540488 -4.19594e-6 -0.2996517 -0.9540366 2.43439e-6 -0.2996903 -0.9540415 4.89622e-6 -0.2996749 -0.9540454 0 -0.2996622 -0.9540395 0 -0.299681 -0.9540393 0 -0.2996815 -0.9540458 0 -0.2996612 -0.9540463 5.24487e-7 -0.2996597 -0.9540416 2.99878e-6 -0.2996743 -0.9540447 -5.76773e-6 -0.2996644 -0.9540399 -8.82147e-7 -0.2996797 -0.9540496 -3.86156e-5 -0.2996488 -0.9540473 -2.79402e-5 -0.299656 -0.9540262 4.89087e-5 -0.2997234 -0.954041 1.60054e-5 -0.2996762 -0.9540397 2.18939e-5 -0.2996802 -0.9540501 -8.37464e-6 -0.2996475 0.1736978 -0.08351093 0.9812518 0.4895085 0.8579237 0.1560403 0.1296268 0.79352 0.594578 0.02656841 0.7338246 0.6788193 0.1694206 0.9640965 0.2044863 0.06662124 0.1951436 0.9785094 0.06786072 0.271122 0.96015 0.3003531 0.4293249 0.8517442 0.2278229 0.4843696 0.8446792 0.4947635 0.03418463 0.868355 0.3130397 0.1454199 0.938541 0.8964602 0.04383993 0.4409502 0.9618096 0.2645092 0.07040756 0.9302022 0.3604761 0.06914395 0.9012607 0.4251887 0.08332961 0.8366037 0.5424866 0.07617545 0.8033764 0.5890051 0.08751863 0.7297053 0.678507 0.08460867 0.8570059 0.5082669 0.0848872 0.6578663 0.5980324 0.4577873 0.713392 0.5319768 0.4561498 0.7433475 0.5614463 0.3636105 0.7970361 0.4846549 0.3603374 0.8226422 0.5068905 0.2575305 0.8741701 0.4146999 0.252687 0.8913464 0.426357 0.1540175 0.894337 0.421826 0.1490778 0.9008074 0.4262773 0.08266627 0.9139866 0.3992238 0.07245022 0.7124422 0.533747 0.4555659 0.7626878 0.4623439 0.4522671 0.7934945 0.4923111 0.3577659 0.842324 0.4075167 0.3527328 0.8686478 0.4292437 0.2473884 0.9127355 0.3298149 0.2411144 0.9290834 0.3398499 0.1459668 0.9320164 0.3342553 0.140068 0.9377681 0.3378532 0.08028841 0.9513601 0.3015928 0.06289577 0.9868466 0.05287623 0.1527677 0.9948719 0.05777943 0.08301573 0.9950629 0.04442906 0.08874624 0.9334641 0.05468809 0.3544771 0.9430483 0.06332844 0.3265724 0.9729943 0.06483101 0.2215379 0.9715012 0.2279961 0.06483286 0.9663766 0.2455531 0.07628917 0.961336 0.2426777 0.1301562 0.9588697 0.2488549 0.1365294 0.9437114 0.2404001 0.2271931 0.9076364 0.3479553 0.2347834 0.8808749 0.3267848 0.3424489 0.8382479 0.4187707 0.3492442 0.8063818 0.3881443 0.4461978 0.7612417 0.4656745 0.4512853 0.7135817 0.4169149 0.5630126 0.597363 0.4219004 0.6820245 0.6259018 0.255976 0.7366976 0.6847369 0.3147223 0.657332 0.7319354 0.2235464 0.6436595 0.7917282 0.283832 0.5409308 0.8272585 0.1908671 0.5284062 0.8739948 0.2384131 0.4234294 0.9010989 0.1375274 0.4112264 0.9358817 0.1694588 0.3088839 0.9497925 0.0876165 0.3003623 0.9593788 0.05533611 0.2766414 0.6279949 0.1631892 0.7609151 0.6690468 0.06172788 0.7406525 0.7291942 0.1227759 0.6732027 0.592471 0.211388 0.777363 0.6366212 0.1208575 0.7616476 0.6943079 0.1792402 0.6970003 0.7347827 0.07041794 0.6746375 0.7935304 0.1296182 0.594566 0.7261646 0.02745687 0.6869724 0.7393732 0.04095906 0.6720488 0.7476537 0.06311225 0.6610831 0.7876672 2.83016e-4 0.616101 0.8102723 0.06624072 0.5822981 0.8328632 0.02907568 0.5527147 0.8522261 0.03966695 0.5216679 0.5685241 0.236151 0.7880439 0.6015939 0.1774817 0.7788357 0.6566777 0.2330307 0.7172664 0.7023637 0.1339328 0.6991047 0.7610883 0.1928835 0.6193066 0.7971274 0.08337622 0.5980272 0.8521494 0.1386486 0.5045969 0.8693056 0.05757176 0.4909108 0.8711635 0.05312061 0.4881112 0.6167331 0.2846737 0.7338946 0.6659908 0.1955187 0.7198811 0.7248509 0.254415 0.6402064 0.7669895 0.1544111 0.6228036 0.8242666 0.2121064 0.5249719 0.8539332 0.1089514 0.5088495 0.8999123 0.1552457 0.4075004 0.9163494 0.06458765 0.3951357 0.9101155 0.08255213 0.4060481 0.3888365 0.2207056 0.8944805 0.4235885 0.1910914 0.8854699 0.4741923 0.2417366 0.8465844 0.2384414 0.08341675 0.9675678 0.5915256 0.09940236 0.8001354 0.614936 0.03760123 0.7876802 0.5879923 0.07886189 0.8050129 0.64967 0.01574766 0.7600532 0.4239346 0.1902424 0.8854871 0.4492105 0.1509546 0.8805809 0.4897885 0.1081245 0.8651107 0.4855303 0.1226512 0.8655733 0.5275308 0.03550171 0.8487938 0.5218333 0.06150543 0.8508274 0.5584431 0.008277177 0.8295016 0.3362085 0.02325397 0.9415004 0.1386424 0.01797592 0.9901794 0.1623888 0.0274012 0.9863464 0.1796685 0.0446524 0.9827133 0.2411401 -0.001196801 0.9704896 0.2582539 0.05443084 0.9645426 0.2965363 0.04459327 0.9539799 0.2149246 0.01546484 0.9765083 0.2719851 0.02696514 0.9619237 0.2890498 0.1341803 0.9478639 0.3074471 0.107338 0.945492 0.3302341 0.0824818 0.9402884 0.3291849 0.08419138 0.9405047 0.3556124 0.05242657 0.933162 0.3589528 0.04627329 0.9322081 0.4090541 -0.002723217 0.9125061 -0.08352369 0.173711 0.9812484 0.07917135 0.05791985 0.995177 0.1506494 0.1293843 0.9800839 0.04297333 0.1090738 0.9931043 -0.01384609 0.05248314 0.9985259 0.1097436 -0.09376758 0.9895272 0.09087365 0.05014181 0.9945994 0.1011812 0.03585129 0.9942219 0.1507259 0.08533102 0.9848859 0.09146088 0.197805 0.9759652 0.2165948 0.1062422 0.9704635 0.2903853 0.1803757 0.9397559 0.2134389 0.2764723 0.9370203 0.3705567 0.1368762 0.918669 0.3761055 0.1285428 0.9176173 0.400835 0.1026536 0.9103811 0.4025974 0.09965848 0.9099361 0.4303428 0.0674079 0.9001452 0.4364053 0.05572003 0.8980233 0.4578616 0.04019528 0.8881144 0.02948617 0.6368288 0.7704412 0.06053787 0.6065752 0.792718 0.05783087 0.6075889 0.7921435 0.1097355 0.5750272 0.8107416 0.09085935 0.5833054 0.8071551 0.0354979 0.5275282 0.8487957 0.03892546 0.6049888 0.7952819 5.20518e-4 0.5662805 0.8242124 0.06421989 0.5212082 0.8510099 0.03376972 0.4973126 0.866914 0.04258853 0.4431317 0.8954444 0.05699372 0.4436147 0.8944037 -0.002185463 0.3845772 0.9230903 0.07208609 0.3717595 0.9255261 0.03320747 0.3461104 0.937606 0.3442292 0.3874309 0.8552215 0.3217393 0.4000882 0.8581452 0.2679845 0.3463125 0.8990284 0.02329987 0.336266 0.9414788 0.02808117 0.2505604 0.9676938 0.1042447 0.3267266 0.9393523 0.06204277 0.3375502 0.9392607 0.1244609 0.3995772 0.9082113 0.07808953 0.4087188 0.9093134 0.1438342 0.4744894 0.8684306 0.09928566 0.4806376 0.8712806 0.1550676 0.5367115 0.8293943 0.0354256 0.2710534 0.9619122 0.09661698 0.229285 0.9685523 0.1473624 0.279877 0.9486587 0.1227529 0.2883985 0.9496095 0.1774092 0.3429076 0.9224643 0.1499254 0.3508729 0.9243433 0.2098602 0.4108716 0.8872111 0.004647076 0.2076127 0.9782001 0.08532041 0.1507383 0.984885 0.1977858 0.09147518 0.9759678 0.1172197 0.1609538 0.9799762 0.1895703 0.2333039 0.9537465 0.2670438 0.1977205 0.9431831 0.223491 0.2908968 0.9302854 0.2761734 0.3435625 0.8976041 0.1844159 0.4168621 0.8900656 0.24812 0.4805384 0.8411418 0.1548902 0.536764 0.8293935 0.1787673 0.9792211 0.0957511 0.1598684 0.9822486 0.09813123 0.0479232 0.9950332 0.08725017 0.0558536 0.9949123 0.08384484 0.05172044 0.9793362 0.1955144 0.1111574 0.9784763 0.1738631 0.06471657 0.9728682 0.2221251 0.05741423 0.9626309 0.2646608 0.05467712 0.9334075 0.3546277 0.2124561 0.97237 0.09674185 0.2277203 0.9685848 0.09993392 0.2366069 0.9664765 0.09970283 0.2883396 0.9519314 0.1033784 0.3206735 0.9413546 0.1049765 0.3021619 0.9470754 0.1083809 0.3680125 0.9233257 0.109711 0.259355 0.9381005 0.2295702 0.2177034 0.9515556 0.2171339 0.1486103 0.9659852 0.2116311 0.1576835 0.9825664 0.09848505 0.1284993 0.9876517 0.08962225 0.3464297 0.9059539 0.2433805 0.3086096 0.9224073 0.2322177 0.2637261 0.9370267 0.2289748 0.2751542 0.9558689 0.1029803 0.2660719 0.9586952 0.1005452 0.05202066 0.8734285 0.4841659 0.03175806 0.8380662 0.5446435 0.06508731 0.8105428 0.5820516 0.09421157 0.7586018 0.6447074 0.3986449 0.9104229 0.1105095 0.4085047 0.9057399 0.1129567 0.4196856 0.9006122 0.1129682 0.4665403 0.8813814 0.07420897 0.4907917 0.8680842 0.0745207 0.4891125 0.8689598 0.07535183 0.5167345 0.8527934 0.07568901 0.532361 0.8430472 0.07657325 0.5326581 0.8428714 0.07644081 0.4280635 0.8669722 0.2551881 0.3945336 0.8855039 0.2454103 0.3516034 0.9041632 0.242619 0.3649907 0.9244942 0.1099655 0.3343294 0.9365634 0.1052281 0.5917732 0.8012075 0.0887193 0.5725612 0.8162022 0.07737988 0.5528352 0.8297582 0.07664716 0.7158718 0.6937822 0.07870209 0.687294 0.7221062 0.07867503 0.6680429 0.7386829 0.08981251 0.6377391 0.7670331 0.07035094 0.5989355 0.7962855 0.08488708 0.4848909 0.8601663 0.158098 0.529342 0.8333072 0.159362 0.5261022 0.8350725 0.1608434 0.5879722 0.7924528 0.1621955 0.5855087 0.7938011 0.1644979 0.6620609 0.7309402 0.165535 0.6612465 0.7314911 0.1663549 0.8233267 0.5623233 0.07697957 0.8014339 0.5919985 0.08509802 0.7940916 0.5857685 0.1621543 0.7921721 0.5877025 0.1645277 0.7746331 0.5729196 0.2677813 0.7124295 0.6479665 0.2694136 0.6886991 0.6249464 0.3676078 0.624938 0.6887054 0.3676104 0.6264371 0.6876736 0.3669899 0.5567198 0.746039 0.3653613 0.5614281 0.743353 0.3636272 0.4846097 0.7970578 0.3603502 0.4923073 0.7934945 0.3577709 0.4077299 0.8422141 0.3527489 0.4187647 0.8382159 0.3493286 0.3267454 0.8808546 0.3425385 0.340918 0.8770683 0.3384175 0.2404491 0.9129602 0.3296788 0.2579571 0.9099208 0.3248112 0.1497852 0.9374888 0.3141326 0.1694663 0.9359117 0.3087888 0.09110665 0.9493664 0.3006711 0.06683617 0.9466586 0.3152307 0.761541 0.6442957 0.07027488 0.7386066 0.6682099 0.08919572 0.7314837 0.661466 0.1655123 0.7307212 0.6620993 0.1663468 0.7137894 0.6461043 0.270285 0.6459771 0.7139083 0.2702752 0.6479798 0.7124453 0.2693398 0.5729398 0.7746449 0.2677043 0.5793775 0.7707806 0.2649887 0.5155548 0.8155873 0.2627182 0.5055448 0.8212476 0.2645318 0.4768597 0.8407982 0.2562485 0.4354229 0.8636478 0.2540065 0.4474236 0.8808403 0.1547018 0.3670731 0.92349 0.1114612 0.4443435 0.8926977 0.07516562 0.04976326 0.8082898 0.5866781 0.004678666 0.7627384 0.6466903 0.07841622 0.743211 0.6644458 0.1131191 0.720168 0.684516 0.1410142 0.7097412 0.6902046 0.1709319 0.6864044 0.706846 0.2016595 0.6721606 0.712414 0.2261391 0.6500436 0.7254684 0.2607891 0.6307861 0.7308201 0.2793394 0.6115382 0.7402639 0.3189035 0.5857019 0.7451536 0.6631624 0.4880405 0.5674789 0.66459 0.4851381 0.5682968 0.6093682 0.5506191 0.5705164 0.609872 0.5497761 0.5707912 0.5503248 0.6093577 0.5708117 0.5498728 0.609997 0.5705644 0.4874877 0.6626991 0.5684943 0.4855369 0.6650062 0.5674687 0.4213302 0.7106187 0.5634731 0.4176274 0.7143558 0.5615007 0.3524901 0.7528946 0.555788 0.3459813 0.7584989 0.5522468 0.2815705 0.7896912 0.5450742 0.2715832 0.7969809 0.5395036 0.2087486 0.8211778 0.5311225 0.1939559 0.8302462 0.5225632 0.109011 0.8539209 0.5088574 0.331869 0.5703117 0.7514039 0.3853862 0.5293986 0.7557874 0.3733706 0.5350444 0.7578403 0.4341634 0.4822661 0.7608691 0.4303294 0.4843759 0.7617065 0.484344 0.4303629 0.7617079 0.5413442 0.487344 0.6851587 0.5431046 0.4842268 0.6859751 0.4867046 0.5407695 0.6860664 0.4846731 0.5438266 0.6850875 0.4294703 0.5912899 0.6825919 0.423473 0.599034 0.67958 0.3708481 0.6377274 0.6751115 0.3600116 0.6497991 0.6694421 0.3105726 0.6806148 0.6635572 0.2947977 0.6957889 0.6549597 0.249108 0.7195621 0.6482096 0.22819 0.7368816 0.636345 0.1861467 0.7547076 0.6290993 0.1601424 0.7730599 0.6137857 0.08340573 0.7971228 0.5980291 0.1386937 0.8521353 0.5046085 0.03566199 0.8728748 0.4866394 0.8840205 0.4620194 0.07103449 0.8553319 0.5114989 0.08231896 0.8481791 0.5060355 0.1565894 0.8455138 0.5093113 0.1603386 0.8279228 0.496014 0.2617518 0.7706717 0.5795168 0.2650011 0.7459607 0.5568669 0.3652972 0.6875602 0.6265972 0.3669292 0.6582387 0.5974569 0.4580034 0.5973138 0.6583693 0.4580024 0.5980496 0.657891 0.4577295 0.5319873 0.713428 0.4560813 0.5337567 0.7124796 0.455496 0.4623649 0.7627195 0.4521921 0.4656812 0.7612819 0.4512108 0.3881939 0.806396 0.4461289 0.3933894 0.8046471 0.4447336 0.309669 0.8441163 0.4376904 0.3179441 0.8420837 0.4356681 0.2261565 0.8758655 0.4262779 0.2386686 0.8739132 0.4234539 0.1375122 0.9011015 0.4112257 0.1553277 0.8999086 0.4074773 0.07760107 0.9144897 0.3970979 0.05282223 0.9124266 0.4058172 0.5741993 0.3355796 0.7467808 0.5240894 0.2853401 0.8024408 0.5290692 0.2726715 0.8035771 0.4899622 0.2333425 0.8399335 0.5366787 0.1550438 0.8294199 0.5366981 0.1549723 0.8294209 0.5751084 0.109515 0.8107138 0.6000903 0.05053579 0.7983344 0.6619251 0.1130701 0.7409927 0.6835241 0.0503 0.7281928 0.6869587 0.04480081 0.7253141 0.02795898 0.1637519 0.9861053 0.01024174 0.1195595 0.9927742 0.03583997 0.1011887 0.9942215 0.0579189 0.07917159 0.9951771 0.1276325 0.14889 0.9805823 0.1600554 0.1163751 0.980224 0.2543446 0.2107601 0.9438692 0.2677704 0.2005303 0.9423835 0.3409566 0.273589 0.8993874 0.3486008 0.2702068 0.8974776 0.4046326 0.3262374 0.8543077 0.4101115 0.3239961 0.8525463 0.4493842 0.3633291 0.8161164 0.4831888 0.3391351 0.8071654 0.5293881 0.3853887 0.7557936 0.5821159 0.3154508 0.7494211 0.6406704 0.3738948 0.6706296 0.6919767 0.2911546 0.6606038 0.7542478 0.3539363 0.5530276 0.7949097 0.2695894 0.5435442 0.8420946 0.3179243 0.4356617 0.8759426 0.2259166 0.4262467 0.9099996 0.2577102 0.3247865 0.9374417 0.15004 0.3141515 0.9640666 0.1697032 0.204393 0.9762287 0.08726853 0.1983985 0.979215 0.07486301 0.1885035 0.04305166 0.6805621 0.7314245 0.02074331 0.6925979 0.7210256 0.06961429 0.6772184 0.7324815 0.1037659 0.6530743 0.7501511 0.1275029 0.6434144 0.7548251 0.1556237 0.62047 0.768634 0.182889 0.6070966 0.7732952 0.2049403 0.5865275 0.7835719 0.2361602 0.5685326 0.788035 0.2726824 0.5290703 0.8035727 0.2855115 0.524025 0.8024219 0.3476544 0.4764503 0.8075466 0.3373285 0.4813798 0.8090013 0.3911296 0.4343008 0.8114188 0.3879488 0.4360651 0.8119994 0.4359313 0.3880902 0.8120037 0.4821453 0.4343526 0.7608376 0.5349506 0.3735519 0.7578173 0.5928786 0.4313828 0.6800029 0.6471586 0.3571615 0.6735143 0.711563 0.4219915 0.561784 0.7570446 0.344862 0.5549359 0.804538 0.393605 0.4447401 0.8441252 0.3096542 0.4376837 0.8770937 0.3409335 0.3383358 0.9129986 0.2404291 0.3295866 0.9399175 0.2609186 0.2201745 0.9660055 0.1483348 0.2117318 0.9797318 0.1553731 0.126431 0.9889945 0.1184479 0.08865684 0.9872314 0.1468101 0.06181442 0.4740311 1.65905e-7 0.8805082 0.9966607 0 0.08165508 0.9933234 0 0.1153633 0.9827467 0.04337155 0.1797999 0.9886078 0.02644056 0.1481748 0.9933238 0 0.1153604 0.9933233 0 0.1153638 0.9933236 0 0.115362 0.9933237 0 0.1153608 0.9933236 0 0.115362 0.9933236 0 0.1153618 0.9933236 0 0.1153622 0.9933235 0 0.1153623 0.9933236 0 0.1153616 0.9933331 0 0.1152799 0.9933332 0 0.1152788 0.9933332 0 0.1152791 0.9933332 0 0.1152791 0.9933331 0 0.1152793 0.9933332 0 0.1152793 0.9591515 -1.23042e-6 0.282893 0.9380181 9.33169e-4 0.3465852 0.9479852 6.06008e-4 0.318314 0.9933237 0 0.1153611 0.9933287 -1.16078e-6 0.1153178 0.976389 -2.83615e-7 0.2160197 0.9627141 1.53069e-4 0.2705212 0.896957 2.98767e-4 0.4421179 0.9013009 2.27414e-4 0.4331937 0.9193921 8.39496e-7 0.3933425 0.7489271 7.91354e-7 0.6626525 0.7877219 -6.89871e-7 0.6160312 0.8085281 2.88042e-4 0.5884577 0.8374572 1.25156e-6 0.5465028 0.8764893 -5.88745e-7 0.4814214 0.61472 2.87139e-7 0.7887455 0.6542465 -1.04141e-6 0.7562814 0.6964661 2.68511e-4 0.7175897 0.6991664 2.33222e-4 0.714959 0.7327626 3.62169e-5 0.6804844 0.5639845 -2.06845e-6 0.8257855 0.5082291 9.34557e-4 0.8612214 0.5613909 2.45756e-4 0.8275507 0.1765295 0.001138031 0.9842948 0.2539978 -7.81569e-7 0.9672048 0.1476096 3.61954e-7 0.9890457 0.2406917 2.58765e-4 0.9706016 0.3172641 2.75943e-7 0.9483373 0.4150577 -1.4726e-6 0.9097952 0.3471558 0.001046359 0.9378069 0.4080089 2.39743e-4 0.9129781 0.1476107 -6.74968e-7 0.9890456 0.175965 0 0.9843965 0.2539979 -1.38718e-4 0.9672048 0.240797 -4.79625e-4 0.9705755 0.4740316 -3.05816e-7 0.8805078 0.4080935 -4.41915e-4 0.9129402 0.4150579 -2.68048e-4 0.909795 0.3466884 4.62411e-7 0.9379805 0.3172641 -5.12589e-7 0.9483373 0.5078836 1.25512e-6 0.8614258 0.5639839 -3.89207e-4 0.8257857 0.5614615 -4.50763e-4 0.8275027 0.7327707 -6.60898e-5 0.6804757 0.6992161 -4.25995e-4 0.7149104 0.696466 -4.91814e-4 0.7175897 0.6542463 1.90066e-6 0.7562816 0.6147211 -5.39043e-7 0.7887446 0.8085281 -5.25069e-4 0.5884572 0.7877212 1.24431e-6 0.6160321 0.7489266 -1.41733e-6 0.6626529 0.9013171 -4.13014e-4 0.4331598 0.8784188 -0.001069009 0.4778904 0.8969569 -8.99242e-5 0.4421179 0.8580091 -5.4933e-7 0.5136345 0.8374575 -2.28612e-6 0.5465025 0.9763891 5.14373e-7 0.2160193 0.9627181 -2.77567e-4 0.2705065 0.9480077 -0.001098811 0.3182458 0.9591514 -3.62762e-4 0.2828931 0.9379661 0 0.3467273 0.9193922 -1.52295e-6 0.3933422 0.9966605 0 0.08165693 0.08549731 0 0.9963385 0.0854966 -4.51727e-4 0.9963384 0.06260043 0 0.9980387 0.9887266 -0.01682329 0.1487849 0.9830737 -0.02769178 0.1811059 0.9933236 0 0.1153618 0.9933332 2.10583e-6 0.1152791 0.9933331 0 0.1152793 0.9591515 0 0.2828932 0.896957 0 0.4421179 0.896957 0 0.442118 0.8085283 0 0.5884575 0.8085276 0 0.5884583 0.6964663 0 0.7175896 0.6964658 0 0.71759 0.5639845 0 0.8257855 0.5639842 0 0.8257857 0.4150578 0 0.9097951 0.2539976 0 0.9672049 0.2539983 0 0.9672047 0.08549642 0 0.9963386 0.08549696 0 0.9963385 0.06260067 0 0.9980387 0.08549678 2.41835e-4 0.9963385 0.08549654 0 0.9963385 0.2539986 0 0.9672046 0.2539977 0 0.9672049 0.4150579 0 0.909795 0.4150578 0 0.9097952 0.563984 0 0.8257858 0.5639845 0 0.8257855 0.696466 0 0.7175899 0.696466 0 0.7175898 0.8085279 0 0.5884579 0.8085278 0 0.5884581 0.896957 0 0.4421179 0.9591516 0 0.282893 0.9933331 0 0.1152792 0.9933332 0 0.1152791 0 0.1306974 0.9914224 0 0.1776164 0.9840999 5.85351e-5 0.2539977 0.9672049 2.78682e-4 0.2279954 0.9736623 2.01949e-4 0.4036344 0.9149203 5.39998e-4 0.3611949 0.9324902 9.0662e-5 0.4150603 0.909794 0 0.3467563 0.9379552 2.92457e-7 0.3032305 0.9529172 4.62887e-7 0.6175603 0.7865236 1.25325e-4 0.5665021 0.8240603 1.4525e-4 0.5640126 0.8257662 -4.71229e-7 0.5102181 0.8600451 3.02451e-7 0.4669985 0.8842582 0 0.6457218 0.7635728 1.22789e-4 0.6964356 0.7176194 1.61926e-4 0.6924485 0.7214673 4.45131e-7 0.8429818 0.5379422 1.15614e-4 0.8174471 0.5760037 1.88231e-4 0.8085255 0.5884613 -6.04271e-7 0.7804703 0.6251929 4.40642e-7 0.7400486 0.6725535 0 0.8578023 0.51398 3.12206e-5 0.8969594 0.442113 3.04815e-4 0.8821338 0.470999 2.06977e-7 0.9762564 0.2166183 7.48607e-5 0.9659786 0.2586222 3.00091e-4 0.9517391 0.3069081 1.26355e-4 0.95915 0.2828981 -2.2342e-7 0.9379154 0.3468642 4.53145e-7 0.9176884 0.3973008 0 0.9933332 0.1152788 -5.00175e-7 0.993328 0.1153232 0 0.9933286 0.1153187 0.002329945 0.9859331 0.1671243 0 0.9965908 0.08250302 0 0.9965906 0.08250534 0 0.9859082 0.1672875 -2.37234e-4 0.9517344 0.3069227 -5.9179e-5 0.9659774 0.2586268 -1.63762e-7 0.9762592 0.2166059 -4.67424e-4 0.9379432 0.3467887 8.34182e-7 0.9591499 0.2828983 -3.58133e-7 0.9176891 0.3972995 -1.45565e-4 0.8969588 0.4421144 3.85395e-7 0.8803052 0.474408 -1.48666e-4 0.808525 0.5884619 -9.1335e-5 0.8174447 0.5760071 -3.51662e-7 0.8429774 0.5379491 6.9217e-7 0.6964359 0.7176191 -4.76936e-4 0.6458584 0.7634571 -1.27855e-4 0.6924399 0.7214756 -3.47231e-7 0.7400435 0.672559 4.77532e-7 0.7804722 0.6251904 -1.14547e-4 0.5640117 0.8257668 -9.88906e-5 0.5664944 0.8240657 -3.65252e-7 0.6175593 0.7865244 -1.5923e-4 0.4036153 0.9149288 -2.39449e-7 0.466999 0.8842579 3.70342e-7 0.5102221 0.8600428 -5.49789e-4 0.1778951 0.9840494 0 0.2539976 0.9672049 0 0.130698 0.9914222 -2.19538e-4 0.2279667 0.973669 -2.29586e-7 0.3032296 0.9529175 4.91705e-7 0.4150604 0.909794 -5.17504e-4 0.3469951 0.9378668 -4.25786e-4 0.3611489 0.9325081 0 0.08549666 0.9963386 1.91713e-4 0.08549678 0.9963385 0 0.04546332 0.9989661 0 0.9933335 0.1152763 -1.40581e-4 0.9933331 0.1152796 0 0.9965907 0.08250391 0 0.04546344 0.998966 -1.50818e-4 0.08549678 0.9963385 0 0.2539988 0.9672046 0 0.2539979 0.9672049 0 0.4150595 0.9097943 0 0.4150596 0.9097942 0 0.5640121 0.8257665 0 0.564013 0.825766 0 0.6964353 0.7176196 0 0.6964362 0.7176188 0 0.8085259 0.5884607 0 0.808525 0.5884619 0 0.8969591 0.4421138 0 0.896959 0.4421136 0 0.9591503 0.2828972 0 0.9591498 0.2828987 0 0.9933332 0.1152787 0 0.9933332 0.1152789 -0.08344173 -0.1736525 0.9812657 0.8579384 -0.4894476 0.1561502 0.6849312 -0.05175614 0.7267673 0.7393574 -0.04095804 0.6720663 0.9640641 -0.1697085 0.2044005 0.996635 -0.002861499 0.08191913 0.2058281 -0.07097047 0.9760113 0.2709627 -0.09753161 0.9576361 0.4293434 -0.3002528 0.8517702 0.4843226 -0.2278479 0.8446993 0.03428769 -0.4948264 0.8683153 0.1454583 -0.3129773 0.938556 0.0438655 -0.8962946 0.4412844 0.4169425 -0.7135239 0.5630655 0.05282956 -0.9868577 0.1527115 0.2599557 -0.9629301 0.07203364 0.3581593 -0.9310556 0.06969666 0.4244457 -0.9015598 0.08387982 0.5397996 -0.8383449 0.07612031 0.5836198 -0.8069333 0.09081125 0.6772789 -0.7308082 0.08492767 0.5028814 -0.8598276 0.08835762 0.5979369 -0.6579996 0.4577205 0.5319859 -0.7134263 0.4560854 0.561428 -0.7433515 0.3636307 0.4845545 -0.7970992 0.3603328 0.5067929 -0.8226962 0.2575503 0.4146385 -0.8741948 0.2527024 0.4263112 -0.8913833 0.1539304 0.4219596 -0.8942673 0.1491174 0.4264044 -0.9007357 0.08279156 0.3990951 -0.9140583 0.07225424 0.5336993 -0.7125144 0.455509 0.4622894 -0.7627499 0.452218 0.4922354 -0.7935361 0.3577777 0.4077859 -0.8421782 0.35277 0.429561 -0.8685252 0.2472683 0.3298544 -0.91277 0.2409297 0.3398652 -0.9290655 0.146045 0.3342548 -0.9320206 0.1400409 0.3378587 -0.9377817 0.08010673 0.2994219 -0.9520518 0.06280118 0.193901 -0.9743174 0.1144909 0.05773961 -0.9948762 0.08299255 0.04417681 -0.995064 0.08886045 0.1441075 -0.9855974 0.08849316 0.0547018 -0.9335417 0.3542705 0.06316393 -0.9427725 0.3273995 0.06501001 -0.9729309 0.2217643 0.4657794 -0.7612434 0.4511743 0.388391 -0.8063169 0.4461005 0.418976 -0.8381217 0.3493009 0.3266752 -0.8808993 0.3424908 0.347862 -0.9076908 0.2347115 0.2404075 -0.9437351 0.2270864 0.2488452 -0.9588519 0.1366716 0.2427483 -0.9613097 0.1302186 0.24563 -0.9663507 0.07637035 0.2558863 -0.6259741 0.7366673 0.3145917 -0.6847693 0.6573607 0.2234977 -0.7319239 0.6436895 0.2838133 -0.7917386 0.5409254 0.1908915 -0.8272563 0.5284011 0.2384288 -0.8739876 0.4234354 0.1375592 -0.9010893 0.4112367 0.1695221 -0.9358862 0.3088358 0.08800756 -0.9497624 0.3003435 0.05559736 -0.9594172 0.2764554 0.1633376 -0.6279411 0.7609276 0.061971 -0.6689558 0.7407144 0.1231021 -0.7291339 0.6732085 0.02720201 -0.7260199 0.6871355 0.04115068 -0.7395516 0.6718409 0.06289577 -0.747804 0.6609337 4.09444e-4 -0.7875679 0.6162277 0.09743779 -0.8191559 0.5652342 0.2112274 -0.592541 0.7773532 0.1209246 -0.636559 0.7616888 0.1793085 -0.694244 0.6970464 0.07043075 -0.7347746 0.674645 0.1296398 -0.7935489 0.5945367 0.02227854 -0.8197541 0.5722824 0.2360854 -0.5685727 0.7880284 0.1774916 -0.6015572 0.7788618 0.233033 -0.6566775 0.7172659 0.1340085 -0.7023419 0.699112 0.1929644 -0.7610436 0.6193363 0.08337575 -0.7971186 0.598039 0.138646 -0.852141 0.5046119 0.05030888 -0.8705277 0.4895412 0.05376148 -0.8691774 0.4915695 0.2846201 -0.616787 0.73387 0.1957443 -0.6659331 0.7198731 0.254624 -0.7247667 0.6402187 0.1545096 -0.7669826 0.6227878 0.2122001 -0.8242549 0.5249523 0.10911 -0.8539021 0.5088676 0.1554237 -0.8998883 0.4074859 0.0647794 -0.9163178 0.3951777 0.0825169 -0.9102009 0.4058638 0.2207194 -0.3887254 0.8945253 0.1911156 -0.4235557 0.8854804 0.2417842 -0.474164 0.8465868 0.08337283 -0.2383943 0.9675831 0.09941047 -0.5915237 0.8001358 0.03763049 -0.614965 0.7876561 0.0788626 -0.5879216 0.8050646 0.01574522 -0.6497247 0.7600067 0.1901441 -0.4239679 0.8854923 0.1509063 -0.4491086 0.8806412 0.1080167 -0.4898269 0.8651023 0.1227343 -0.4855127 0.8655714 0.03554505 -0.5275052 0.848808 0.06154167 -0.5218302 0.8508266 0.008312463 -0.5583913 0.8295361 0.02339863 -0.3363431 0.9414489 0.01793432 -0.1386744 0.9901757 0.02727746 -0.1622582 0.9863713 0.04466485 -0.1796678 0.9827129 -0.00119102 -0.241138 0.9704902 0.05441898 -0.2582505 0.9645441 0.04461139 -0.296417 0.9540162 0.01556783 -0.2151491 0.9764571 0.02708041 -0.2721082 0.9618855 0.1341804 -0.2890893 0.9478518 0.1072791 -0.307474 0.9454898 0.0825318 -0.3301569 0.9403111 0.08418899 -0.3292431 0.9404847 0.05239081 -0.3555855 0.9331743 0.04628288 -0.3589268 0.9322175 -0.002765655 -0.4090757 0.9124963 0.1737267 0.08354687 0.9812437 0.05795043 -0.07911217 0.9951799 0.1294792 -0.1505636 0.9800845 0.07868152 -0.135259 0.9876813 0.1097866 0.09385704 0.989514 -0.09376782 -0.1097506 0.9895265 0.05017298 -0.09087324 0.9945978 0.03575819 -0.1012341 0.9942198 0.08519476 -0.1508072 0.9848853 0.1977623 -0.09152191 0.9759682 0.10622 -0.216665 0.9704502 0.1803171 -0.2904844 0.9397365 0.2764298 -0.2134428 0.937032 0.1368353 -0.3706334 0.9186441 0.1286065 -0.3760153 0.9176453 0.1026931 -0.4009029 0.9103467 0.09963679 -0.4026873 0.9098986 0.06747728 -0.4302856 0.9001674 0.05569058 -0.4364221 0.8980169 0.04033029 -0.4576608 0.8882119 0.6497573 -0.0157485 0.7599787 0.6065757 -0.06054866 0.7927168 0.6075828 -0.05781167 0.7921497 0.5750616 -0.1097093 0.8107208 0.5832396 -0.09086805 0.8072018 0.5275404 -0.03551816 0.8487873 0.3787706 -0.06656891 0.9230934 0.3972198 0.02692484 0.9173284 0.4440847 -0.07283383 0.8930197 0.4431298 -0.04251939 0.8954485 0.4947628 -0.0341776 0.8683558 0.5218368 -0.06148868 0.8508264 0.5584205 -0.008265733 0.8295168 0.6044166 -0.0320093 0.7960253 0.3873538 -0.3442569 0.8552451 0.4000229 -0.3217372 0.8581765 0.3462968 -0.2680298 0.899021 0.3362078 -0.02324301 0.941501 0.2506572 -0.02815049 0.9676666 0.3267377 -0.1042684 0.9393459 0.3375356 -0.06203258 0.9392666 0.399552 -0.12442 0.9082279 0.4087221 -0.07809698 0.9093114 0.4744641 -0.1438837 0.8684362 0.4806813 -0.09924662 0.8712609 0.5367373 -0.1550045 0.8293894 0.2710309 -0.03543549 0.9619182 0.2293072 -0.09654206 0.9685545 0.279926 -0.1472783 0.9486572 0.288401 -0.122766 0.9496071 0.3429229 -0.1774203 0.9224565 0.3508844 -0.1499256 0.924339 0.4109119 -0.2098769 0.8871883 0.2317911 0.03054177 0.9722861 0.1507462 -0.08535331 0.9848809 0.09147161 -0.1977709 0.9759712 0.1608901 -0.117269 0.9799808 0.2332881 -0.1897068 0.9537233 0.1977267 -0.2670155 0.9431897 0.2909223 -0.2234616 0.9302845 0.3436117 -0.2761416 0.897595 0.4168342 -0.1844017 0.8900817 0.4805546 -0.2481194 0.8411325 0.536804 -0.1547945 0.8293854 0.9949083 -0.05027902 0.08734738 0.9812042 -0.1668816 0.09689599 0.9947693 -0.05767691 0.08430582 0.9868457 -0.05287283 0.1527751 0.9769123 -0.08062821 0.197842 0.9771581 -0.09556621 0.1898132 0.9730029 -0.06483298 0.2214997 0.9430412 -0.06330704 0.3265971 0.9334664 -0.05468279 0.354472 0.9685324 -0.2281599 0.09943974 0.971084 -0.218241 0.0967819 0.9779112 -0.1857475 0.09585285 0.9581654 -0.2671441 0.1027285 0.9490025 -0.2977369 0.1036689 0.9410566 -0.3210506 0.1064846 0.9453828 -0.3075778 0.107922 0.9208186 -0.3742038 0.1098393 0.9381158 -0.259305 0.2295645 0.9514404 -0.218099 0.2172418 0.9660073 -0.1483264 0.2117292 0.9826192 -0.1574029 0.09840703 0.9876523 -0.1284933 0.08962345 0.905996 -0.3463634 0.2433177 0.9222392 -0.3090788 0.232261 0.9370867 -0.2634215 0.2290802 0.9561057 -0.2749673 0.1012678 0.9655655 -0.2403717 0.09952348 0.8697962 -0.04983478 0.4908882 0.8197368 -0.0222302 0.572309 0.7934545 -0.1296589 0.5946584 0.7628104 -0.1074193 0.6376376 0.9094151 -0.4009314 0.1105363 0.9056612 -0.4087591 0.1126679 0.8977105 -0.4257934 0.1132075 0.8796714 -0.4697802 0.07406085 0.8783168 -0.4722748 0.07427227 0.8679648 -0.4906578 0.07676088 0.8659093 -0.4944944 0.07534193 0.8527094 -0.5168872 0.07559359 0.8429537 -0.5322836 0.07812434 0.8401492 -0.5369264 0.0765478 0.8670241 -0.4279515 0.2551994 0.8854 -0.3947232 0.2454803 0.9044019 -0.3509423 0.2426869 0.9247604 -0.3642922 0.1100439 0.9343221 -0.3406832 0.1047732 0.826721 -0.557349 0.07677507 0.8015499 -0.5922906 0.08191287 0.8094144 -0.5797563 0.09343987 0.6929805 -0.7166409 0.07876557 0.7199018 -0.6895823 0.07885277 0.7385883 -0.6681808 0.08956468 0.7648006 -0.6405236 0.06935095 0.7931525 -0.6032642 0.08355456 0.8601746 -0.484857 0.1581567 0.8332326 -0.5294338 0.1594473 0.8350599 -0.526077 0.1609906 0.7924494 -0.5879502 0.1622924 0.7937097 -0.585633 0.1644966 0.7309886 -0.6620189 0.1654894 0.7313941 -0.6613909 0.166207 0.5592136 -0.8254441 0.07695651 0.5921612 -0.8015101 0.08322775 0.5858353 -0.7940431 0.1621503 0.5876981 -0.7921738 0.1645352 0.5729364 -0.7746612 0.2676641 0.648046 -0.7123944 0.269315 0.6250083 -0.6886628 0.3675708 0.6886645 -0.6249812 0.3676134 0.6876065 -0.6265702 0.3668884 0.7458589 -0.5569907 0.3653163 0.7433035 -0.561419 0.3637425 0.7970893 -0.4845167 0.3604055 0.7934966 -0.4922978 0.3577793 0.8422662 -0.4076207 0.3527508 0.8382098 -0.4187636 0.3493443 0.8809046 -0.3266882 0.3424645 0.8771001 -0.3409081 0.3383449 0.9130129 -0.240423 0.3295518 0.9099716 -0.257698 0.3248745 0.937443 -0.1500286 0.3141533 0.9358742 -0.1694967 0.3088857 0.9537762 -0.05191165 0.2960001 0.9538517 -0.1049247 0.2813497 0.6389952 -0.7660636 0.06951099 0.6680002 -0.7387283 0.08975696 0.6613091 -0.731637 0.1654618 0.661809 -0.7310249 0.166167 0.6457887 -0.7140472 0.2703585 0.7139308 -0.645915 0.2703641 0.712386 -0.6479959 0.2694581 0.7746352 -0.5729219 0.2677701 0.7705935 -0.5796735 0.2648858 0.8155251 -0.5156565 0.2627115 0.8213125 -0.5054578 0.2644966 0.8408285 -0.4768134 0.2562351 0.8636637 -0.4354182 0.2539608 0.8808323 -0.4474219 0.154752 0.9258112 -0.3619867 0.108808 0.8912388 -0.4472593 0.07518517 0.8191918 -0.09693723 0.565268 0.7720125 0.03875243 0.6344249 0.7432696 -0.07842701 0.6643792 0.7201555 -0.1131331 0.6845268 0.7098267 -0.1409637 0.690127 0.6864104 -0.1708927 0.7068496 0.6722586 -0.2014389 0.7123839 0.6500481 -0.2260262 0.7254996 0.6307399 -0.2607422 0.7308768 0.6114112 -0.2793446 0.7403668 0.5855937 -0.3188724 0.745252 0.4879959 -0.6631341 0.5675503 0.4850503 -0.6646032 0.5683564 0.5504426 -0.6094768 0.5705709 0.5496067 -0.6099322 0.5708898 0.609161 -0.5505169 0.5708362 0.6101047 -0.5497748 0.5705436 0.6627312 -0.4875083 0.5684392 0.6650116 -0.4855663 0.5674374 0.7107836 -0.4211879 0.5633715 0.7143176 -0.4176448 0.5615364 0.7528177 -0.3525687 0.5558424 0.758354 -0.3461395 0.5523465 0.7897157 -0.2814654 0.5450931 0.7969796 -0.2715023 0.5395463 0.8211377 -0.2086809 0.5312111 0.8303355 -0.1937171 0.5225102 0.8538955 -0.1089962 0.5089031 0.57044 -0.3316907 0.7513852 0.5294305 -0.3854073 0.7557544 0.534944 -0.3735736 0.7578111 0.4822049 -0.4344567 0.7607403 0.4843211 -0.4303139 0.7617501 0.4303382 -0.4843314 0.7617297 0.8964831 -0.04382884 0.4409048 0.8700034 -0.05349993 0.4901347 0.8521417 -0.1386596 0.504607 0.7971571 -0.08338445 0.5979865 0.7730666 -0.160108 0.6137862 0.7547613 -0.1860831 0.6290535 0.7368721 -0.2281094 0.6363847 0.7197166 -0.2489252 0.6481083 0.6957311 -0.294885 0.6549818 0.6806394 -0.3106119 0.6635137 0.6499598 -0.3598752 0.6693596 0.6377394 -0.3709035 0.6750698 0.5990359 -0.4234642 0.6795837 0.5910956 -0.4296087 0.682673 0.5436301 -0.4848362 0.6851279 0.5407464 -0.4867147 0.6860774 0.4840797 -0.5432127 0.6859933 0.4873798 -0.541396 0.6850922 0.4219304 -0.5974149 0.6819607 0.4595568 -0.8852415 0.07179844 0.5113601 -0.8555136 0.08128589 0.5058636 -0.8483384 0.1562821 0.5093324 -0.8454972 0.1603591 0.4960367 -0.8279037 0.2617691 0.5793869 -0.7707898 0.2649417 0.5567177 -0.7460421 0.3653583 0.6264232 -0.6876804 0.3670011 0.5973128 -0.6583892 0.4579749 0.6582772 -0.5974329 0.4579795 0.6579997 -0.5979074 0.4577589 0.7133932 -0.5319911 0.4561311 0.7124292 -0.5337415 0.4555928 0.7627152 -0.4623495 0.4522151 0.7612306 -0.4656795 0.4512986 0.806391 -0.3881699 0.4461591 0.8045002 -0.3935986 0.4448141 0.8441362 -0.3096313 0.4376786 0.8421225 -0.3179103 0.4356179 0.8759635 -0.2259173 0.4262034 0.8740074 -0.238427 0.4233957 0.9011178 -0.1375393 0.4111809 0.899875 -0.1553049 0.4075606 0.9144779 -0.0776689 0.397112 0.9131818 -0.06105661 0.4029532 0.3356757 -0.5741675 0.746762 0.2853921 -0.524014 0.8024716 0.2726914 -0.5290459 0.8035856 0.2334256 -0.490023 0.8398751 0.1549521 -0.5367797 0.8293718 0.1549217 -0.536754 0.8293941 0.1096665 -0.5750635 0.8107253 0.05053728 -0.6000954 0.7983305 0.11302 -0.6619121 0.7410122 0.05024653 -0.6834821 0.7282359 0.04442346 -0.6870591 0.7252424 0.1623494 -0.02738732 0.9863532 0.1194664 -0.0103802 0.992784 0.1011899 -0.03585934 0.9942207 0.07920402 -0.05790776 0.9951751 0.1489602 -0.1276111 0.9805745 0.1163924 -0.1599888 0.9802328 0.2108141 -0.2542493 0.9438828 0.2004613 -0.2678739 0.9423688 0.2735331 -0.3411121 0.8993454 0.2702111 -0.3485363 0.8975013 0.3262563 -0.404555 0.8543372 0.3239803 -0.4102212 0.8524995 0.3632858 -0.4494603 0.8160937 0.3392869 -0.4831521 0.8071237 0.3855138 -0.5292778 0.7558071 0.315451 -0.5821319 0.7494086 0.3739032 -0.6406741 0.6706213 0.2911787 -0.69194 0.6606316 0.3540103 -0.754244 0.5529853 0.2698597 -0.7948533 0.5434926 0.3181856 -0.8420217 0.4356117 0.2261192 -0.8758942 0.4262388 0.2579007 -0.909945 0.324788 0.1498182 -0.9374721 0.3141667 0.1694594 -0.9640969 0.2044524 0.08768439 -0.9761554 0.1985758 0.07454669 -0.9793455 0.1879504 0.7260982 -0.02745187 0.6870428 0.6849381 -0.04563283 0.7271708 0.6772182 -0.06962054 0.7324811 0.6530283 -0.1037513 0.7501932 0.6434445 -0.1274794 0.7548035 0.6204585 -0.1555872 0.7686508 0.607145 -0.1828154 0.7732747 0.5866039 -0.2048557 0.783537 0.5685337 -0.2362444 0.7880088 0.5290396 -0.2727395 0.8035735 0.5241748 -0.2853545 0.80238 0.4764978 -0.3475418 0.8075671 0.4813389 -0.3372961 0.8090391 0.4342701 -0.3912103 0.8113964 0.435881 -0.3880912 0.8120301 0.3879927 -0.4361304 0.8119433 0.4341298 -0.4822483 0.7608994 0.3734505 -0.5349532 0.7578654 0.4313716 -0.5929937 0.6799096 0.3573247 -0.6470803 0.6735029 0.4221279 -0.7114301 0.5618497 0.344568 -0.7571871 0.554924 0.3932605 -0.8046933 0.4447638 0.3095143 -0.8441349 0.437764 0.3407917 -0.8771274 0.3383911 0.2404912 -0.9129647 0.3296356 0.2610138 -0.9399063 0.2201087 0.148648 -0.965973 0.2116606 0.1556759 -0.9796782 0.1264737 0.09234923 -0.993804 0.06184911 0.226891 -0.9717981 0.06425696 0.08352464 0.1737485 0.9812416 -0.8579837 0.4893911 0.1560785 -0.7936086 0.1293261 0.5945253 -0.7337737 0.02669781 0.6788692 -0.9966005 -0.002943813 0.08233523 -0.1951592 0.06672698 0.9784991 -0.2711238 0.06772309 0.9601592 -0.4292685 0.3003243 0.8517829 -0.4843548 0.2278302 0.8446857 -0.03376841 0.4973319 0.8669031 -0.1453852 0.3132131 0.9384886 -0.1957418 0.6659555 0.7198531 -0.03947526 0.8521143 0.5218649 -0.06237733 0.8735959 0.4826378 -0.2233843 0.7319636 0.6436837 -0.4167317 0.7137658 0.5629148 -0.260829 0.9627223 0.0716539 -0.3575216 0.9312958 0.06976073 -0.4249254 0.9013431 0.08377963 -0.5389183 0.8389073 0.07616949 -0.5832927 0.8071627 0.09087502 -0.6758882 0.7319969 0.0857653 -0.5026261 0.8599667 0.08845579 -0.5978946 0.6580452 0.4577102 -0.5321244 0.7132605 0.4561833 -0.5613223 0.7434767 0.3635378 -0.4847366 0.7969465 0.360426 -0.5069358 0.8226029 0.2575666 -0.4147189 0.8741571 0.2527009 -0.4263339 0.8913613 0.153995 -0.421751 0.8943809 0.149027 -0.4262102 0.9008376 0.08268409 -0.398597 0.9142768 0.07223778 -0.5335581 0.7127299 0.4553372 -0.4625676 0.7625318 0.4523016 -0.4923944 0.7934759 0.3576923 -0.4077625 0.8422017 0.3527411 -0.4294744 0.8685562 0.2473097 -0.3297232 0.9128107 0.2409548 -0.339811 0.9291034 0.1459298 -0.3343029 0.9319991 0.1400694 -0.3379266 0.937765 0.08001583 -0.2987 0.9522973 0.06251662 -0.19263 0.9747903 0.1125944 -0.05587482 0.9949099 0.08386009 -0.04419916 0.9950669 0.0888164 -0.1436582 0.9856567 0.0885626 -0.0574215 0.962629 0.2646666 -0.0647239 0.9728681 0.2221227 -0.4656065 0.761328 0.4512099 -0.3880768 0.8064342 0.4461619 -0.4186419 0.8382867 0.3493056 -0.326823 0.8808017 0.3426007 -0.348053 0.9076073 0.2347511 -0.2403237 0.9437703 0.2270293 -0.248835 0.9588775 0.1365107 -0.2427607 0.961309 0.1302006 -0.2455459 0.9663731 0.07635653 -0.4218745 0.5973482 0.6820536 -0.2837294 0.7918211 0.5408484 -0.1910941 0.8273117 0.5282408 -0.2387017 0.8738782 0.4235073 -0.1375016 0.901144 0.4111362 -0.1695479 0.9358654 0.3088842 -0.07191282 0.9517477 0.2983371 -0.1092206 0.9411661 0.3198084 -0.1296833 0.7934983 0.5945945 -0.254597 0.7248198 0.6401693 -0.1545103 0.7668176 0.6229906 -0.2121317 0.8242756 0.5249477 -0.1090472 0.8538358 0.5089923 -0.1553333 0.8999136 0.4074642 -0.1227867 0.7291414 0.6732581 -0.07046401 0.7347351 0.6746845 -0.1792131 0.6945365 0.6967796 -0.02656477 0.7338882 0.6787507 -0.06291085 0.7477229 0.661024 -0.0180552 0.7768724 0.6293992 -0.05468559 0.8129826 0.5797145 -0.07349282 0.8031743 0.5911936 -0.03176224 0.8380289 0.5447006 -0.2329809 0.6567414 0.7172243 -0.1339703 0.7022966 0.6991649 -0.1928712 0.7611757 0.619203 -0.08339428 0.7971944 0.5979351 -0.1386578 0.8522125 0.504488 -0.03566306 0.8728882 0.4866154 -0.05530577 0.9175905 0.393661 -0.08487564 0.9079238 0.4104519 -0.05467069 0.9334139 0.3546119 -0.2206513 0.3888815 0.8944743 -0.1910741 0.4234387 0.8855452 -0.2417573 0.4741423 0.8466064 -0.08341085 0.2384498 0.9675663 -0.3357625 0.5741083 0.7467685 -0.285534 0.5238084 0.8025553 -0.2726911 0.5290645 0.8035734 -0.2333654 0.489958 0.8399296 -0.1548815 0.5369171 0.8292961 -0.1550674 0.5366073 0.8294618 -0.09935331 0.5916385 0.800058 -0.05057525 0.6000354 0.7983731 -0.1097198 0.5751096 0.8106853 -0.0460214 0.6117891 0.7896811 -0.07434409 0.5927095 0.8019779 -0.02950054 0.6366677 0.7705738 -0.190256 0.4240216 0.8854425 -0.1509336 0.4493089 0.8805342 -0.1081338 0.4898477 0.865076 -0.1226334 0.4854485 0.8656216 -0.03550279 0.5272322 0.8489793 -0.06421542 0.5212829 0.8509645 -5.20461e-4 0.5662618 0.8242253 -0.01224225 0.1245996 0.9921316 -0.02795827 0.1637294 0.986109 -0.04618674 0.1785838 0.9828402 -0.01664918 0.2197858 0.9754062 -0.05471897 0.2580524 0.9645802 -0.04022771 0.284425 0.957854 -0.01530694 0.2147665 0.9765456 -0.02691918 0.2719309 0.9619403 -0.02330178 0.3364158 0.9414253 -0.03320646 0.3457238 0.9377486 -0.1342066 0.2887068 0.9479647 -0.1073541 0.3077868 0.9453796 -0.08250838 0.330322 0.9402552 -0.08415997 0.3293142 0.9404623 -0.0524252 0.3554273 0.9332326 -0.0497145 0.3572034 0.9327027 -0.01160424 0.398613 0.9170458 -0.1736758 -0.08350723 0.981256 -0.05791538 0.07923704 0.995172 -0.1293932 0.1506671 0.9800801 -0.1090752 0.04292786 0.9931062 -0.05248367 -0.01385718 0.9985257 0.01384633 0.05248987 0.9985256 -0.03538316 0.1015598 0.9942001 -0.03583014 0.1011238 0.9942285 -0.0852968 0.1507538 0.9848846 -0.1977719 0.09144377 0.9759736 -0.1063229 0.2164951 0.9704769 -0.1804847 0.2902141 0.9397878 -0.2765228 0.213511 0.936989 -0.1369153 0.3704146 0.9187206 -0.1286022 0.3760358 0.9176376 -0.1026718 0.4005988 0.9104829 -0.09962278 0.4029656 0.909777 -0.06742537 0.4300643 0.900277 -0.05170053 0.4385695 0.8972089 -0.04146879 0.4500901 0.8920198 -0.6369081 0.02968668 0.7703681 -0.6065667 0.06039619 0.7927352 -0.6075884 0.05791556 0.7921378 -0.5751286 0.109149 0.8107488 -0.5832628 0.09091949 0.8071792 -0.5275346 0.03560495 0.8487872 -0.6049717 0.038944 0.7952942 -0.5662739 4.79627e-4 0.8242171 -0.5212265 0.06413137 0.8510054 -0.49731 0.03379708 0.8669144 -0.443142 0.04255831 0.8954407 -0.443641 0.05716806 0.8943794 -0.3845243 -0.002275943 0.9231122 -0.3717136 0.0723347 0.9255251 -0.3461251 0.0328291 0.9376139 -0.3872367 0.3445993 0.8551602 -0.4000496 0.3216502 0.8581967 -0.3463319 0.2680208 0.8990101 -0.3362466 0.02340728 0.941483 -0.2506452 0.02811545 0.9676707 -0.3267402 0.1042305 0.9393493 -0.3375738 0.06210291 0.9392482 -0.3996379 0.1243953 0.9081934 -0.408745 0.07803952 0.9093061 -0.4744907 0.1439839 0.868405 -0.4806767 0.0991339 0.8712763 -0.5367739 0.1549789 0.8293705 -0.2710559 0.03540921 0.9619122 -0.229314 0.09657049 0.9685502 -0.2798935 0.1471611 0.9486851 -0.2883256 0.1229241 0.9496095 -0.3428149 0.1777456 0.922434 -0.3508579 0.1499275 0.9243487 -0.4108364 0.209729 0.8872582 -0.2076291 0.004693329 0.9781965 -0.150819 0.0851736 0.9848853 -0.09149152 0.1977155 0.9759806 -0.1609287 0.1172419 0.9799777 -0.2332828 0.1896888 0.9537281 -0.1977583 0.2668929 0.9432179 -0.2909315 0.2234073 0.9302946 -0.3436298 0.2759989 0.897632 -0.416794 0.1845886 0.8900617 -0.4804844 0.2483321 0.8411099 -0.5367804 0.154716 0.8294155 -0.9948761 0.05089932 0.08735555 -0.9811709 0.167127 0.09681046 -0.9947854 0.05581653 0.08536148 -0.9793404 0.05167979 0.1955038 -0.9640774 0.1695252 0.2044898 -0.9785583 0.1100755 0.1740897 -0.973053 0.06480997 0.2212861 -0.9625294 0.05784672 0.2649359 -0.9335255 0.0549249 0.3542791 -0.9683594 0.2289016 0.09941935 -0.9708886 0.2190544 0.09690517 -0.9781638 0.1843844 0.09590601 -0.9579496 0.2679154 0.1027324 -0.9490348 0.2976334 0.1036701 -0.9408414 0.3217034 0.1064164 -0.949588 0.2941458 0.1084486 -0.921879 0.3715016 0.1101171 -0.9380691 0.2594588 0.2295814 -0.9514009 0.2181509 0.2173631 -0.9659733 0.1484587 0.2117918 -0.98267 0.1570973 0.09838765 -0.9876161 0.1287631 0.08963584 -0.9060103 0.3462316 0.2434521 -0.9221811 0.3091998 0.232331 -0.9373527 0.2624533 0.2291029 -0.9563359 0.274104 0.1014328 -0.9662685 0.2374446 0.09972602 -0.8734205 0.05195426 0.4841872 -0.8380652 0.03176301 0.5446448 -0.8105589 0.06511503 0.5820262 -0.7586145 0.09409332 0.6447097 -0.9091194 0.4015947 0.1105612 -0.9057315 0.4085887 0.1127198 -0.8976281 0.4259476 0.113281 -0.8830457 0.4633916 0.07415306 -0.8778644 0.4730637 0.0745998 -0.8677355 0.4910555 0.0768091 -0.8660341 0.4942653 0.07541155 -0.8515232 0.5188465 0.07554322 -0.8428719 0.5323766 0.07837373 -0.8400123 0.5371274 0.0766384 -0.8671129 0.4277794 0.2551863 -0.8853523 0.3948519 0.2454452 -0.9041931 0.3514792 0.2426875 -0.9244874 0.3649636 0.1101117 -0.9340712 0.3414131 0.104634 -0.8261315 0.5582195 0.07679665 -0.8015933 0.5921906 0.08221083 -0.8089744 0.5804573 0.09289681 -0.6938698 0.715808 0.07850962 -0.7193877 0.6901598 0.07849109 -0.7387809 0.6679835 0.08944839 -0.7644392 0.6409569 0.06933295 -0.7956718 0.5997791 0.08468508 -0.8602409 0.4848024 0.1579636 -0.8331486 0.5296382 0.1592072 -0.8349207 0.5263656 0.1607698 -0.7923057 0.5881946 0.1621079 -0.7938661 0.58543 0.1644642 -0.7310165 0.6619786 0.1655278 -0.7314221 0.6612844 0.1665074 -0.5579802 0.8262849 0.07688546 -0.5921885 0.8014909 0.08321881 -0.5857213 0.794126 0.1621556 -0.5877592 0.7921195 0.164578 -0.5729867 0.7746357 0.2676299 -0.6482317 0.7122441 0.2692658 -0.6250758 0.6886293 0.3675187 -0.6888177 0.6248053 0.3676256 -0.6877302 0.6263809 0.3669798 -0.7459607 0.5568537 0.3653171 -0.7434055 0.5613444 0.3636492 -0.7968383 0.485032 0.3602675 -0.7936812 0.4919292 0.357877 -0.8422942 0.4075719 0.3527403 -0.8382817 0.4186604 0.3492954 -0.8809106 0.3266542 0.3424816 -0.8770475 0.3410729 0.3383152 -0.9130182 0.2403613 0.3295817 -0.9100087 0.2577266 0.3247479 -0.9374881 0.1498386 0.314109 -0.9358633 0.1697437 0.3087831 -0.9493801 0.09098768 0.3006635 -0.9466854 0.06656634 0.3152073 -0.638637 0.7663812 0.06930226 -0.6679962 0.7387553 0.08956372 -0.6611607 0.7317505 0.1655529 -0.6617941 0.7309622 0.1665017 -0.6460216 0.7138471 0.2703304 -0.7136517 0.6462692 0.2702548 -0.7124088 0.6479874 0.2694182 -0.7745797 0.5730067 0.2677495 -0.7707979 0.5793308 0.2650407 -0.8154638 0.5157193 0.2627784 -0.8212174 0.5055507 0.2646141 -0.8407377 0.477003 0.2561804 -0.8636246 0.4354963 0.2539599 -0.8809173 0.447258 0.1547422 -0.9260806 0.3613699 0.1085662 -0.8907672 0.4482645 0.0747857 -0.8083062 0.04937356 0.5866886 -0.7627487 0.004539966 0.6466791 -0.7432368 0.07841396 0.6644173 -0.7201319 0.1132461 0.684533 -0.7096365 0.1412356 0.6902671 -0.6864289 0.1705416 0.7069166 -0.672058 0.2021589 0.7123693 -0.6500884 0.2260013 0.7254713 -0.6309661 0.2604425 0.7307883 -0.6115816 0.2791827 0.7402871 -0.5856707 0.3188914 0.7451833 -0.4879634 0.6631056 0.5676115 -0.485118 0.6645617 0.5683471 -0.550531 0.6093872 0.5705813 -0.5496025 0.6099839 0.5708387 -0.6091597 0.5504656 0.5708872 -0.6100441 0.5497942 0.5705897 -0.6626967 0.4874757 0.5685073 -0.6650921 0.4855645 0.5673445 -0.7107897 0.4212068 0.5633497 -0.7142899 0.4176771 0.5615478 -0.7528398 0.3525663 0.5558142 -0.7584511 0.3458697 0.5523822 -0.7896221 0.28163 0.5451435 -0.7969794 0.2714675 0.5395641 -0.8211874 0.2084098 0.5312406 -0.8302942 0.1939866 0.5224757 -0.853917 0.1091215 0.5088403 -0.5703258 0.3319348 0.751364 -0.5294435 0.3852629 0.7558189 -0.5350096 0.3734137 0.7578436 -0.4820955 0.4344908 0.7607901 -0.4844846 0.4299504 0.7618513 -0.4301678 0.4844953 0.7617217 -0.487158 0.5415818 0.6851031 -0.4841587 0.5432565 0.685903 -0.5409154 0.4865601 0.6860539 -0.5435768 0.4849955 0.6850574 -0.5911731 0.4295383 0.6826502 -0.5990024 0.4234763 0.6796058 -0.6377213 0.3707933 0.6751473 -0.6499204 0.3601137 0.6692695 -0.6808339 0.3102715 0.6634733 -0.6957598 0.2948089 0.6549855 -0.7195725 0.2488365 0.6483023 -0.7368916 0.2282 0.6363298 -0.7546246 0.1864393 0.6291122 -0.7730761 0.1602392 0.6137399 -0.7971625 0.083557 0.5979551 -0.8521617 0.1384546 0.5046293 -0.8728591 0.03588116 0.4866515 -0.4592605 0.8854196 0.07149851 -0.5114582 0.8555148 0.08065384 -0.5060995 0.8481405 0.156592 -0.509268 0.8455426 0.1603244 -0.4961059 0.8278607 0.2617738 -0.5791035 0.7710087 0.2649239 -0.5565404 0.7461432 0.3654218 -0.6262674 0.6877983 0.367046 -0.5973075 0.6583301 0.4580669 -0.6582325 0.5975479 0.4578937 -0.6579713 0.5979284 0.4577724 -0.7134472 0.5319456 0.4560998 -0.7125312 0.5336529 0.4555371 -0.7627291 0.4622542 0.452289 -0.7612806 0.465597 0.4512997 -0.8064299 0.388054 0.4461893 -0.8046661 0.3933039 0.4447751 -0.8440262 0.3100197 0.4376161 -0.8421258 0.3178354 0.4356661 -0.8759259 0.2259797 0.4262477 -0.8740747 0.2380138 0.423489 -0.9010631 0.1377419 0.4112329 -0.899863 0.1555835 0.4074808 -0.9144619 0.07766938 0.3971485 -0.9123717 0.05259186 0.4059707 -0.02172237 0.6866786 0.7266365 -0.04132181 0.686451 0.726001 -0.1131404 0.6617425 0.7411453 -0.06172376 0.6690698 0.7406321 -0.1633574 0.6280885 0.7608017 -0.1208798 0.6363944 0.7618336 -0.2111491 0.5926685 0.7772774 -0.1774728 0.6015416 0.7788782 -0.2361905 0.5686056 0.7879732 -0.2848176 0.616681 0.7338825 -0.2561368 0.6258422 0.7366924 -0.3148215 0.6845847 0.6574431 -0.1637613 0.02787905 0.986106 -0.1195692 0.01022839 0.9927732 -0.1012433 0.03579872 0.9942174 -0.07911139 0.05789172 0.9951834 -0.1488062 0.1278377 0.9805684 -0.1163463 0.1601044 0.9802195 -0.2107118 0.2545105 0.9438353 -0.2004711 0.267709 0.9424136 -0.2735368 0.3410961 0.8993505 -0.270232 0.3485274 0.8974984 -0.3263186 0.4045001 0.8543394 -0.3240256 0.4102196 0.852483 -0.3633693 0.4494693 0.8160516 -0.3391802 0.4832706 0.8070976 -0.3854687 0.5292607 0.7558419 -0.3153637 0.5822951 0.7493185 -0.3737635 0.6407175 0.6706579 -0.2911831 0.6918951 0.6606766 -0.3541085 0.7542337 0.5529365 -0.2696906 0.794885 0.5435301 -0.3179708 0.8420505 0.435713 -0.2261765 0.8758754 0.426247 -0.2580318 0.9098902 0.3248377 -0.1498122 0.9375041 0.3140739 -0.1695037 0.964075 0.2045186 -0.08755952 0.9761812 0.1985035 -0.05270856 0.9839207 0.1706514 -0.6805702 0.04293334 0.7314239 -0.6925953 0.02124583 0.7210135 -0.6772287 0.06958949 0.7324743 -0.6531177 0.1032921 0.7501788 -0.6433649 0.1279137 0.7547979 -0.6206229 0.1553307 0.7685698 -0.6071375 0.183048 0.7732256 -0.5865569 0.2049376 0.7835506 -0.5686022 0.236159 0.787985 -0.5291195 0.2726069 0.8035659 -0.5240767 0.2854738 0.8024017 -0.4764245 0.3477414 0.8075243 -0.4814063 0.3372665 0.8090115 -0.4340543 0.3916223 0.811313 -0.4359568 0.3878231 0.8121176 -0.3879399 0.4359421 0.8120697 -0.4340406 0.4826079 0.7607223 -0.3734525 0.534767 0.7579957 -0.4312036 0.593077 0.6799435 -0.3573715 0.6470051 0.6735504 -0.4222376 0.7113928 0.5618146 -0.3447318 0.7570852 0.5549612 -0.3933855 0.8046606 0.4447126 -0.3096523 0.8440885 0.4377558 -0.3407126 0.8771841 0.3383238 -0.2403299 0.9130029 0.3296472 -0.2609141 0.9399324 0.2201157 -0.1485955 0.9659817 0.2116575 -0.1555827 0.9796991 0.1264268 -0.09246385 0.9937903 0.06189823 -0.2269995 0.9717727 0.06425797 1.04493e-6 -0.4738292 0.8806169 0.1435192 -0.974936 0.1700065 0.09033417 -0.9854914 0.143689 0 -0.9966632 0.08162426 0 -0.9933391 0.1152283 0 -0.993336 0.1152551 0 -0.9933349 0.1152642 0 -0.9933362 0.1152527 0 -0.9933267 0.1153344 0 -0.9933212 0.1153827 0 -0.9933349 0.1152641 0 -0.9933405 0.1152158 0 -0.9933283 0.1153208 0 -0.9933288 0.1153167 0 -0.9933409 0.1152127 0 -0.993328 0.1153243 0 -0.993344 0.1151857 -1.39052e-6 -0.9591417 0.2829266 0.001179635 -0.938065 0.3464575 7.73696e-4 -0.9477589 0.3189866 0 -0.9933474 0.1151574 -3.2229e-7 -0.9933354 0.1152597 7.58188e-7 -0.9763055 0.2163968 1.92905e-4 -0.9627654 0.2703383 3.78275e-4 -0.8969496 0.4421328 2.91618e-4 -0.9011904 0.4334235 1.24163e-6 -0.9194388 0.3932331 1.11903e-6 -0.7493093 0.6622202 -7.07447e-7 -0.7876389 0.6161373 3.66368e-4 -0.808516 0.588474 1.58548e-6 -0.8375349 0.546384 -7.41669e-7 -0.876506 0.4813912 1.40876e-7 -0.6147588 0.7887152 -1.5824e-6 -0.6542554 0.7562738 3.40649e-4 -0.6964905 0.7175659 2.95389e-4 -0.6991997 0.7149264 4.75283e-5 -0.7325584 0.6807042 -1.65896e-6 -0.5639634 0.8257999 0.001184999 -0.5084446 0.861094 3.11902e-4 -0.5614315 0.8275232 0.001454174 -0.1764842 0.9843024 -1.46081e-6 -0.2539854 0.9672082 1.94701e-7 -0.1476473 0.9890401 3.29278e-4 -0.2407273 0.9705928 4.19737e-7 -0.3171263 0.9483834 -1.80692e-6 -0.4151009 0.9097754 0.001327693 -0.3474235 0.9377074 3.04985e-4 -0.4080643 0.9129533 -1.94701e-7 -0.1476475 0.9890401 2.33917e-7 -0.1756767 0.984448 -9.49333e-5 -0.2539936 0.9672059 -3.29277e-4 -0.2407261 0.970593 -1.04492e-6 -0.4738259 0.8806186 -3.04978e-4 -0.408065 0.9129528 -1.83931e-4 -0.4150896 0.9097806 2.46472e-7 -0.3468984 0.9379027 -4.16039e-7 -0.3171262 0.9483835 0 -0.5080126 0.8613497 -2.69067e-4 -0.5639608 0.8258016 -3.11902e-4 -0.5614321 0.8275229 -1.12067e-6 -0.7492066 0.6623365 -4.75257e-5 -0.732518 0.6807477 -2.95389e-4 -0.6991978 0.7149283 -3.40649e-4 -0.6964905 0.7175659 1.58014e-6 -0.654255 0.7562741 -1.43792e-7 -0.6147672 0.7887087 7.07447e-7 -0.7876386 0.6161377 -3.66375e-4 -0.8085328 0.588451 -1.58548e-6 -0.8375347 0.5463842 7.41669e-7 -0.8765057 0.4813914 -3.78275e-4 -0.8969495 0.4421331 -2.91619e-4 -0.9011897 0.433425 -7.58188e-7 -0.9763056 0.2163968 -1.92907e-4 -0.9627606 0.2703551 -7.73695e-4 -0.947759 0.3189865 -2.52815e-4 -0.9591505 0.2828962 0 -0.93795 0.3467708 -1.24064e-6 -0.9194391 0.3932325 0 -0.9933353 0.1152614 0 -0.9933525 0.1151127 3.22286e-7 -0.9933356 0.115258 0 -0.9933374 0.1152425 0 -0.9966577 0.08169102 -0.01675164 -0.9887276 0.1487858 -0.02742898 -0.983186 0.1805357 0 -0.08550053 0.9963382 -3.08793e-4 -0.08550119 0.996338 0 -0.06260681 0.9980383 0 -0.9933321 0.1152889 0 -0.9591465 0.2829099 0 -0.9591616 0.282859 0 -0.8969474 0.4421374 0 -0.8969475 0.4421373 0 -0.8085358 0.5884472 0 -0.8085094 0.5884833 0 -0.6964777 0.7175785 0 -0.5639823 0.825787 0 -0.5639566 0.8258044 0 -0.4150974 0.9097771 0 -0.4150764 0.9097866 0 -0.2539869 0.9672077 0 -0.2539868 0.9672077 0 -0.08550518 0.9963378 0 -0.08550518 0.9963378 0 -0.06260871 0.9980382 3.08789e-4 -0.08550107 0.9963381 0 -0.08550047 0.9963382 0 -0.2539867 0.9672077 0 -0.4150971 0.9097771 0 -0.4150763 0.9097867 0 -0.5639821 0.825787 0 -0.5639563 0.8258048 0 -0.6964774 0.7175789 0 -0.8085355 0.5884474 0 -0.8085093 0.5884836 0 -0.8969473 0.4421378 0 -0.8969691 0.4420932 0 -0.9591466 0.2829099 0 -0.9591465 0.2829102 0 -0.9933341 0.1152712 0 -0.9933407 0.1152144 0 -0.9933318 0.1152906 0 -0.9933387 0.1152316 0 -0.9933338 0.1152733 0 -0.993336 0.1152552 0 -0.9933212 0.1153821 0 -0.9933385 0.1152338 0 -0.9933384 0.1152344 0 -0.9933437 0.1151894 0 -0.9933395 0.1152253 0 -0.9933384 0.1152344 0 -0.9933535 0.1151039 0 -0.9933329 0.1152809 -0.9933419 0 0.1152042 -0.1307011 0 0.9914219 -0.1776205 -1.56197e-7 0.9840991 -0.2539978 1.74127e-4 0.9672049 -0.2282603 8.25384e-4 0.9735998 -0.4037433 5.96278e-4 0.9148722 -0.3617251 0.001569449 0.9322836 -0.4150744 2.6834e-4 0.9097875 -0.3467622 0 0.9379531 -0.3032186 2.5999e-7 0.9529211 -0.6175455 1.81843e-6 0.7865352 -0.5665849 3.66381e-4 0.8240034 -0.5640041 4.24336e-4 0.8257719 -0.5102028 0 0.8600543 -0.4670987 6.93743e-7 0.8842052 -0.6457805 -7.68554e-7 0.7635231 -0.696439 3.55824e-4 0.717616 -0.6925234 4.72743e-4 0.7213953 -0.8429807 0 0.5379439 -0.8174628 3.33228e-4 0.5759813 -0.8085174 5.43377e-4 0.5884721 -0.7804999 0 0.6251561 -0.739996 1.80059e-6 0.6726114 -0.857749 8.29386e-7 0.5140688 -0.8969569 9.12575e-5 0.442118 -0.8821866 8.73081e-4 0.4708993 -0.9764521 -4.29309e-6 0.2157345 -0.965909 2.20143e-4 0.2588821 -0.9517737 8.60274e-4 0.3067999 -0.9591485 3.61289e-4 0.282903 -0.9380459 3.65385e-6 0.3465111 -0.9176227 1.17228e-6 0.3974527 -0.9933223 0 0.1153731 -0.9965988 0 0.08240598 -0.9857015 -0.03346103 0.1651458 -0.9933222 0 0.1153735 -0.9933222 0 0.1153736 -0.9933222 0 0.1153737 -0.9933222 0 0.1153733 -0.9933223 0 0.1153733 -0.9933223 0 0.1153737 -0.9933223 0 0.1153738 -0.9933224 0 0.1153727 -0.9933222 0 0.1153738 -0.9933222 0 0.1153741 -0.9933327 2.5913e-6 0.1152834 -0.993342 0 0.1152036 -0.9933419 0 0.1152042 -0.9933419 0 0.1152039 -0.9933419 0 0.115204 -0.9933419 0 0.1152038 -0.9517574 -4.75204e-4 0.3068512 -0.9659062 -1.21388e-4 0.2588925 -0.9764521 2.20759e-6 0.215735 -0.9380975 -9.27331e-4 0.3463703 -0.9591485 0 0.2829031 -0.9176224 -6.4543e-7 0.3974533 -0.8969569 -2.92038e-4 0.4421179 -0.8802934 0 0.4744298 -0.8085173 -2.97953e-4 0.5884724 -0.8174388 -1.82179e-4 0.5760156 -0.8429799 0 0.5379452 -0.6964389 1.29011e-6 0.7176161 -0.6460608 -9.51683e-4 0.7632854 -0.6924674 -2.57995e-4 0.7214492 -0.7399952 -8.19289e-7 0.6726121 -0.7804996 0 0.6251563 -0.5640043 -2.30727e-4 0.8257719 -0.5665286 -1.99959e-4 0.8240422 -0.6175437 -9.9135e-7 0.7865366 -0.403628 -3.235e-4 0.9149231 -0.4670983 -3.44096e-7 0.8842054 -0.5102011 0 0.8600552 -0.1781681 -0.001113355 0.9839994 -0.253998 2.23304e-7 0.9672049 -0.1307016 0 0.9914218 -0.2280771 -4.4553e-4 0.973643 -0.303219 -2.78355e-7 0.952921 -0.4150745 8.31975e-7 0.9097875 -0.3472252 -0.001045823 0.9377812 -0.3614124 -8.51584e-4 0.9324057 -0.08549422 0 0.9963387 -0.08549439 5.74717e-4 0.9963385 -0.04546159 0 0.9989661 -0.996599 0 0.08240556 -0.9858896 0.0213353 0.1660318 -0.9933223 0 0.1153736 -0.9933419 -4.70143e-6 0.1152039 -0.9933419 0 0.115204 -0.9591485 0 0.2829032 -0.896957 0 0.4421179 -0.8969569 0 0.4421181 -0.8085179 0 0.5884716 -0.8085172 0 0.5884726 -0.6964388 0 0.7176162 -0.6964387 0 0.7176163 -0.5640046 0 0.8257718 -0.5640048 0 0.8257716 -0.415074 0 0.9097877 -0.4150744 0 0.9097875 -0.2539978 0 0.9672048 -0.2539983 0 0.9672047 -0.0854938 0 0.9963387 -0.08549404 0 0.9963387 -0.04546189 0 0.9989662 -0.08549392 -3.07342e-4 0.9963387 -0.0854941 0 0.9963387 -0.2539979 0 0.9672049 -0.2539979 0 0.9672049 -0.4150742 0 0.9097875 -0.4150744 0 0.9097875 -0.5640044 0 0.8257718 -0.5640046 0 0.8257717 -0.696439 0 0.717616 -0.6964385 0 0.7176165 -0.8085175 0 0.5884722 -0.8085179 0 0.5884718 -0.8969568 0 0.4421184 -0.8969572 0 0.4421175 -0.9591485 0 0.2829032 -0.9591485 0 0.282903 -0.9933419 0 0.1152039 -0.1737266 0.08355367 0.9812431 -0.4892785 -0.8580495 0.1560693 -0.0518015 -0.6847585 0.7269268 -0.04116433 -0.7393879 0.6720202 -0.1695685 -0.9640548 0.2045603 -0.1283062 -0.9863466 0.1032369 -0.07099765 -0.2059254 0.9759889 -0.09738731 -0.2708492 0.9576829 -0.3001772 -0.4296466 0.851644 -0.227837 -0.4844167 0.8446484 -0.4973234 -0.03368532 0.8669111 -0.3130083 -0.1455867 0.9385256 -0.6659345 -0.1957088 0.7198815 -0.8519352 -0.03919452 0.5221784 -0.8736854 -0.06223213 0.4824946 -0.7319356 -0.2233418 0.6437304 -0.9603207 -0.2702847 0.06877839 -0.9266765 -0.3697084 0.06772434 -0.8998126 -0.4286927 0.08099335 -0.8378717 -0.5405386 0.07608556 -0.8062062 -0.5847383 0.09007161 -0.7301878 -0.677984 0.08463746 -0.8578671 -0.5065341 0.08652985 -0.6580359 -0.5978822 0.4577397 -0.7134475 -0.5319593 0.4560832 -0.7433148 -0.561427 0.3637071 -0.7969085 -0.4849041 0.3602846 -0.8227987 -0.5066321 0.2575389 -0.8739799 -0.4151268 0.2526443 -0.8912546 -0.4265691 0.1539616 -0.8944189 -0.421626 0.1491522 -0.9007666 -0.4263706 0.08262968 -0.9118139 -0.4038707 0.07405447 -0.7125001 -0.5336838 0.4555495 -0.7627557 -0.4622592 0.4522392 -0.7936542 -0.4919618 0.3578919 -0.8422305 -0.4076731 0.3527756 -0.8685803 -0.4293993 0.2473554 -0.9127631 -0.329769 0.2410725 -0.9289929 -0.3400952 0.1459715 -0.9321357 -0.3338785 0.1401731 -0.9378248 -0.3376916 0.0803067 -0.9479586 -0.311716 0.06486773 -0.9949125 -0.05600619 0.08374089 -0.9950796 -0.04382205 0.0888614 -0.9625224 -0.05789381 0.264951 -0.973055 -0.06481379 0.2212761 -0.9699026 -0.2336285 0.06860572 -0.9663968 -0.2454589 0.07633697 -0.9612953 -0.2428484 0.1301392 -0.9588102 -0.2490371 0.136615 -0.9437061 -0.2404052 0.22721 -0.9076015 -0.3480694 0.2347495 -0.8809073 -0.3266795 0.342466 -0.8382669 -0.4186649 0.3493257 -0.8063989 -0.3880993 0.4462059 -0.7612336 -0.4657601 0.4512107 -0.7135102 -0.4169749 0.5630589 -0.7917524 -0.283892 0.5408636 -0.8272602 -0.190617 0.528494 -0.8740919 -0.2380011 0.4234609 -0.901078 -0.1375794 0.4112548 -0.9358994 -0.1695612 0.3087742 -0.9517491 -0.07162785 0.2984013 -0.9411787 -0.1092805 0.3197507 -0.7935661 -0.1293979 0.5945663 -0.7247817 -0.2545613 0.6402266 -0.7669693 -0.1544797 0.6228114 -0.8242123 -0.212372 0.5249497 -0.8539235 -0.1091595 0.508821 -0.8998326 -0.1556634 0.4075172 -0.7291893 -0.1229732 0.6731721 -0.7348095 -0.07040822 0.6746094 -0.6943024 -0.1788458 0.6971071 -0.7337361 -0.02641135 0.6789211 -0.7476698 -0.06284326 0.6610906 -0.7769321 -0.0180794 0.6293249 -0.812942 -0.05474555 0.5797657 -0.8031743 -0.07345348 0.5911985 -0.8380461 -0.03176003 0.5446742 -0.6566555 -0.2330661 0.7172753 -0.7022724 -0.1342095 0.6991432 -0.7610529 -0.1930337 0.6193033 -0.7971573 -0.08356338 0.5979611 -0.8521657 -0.1384623 0.5046206 -0.8728316 -0.0358718 0.4867014 -0.9176061 -0.05513685 0.3936483 -0.9078124 -0.08504796 0.4106622 -0.9335256 -0.05499053 0.3542686 -0.3887533 -0.2209346 0.8944602 -0.4235383 -0.190984 0.8855171 -0.4742016 -0.2418606 0.8465437 -0.2383807 -0.08328992 0.9675937 -0.5741779 -0.3355463 0.7468121 -0.5241631 -0.2852575 0.8024222 -0.529114 -0.2726874 0.8035421 -0.4899356 -0.2333494 0.8399471 -0.5368186 -0.1546422 0.8294044 -0.5368075 -0.1550819 0.8293296 -0.5915957 -0.09934455 0.8000907 -0.59997 -0.05074399 0.7984116 -0.5750898 -0.1092435 0.8107637 -0.6119416 -0.04576367 0.7895779 -0.5924772 -0.07420378 0.8021625 -0.6369707 -0.02969789 0.7703159 -0.4239742 -0.1901518 0.8854876 -0.4491485 -0.1512467 0.8805623 -0.4897921 -0.1079128 0.865135 -0.4855309 -0.122817 0.8655494 -0.5274286 -0.03568387 0.8488498 -0.5212986 -0.06412297 0.8509618 -0.5662142 -5.23117e-4 0.824258 -0.1245882 -0.01222079 0.9921333 -0.1637227 -0.02790057 0.9861118 -0.1785976 -0.04620218 0.9828369 -0.2198174 -0.01669061 0.9753983 -0.2580497 -0.05465102 0.9645848 -0.2844125 -0.04021388 0.9578583 -0.2144628 -0.01512455 0.9766151 -0.2723035 -0.02694576 0.9618341 -0.3362995 -0.02342063 0.9414639 -0.3459219 -0.03278636 0.9376904 -0.2889263 -0.1339263 0.9479374 -0.3072071 -0.1075488 0.945546 -0.330332 -0.08261442 0.9402424 -0.3293192 -0.08413273 0.940463 -0.3556628 -0.0523656 0.9331462 -0.3570839 -0.04963743 0.9327525 -0.3985273 -0.0117042 0.9170818 0.08341723 -0.173637 0.9812706 -0.07913541 -0.05786991 0.9951828 -0.150574 -0.1296079 0.980066 -0.1350867 -0.07860118 0.9877112 0.09374302 -0.1097382 0.9895301 -0.05247449 0.01386839 0.998526 -0.1014969 -0.03531205 0.9942089 -0.1012502 -0.03580611 0.9942165 -0.1507937 -0.08516156 0.9848903 -0.09152781 -0.1977366 0.9759728 -0.2167012 -0.1062492 0.970439 -0.2904851 -0.1803017 0.9397392 -0.2132868 -0.2764035 0.9370752 -0.3705909 -0.1370961 0.9186224 -0.376288 -0.1282148 0.9175884 -0.4008604 -0.1027789 0.9103557 -0.4025806 -0.09957706 0.9099524 -0.430361 -0.06729686 0.9001447 -0.4383765 -0.05179172 0.8972981 -0.4502872 -0.04130369 0.891928 -0.01574313 -0.6496995 0.7600283 -0.06058007 -0.6065346 0.7927458 -0.05781006 -0.6077768 0.7920009 -0.1096447 -0.5750811 0.8107156 -0.09087657 -0.583279 0.8071722 -0.03555274 -0.5272085 0.8489919 -0.06662946 -0.3786638 0.9231328 0.02699041 -0.3973317 0.9172781 -0.07257747 -0.4442844 0.8929412 -0.04263883 -0.4430067 0.8955038 -0.03429263 -0.4949127 0.8682658 -0.06154072 -0.5219303 0.8507652 -0.008311748 -0.5584986 0.829464 -0.0320394 -0.6044132 0.7960265 -0.3442984 -0.3873276 0.8552404 -0.3217608 -0.399899 0.8582254 -0.2680567 -0.3464307 0.8989614 -0.02339726 -0.336497 0.9413939 -0.02826786 -0.2508513 0.9676129 -0.1041816 -0.3266176 0.9393972 -0.06206816 -0.3376575 0.9392204 -0.1244887 -0.3994876 0.9082468 -0.07811999 -0.4087247 0.9093082 -0.1438748 -0.4745241 0.8684048 -0.09909558 -0.4807084 0.8712632 -0.1549341 -0.5367131 0.8294182 -0.03547793 -0.2710483 0.9619117 -0.09655457 -0.229304 0.968554 -0.1473034 -0.2797939 0.9486923 -0.1227915 -0.2884085 0.9496014 -0.1774453 -0.3428489 0.9224792 -0.1499221 -0.3510419 0.9242797 -0.2098193 -0.4107075 0.8872966 0.03054344 -0.2317519 0.9722954 -0.08517712 -0.1508234 0.9848845 -0.197705 -0.09147053 0.9759846 -0.1173032 -0.1609861 0.979961 -0.1896852 -0.2334316 0.9536924 -0.2669519 -0.1977971 0.943193 -0.2233731 -0.2909861 0.9302858 -0.2760189 -0.3436167 0.8976309 -0.1844829 -0.4168654 0.8900502 -0.2483134 -0.4803683 0.8411818 -0.1549369 -0.5369103 0.8292901 -0.05776619 -0.994868 0.08307057 -0.05284196 -0.9868369 0.1528426 -0.08063983 -0.9768958 0.1979194 -0.09650725 -0.9771372 0.189445 -0.06501251 -0.9729288 0.2217727 -0.0631743 -0.9428123 0.3272829 -0.05468636 -0.9335125 0.35435 -0.1883367 -0.9776442 0.09349495 -0.2277696 -0.9685909 0.09976446 -0.231475 -0.967737 0.09952157 -0.3206418 -0.941437 0.1043325 -0.3006949 -0.9475103 0.1086602 -0.2592184 -0.938151 0.2295185 -0.217898 -0.9514619 0.2173494 -0.1485835 -0.9659981 0.2115912 -0.1581833 -0.983269 0.09033352 -0.04783862 -0.9950354 0.0872699 -0.3463154 -0.9059927 0.2433986 -0.3088834 -0.92227 0.2323987 -0.2635786 -0.9370853 0.2289053 -0.2749963 -0.9559021 0.1030939 -0.2654802 -0.958863 0.1005094 -0.04986208 -0.8698309 0.4908238 -0.02228641 -0.8196681 0.5724053 -0.1296871 -0.7935543 0.594519 -0.1069378 -0.7629348 0.6375696 -0.4083408 -0.9057846 0.1131911 -0.3969807 -0.9111505 0.1105047 -0.3661509 -0.924063 0.1097325 -0.4660698 -0.8765063 0.1204814 -0.4421159 -0.8897623 0.1133881 -0.4186899 -0.9010879 0.1128696 -0.4891933 -0.8689085 0.07541847 -0.4911655 -0.8678703 0.07455044 -0.505312 -0.8597504 0.07408833 -0.5325579 -0.8429657 0.07609868 -0.5315997 -0.8435431 0.07640027 -0.4281088 -0.8669513 0.255183 -0.3940362 -0.8857847 0.2451957 -0.3517599 -0.9041101 0.2425899 -0.3651156 -0.9244709 0.1097468 -0.332545 -0.9371861 0.1053386 -0.5918183 -0.8012014 0.08847308 -0.5754567 -0.8141233 0.07780128 -0.5520283 -0.8302698 0.07692205 -0.7163567 -0.6932895 0.07863152 -0.6889527 -0.7205265 0.07865035 -0.6677727 -0.7389324 0.08977007 -0.6396822 -0.7654767 0.06965762 -0.5989431 -0.7962659 0.08501791 -0.4846233 -0.8603649 0.1578373 -0.5298169 -0.8330272 0.1592479 -0.5261018 -0.8350613 0.1609028 -0.5880141 -0.7924016 0.1622934 -0.5854786 -0.793839 0.1644218 -0.6618376 -0.7311409 0.1655417 -0.6609001 -0.7318278 0.1662508 -0.8242643 -0.5609379 0.07705259 -0.801413 -0.5922323 0.08365601 -0.7940956 -0.5857252 0.1622908 -0.7920092 -0.5879519 0.1644203 -0.7745574 -0.5730398 0.2677434 -0.7123676 -0.6480189 0.2694512 -0.6887598 -0.6249141 0.3675491 -0.6250973 -0.688636 0.3674696 -0.6262546 -0.6878063 0.3670528 -0.5565401 -0.7461372 0.3654345 -0.5612726 -0.7435325 0.3635005 -0.4846914 -0.7969886 0.3603937 -0.492345 -0.7934967 0.3577141 -0.4078189 -0.8421669 0.3527588 -0.4188287 -0.8382217 0.3492378 -0.3267521 -0.8808547 0.3425319 -0.3406696 -0.8771783 0.3383821 -0.2403723 -0.913009 0.3295993 -0.2579665 -0.9098966 0.3248718 -0.1498213 -0.9375135 0.3140416 -0.169618 -0.9358434 0.3089126 -0.05216366 -0.9537717 0.2959703 -0.1053513 -0.9538317 0.2812581 -0.7646803 -0.6406292 0.06970268 -0.7387707 -0.6679875 0.08950215 -0.731754 -0.6611555 0.1655582 -0.7309086 -0.6618864 0.16637 -0.7138045 -0.6460747 0.2703161 -0.6457923 -0.7140288 0.2703984 -0.6482973 -0.712194 0.2692407 -0.5730322 -0.7746015 0.2676314 -0.5791164 -0.7710217 0.2648581 -0.5160517 -0.8152449 0.2628051 -0.5054411 -0.8212957 0.2645801 -0.4768341 -0.8407625 0.2564135 -0.4355226 -0.8635875 0.2540408 -0.4476194 -0.8807241 0.1547969 -0.300908 -0.9505826 0.07646787 -0.4683914 -0.8803983 0.07421958 -0.09735238 -0.8193895 0.5649101 0.03843325 -0.7719271 0.6345483 -0.07849836 -0.7431718 0.6644802 -0.1133865 -0.7200249 0.6846224 -0.1409953 -0.7097997 0.6901484 -0.1709929 -0.6863269 0.7069065 -0.2017143 -0.6721218 0.7124351 -0.2260532 -0.6502121 0.7253443 -0.2606629 -0.6307972 0.7308555 -0.2793397 -0.611447 0.7403391 -0.3188793 -0.5857165 0.7451525 -0.6631669 -0.4880247 0.567487 -0.6646906 -0.4850394 0.5682634 -0.6092831 -0.5506092 0.5706169 -0.6099682 -0.5495671 0.5708897 -0.5503653 -0.6091954 0.5709459 -0.5496135 -0.6102277 0.5705676 -0.4874274 -0.6627578 0.5684776 -0.4855872 -0.6649249 0.5675209 -0.4213183 -0.7105936 0.5635138 -0.4175764 -0.7144622 0.5614035 -0.3526801 -0.7527136 0.5559129 -0.3458899 -0.758549 0.5522351 -0.2814694 -0.7897462 0.5450469 -0.2717588 -0.7968762 0.5395697 -0.2087439 -0.821174 0.5311301 -0.1937025 -0.8304391 0.5223507 -0.1091482 -0.8538202 0.5089969 -0.3317169 -0.5705948 0.7512559 -0.3855448 -0.5291697 0.7558669 -0.3735293 -0.5346714 0.7580254 -0.4340227 -0.4826411 0.7607116 -0.4302205 -0.4844981 0.7616903 -0.4844755 -0.4299129 0.7618782 -0.04385918 -0.8963181 0.4412375 -0.05348038 -0.8699327 0.4902622 -0.1386157 -0.8522094 0.5045045 -0.08336496 -0.7971712 0.5979703 -0.1602224 -0.7729499 0.6139034 -0.1861612 -0.7547922 0.6289935 -0.2281502 -0.7368696 0.6363731 -0.2491081 -0.7196387 0.6481245 -0.2948639 -0.6957167 0.6550065 -0.3104832 -0.6807096 0.6635019 -0.3600493 -0.6498262 0.6693956 -0.3707832 -0.6378275 0.6750526 -0.4234236 -0.599241 0.6794283 -0.4296361 -0.5910744 0.6826742 -0.4847052 -0.5438444 0.6850505 -0.4865592 -0.5408874 0.6860765 -0.5430737 -0.4844177 0.6858649 -0.5414525 -0.4872468 0.6851422 -0.5974079 -0.4217925 0.6820519 -0.8810093 -0.467607 0.07187855 -0.8552518 -0.5115533 0.08281195 -0.8482424 -0.5059554 0.1565058 -0.8454516 -0.5093834 0.1604377 -0.8278879 -0.4961006 0.2616984 -0.7707107 -0.5794807 0.2649663 -0.7459065 -0.556912 0.365339 -0.6877567 -0.6263352 0.3670083 -0.6582649 -0.5975477 0.4578473 -0.5973477 -0.6583105 0.4580428 -0.5977686 -0.6581512 0.4577223 -0.5321193 -0.7132538 0.4561997 -0.5334483 -0.7128277 0.4553127 -0.462491 -0.7625604 0.4523316 -0.4657601 -0.76122 0.4512335 -0.3881744 -0.8064665 0.4460184 -0.3932861 -0.8046377 0.4448418 -0.3094956 -0.8441094 0.4378263 -0.3181607 -0.8420118 0.435649 -0.2261455 -0.8759287 0.4261541 -0.2384347 -0.8739699 0.4234687 -0.13758 -0.9011213 0.4111598 -0.1554182 -0.8999084 0.4074434 -0.0776993 -0.9145117 0.397028 -0.06131029 -0.9131732 0.402934 -0.6865827 -0.02219206 0.7267131 -0.6863343 -0.04125654 0.7261152 -0.6619392 -0.1131942 0.7409613 -0.6689801 -0.0614652 0.7407346 -0.6280247 -0.1637189 0.7607766 -0.6365759 -0.1207233 0.7617067 -0.5927259 -0.2110229 0.7772679 -0.6016585 -0.1774592 0.778791 -0.5685611 -0.2364919 0.7879149 -0.6167994 -0.2847359 0.7338148 -0.6258997 -0.2559374 0.7367128 -0.6847825 -0.3145371 0.6573731 -0.02725303 -0.1622196 0.9863783 -0.01033788 -0.1195728 0.9927716 -0.0357477 -0.1011672 0.9942271 -0.05796509 -0.07920569 0.9951716 -0.127716 -0.1487296 0.9805958 -0.1600322 -0.1163667 0.9802289 -0.2542573 -0.2107502 0.943895 -0.2678719 -0.2003805 0.9423866 -0.3411671 -0.2734012 0.8993648 -0.3484567 -0.2702611 0.8975171 -0.4045109 -0.3263702 0.8543146 -0.4100794 -0.324067 0.8525347 -0.4493518 -0.3634116 0.8160974 -0.4832016 -0.3393999 0.8070465 -0.5294601 -0.3852865 0.7557952 -0.5821292 -0.3155996 0.749348 -0.6406291 -0.3742003 0.6704988 -0.6919121 -0.2912534 0.6606279 -0.754157 -0.354058 0.5530735 -0.7949969 -0.2694953 0.5434632 -0.8421208 -0.3178511 0.4356644 -0.8759147 -0.2261509 0.42618 -0.9099985 -0.2577629 0.3247475 -0.937447 -0.1501832 0.3140673 -0.9640663 -0.1695697 0.204505 -0.9762268 -0.08704006 0.198508 -0.9838863 -0.05255132 0.1708983 -0.02720236 -0.7259364 0.6872238 -0.04532796 -0.6850399 0.7270941 -0.06981492 -0.6771543 0.7325217 -0.1037703 -0.6530358 0.750184 -0.1275509 -0.6433227 0.7548953 -0.1555819 -0.6203936 0.7687042 -0.1828111 -0.6073349 0.7731265 -0.2049791 -0.5865852 0.7835186 -0.2361446 -0.5684599 0.7880921 -0.2726817 -0.5291495 0.8035207 -0.2854676 -0.5236473 0.8026842 -0.3474177 -0.476841 0.8074179 -0.3375942 -0.4810272 0.8091002 -0.3912943 -0.4343848 0.8112944 -0.3879508 -0.4359702 0.8120494 -0.4359751 -0.3878852 0.8120781 -0.4820711 -0.4346427 0.7607189 -0.5349798 -0.3734192 0.757862 -0.5928823 -0.4313543 0.6800178 -0.6471731 -0.3570734 0.673547 -0.711535 -0.4220598 0.5617682 -0.7570923 -0.3447036 0.5549691 -0.8046148 -0.3934484 0.4447398 -0.8440316 -0.3099942 0.4376236 -0.8771327 -0.3407679 0.3384017 -0.9130169 -0.2403495 0.3295944 -0.9399775 -0.2606407 0.2202472 -0.9659801 -0.1484512 0.2117664 -0.9797759 -0.1551173 0.126404 -0.9889507 -0.118738 0.08875679 -0.9865812 -0.1534754 0.05570584 -0.9933651 0 0.1150035 -0.9933668 0 0.1149889 -0.08549571 0 0.9963386 -0.08525729 0 0.9963591 -0.2538896 0 0.9672333 -0.4150893 0 0.9097807 -0.4150894 0 0.9097807 -0.5643427 0 0.8255407 -0.5641791 0 0.8256525 -0.6963585 0 0.7176942 -0.6964823 0 0.717574 -0.8086516 0 0.5882879 -0.8085685 0 0.5884022 -0.896639 0 0.4427626 -0.896639 0 0.4427626 -0.9592825 0 0.2824485 -0.9593017 0 0.2823835 -0.993365 0 0.1150045 -0.9933654 0 0.1150019 -0.9933634 0 0.1150181 -0.993366 0 0.1149964 -0.993365 0 0.1150044 -0.9933689 0 0.1149702 -0.9933663 0 0.1149932 -0.9933649 0 0.1150056 -0.9933648 0 0.1150058 -0.9933685 0 0.1149745 -0.08545064 0 0.9963425 -0.08545064 0 0.9963425 -0.2538543 0 0.9672425 -0.2536957 0 0.9672842 -0.4151341 0 0.9097604 -0.5642579 0 0.8255985 -0.5642579 0 0.8255986 -0.6964125 0 0.7176418 -0.6964998 0 0.7175571 -0.8085657 0 0.5884059 -0.8086245 0 0.5883252 -0.8966203 0 0.4428004 -0.9593015 0 0.2823841 -0.9593015 0 0.282384 -0.993363 0 0.1150223 -0.9933615 0 0.115035 -0.9933651 0 0.1150041 -0.993364 0 0.1150135 -0.9933646 0 0.1150081 -0.9933633 0 0.1150186 -0.9933599 0 0.1150489 -0.9933679 0 0.1149799 -0.08545064 0 0.9963425 -0.2538543 0 0.9672425 -0.2536957 0 0.9672842 -0.4151341 0 0.9097603 -0.564258 0 0.8255986 -0.6964998 0 0.717557 -0.8085658 0 0.5884059 -0.8086245 0 0.5883253 -0.9593015 0 0.2823842 -0.993363 0 0.1150223 -0.9933646 0 0.1150074 -0.9933652 0 0.1150034 -0.9933648 0 0.1150069 -0.9933641 0 0.1150128 -0.9933649 0 0.1150056 -0.08545112 0 0.9963424 -0.08545118 0 0.9963424 -0.2538558 0 0.9672422 -0.253697 0 0.9672837 -0.415136 0 0.9097594 -0.5642602 0 0.825597 -0.5642601 0 0.8255971 -0.6964145 0 0.7176399 -0.6965019 0 0.717555 -0.8085674 0 0.5884037 -0.8086261 0 0.588323 -0.8965881 0 0.4428656 -0.8966545 0 0.442731 -0.9593019 0 0.2823826 -0.9592884 0 0.2824286 -0.9933652 0 0.1150022 -0.9933668 0 0.1149892 -0.03103911 -0.9928888 0.1149287 -0.03099149 -0.9928459 0.1153108 -0.02990531 -0.9586448 0.2830298 -0.02791863 -0.8965907 0.4419794 -0.0252031 -0.8084315 0.5880505 -0.02172702 -0.6963564 0.7173672 -0.01768618 -0.564139 0.8254904 -0.01289296 -0.4151 0.9096845 -0.007920503 -0.2538167 0.96722 -0.002641618 -0.08538573 0.9963445 -0.1580725 -0.9869286 0.03138804 -0.1409928 -0.9884119 -0.0562396 -0.1033418 -0.9906929 0.08859044 -0.06951081 -0.9908907 0.1153434 -0.3418144 -0.9367561 0.07517266 -0.3139746 -0.9475594 -0.05959212 -0.2753989 -0.9543594 0.1155582 -0.2273238 -0.9669311 0.1156213 -0.2274754 -0.9668895 0.1156708 -0.201299 -0.9726553 0.1158472 -0.4592068 -0.887439 -0.03976631 -0.4602449 -0.8871533 -0.03367102 -0.4057251 -0.9066774 0.1154267 -0.3762128 -0.9192686 0.1157988 -0.5065361 -0.854443 0.1155355 -0.5347498 -0.8370631 0.1156208 -0.5353676 -0.8367519 0.1150126 -0.6062394 -0.7869488 0.1148288 -0.7053489 -0.6981456 -0.1227833 -0.7242839 -0.6799197 0.1145523 -0.6060869 -0.7870802 0.1147321 -0.760392 -0.6391667 0.1151955 -0.781895 -0.6126885 0.1151226 -0.782372 -0.6120656 0.1151945 -0.8328527 -0.5414674 0.1147587 -0.8270726 -0.5598905 -0.04973548 -0.8640926 -0.4898679 0.1156433 -0.8795052 -0.461601 0.1157377 -0.903087 -0.4261273 0.05338174 -0.9127386 -0.403343 -0.06498211 -0.9245252 -0.3745586 0.07042151 -0.9339187 -0.3384206 0.1151853 -0.9407241 -0.3190151 0.1151849 -0.940702 -0.3192321 0.1147643 -0.9471793 -0.2994642 0.1147721 -0.9614773 -0.2649621 0.07318812 -0.9698683 -0.2358379 -0.06112235 -0.975718 -0.2070906 0.07132953 -0.9791465 -0.1676465 0.1147472 -0.983516 -0.1397082 0.1147949 -0.9949379 -0.09760636 0.02390724 -0.9947364 -0.07944148 -0.06471931 -0.9969011 -0.04925769 0.06133532 -0.9932778 -0.01338422 0.1149789 -0.02985394 -0.9586588 0.2829877 -0.1354148 -0.9496454 0.2825537 -0.1355616 -0.9497944 0.2819815 -0.2196865 -0.9336679 0.2828465 -0.2192327 -0.9337106 0.2830573 -0.3017237 -0.9105768 0.2825115 -0.301835 -0.9106985 0.282 -0.4415886 -0.8516947 0.2821627 -0.4418298 -0.8517772 0.2815355 -0.5170717 -0.8079426 0.2826053 -0.5167663 -0.8080262 0.2829249 -0.5854774 -0.760066 0.2819859 -0.5852923 -0.7600702 0.2823587 -0.6995245 -0.6565547 0.2821375 -0.6994615 -0.6565757 0.2822446 -0.7550552 -0.5914716 0.2829364 -0.7554411 -0.5910279 0.2828337 -0.8042614 -0.5231884 0.2818466 -0.8045639 -0.5229887 0.2813533 -0.8777475 -0.387794 0.2813807 -0.8775872 -0.3878642 0.281784 -0.9085609 -0.3076085 0.2826556 -0.9082503 -0.308099 0.2831194 -0.9321308 -0.2266995 0.2823821 -0.9322015 -0.2265427 0.2822746 -0.9562579 -0.07646411 0.2823547 -0.9565193 -0.07634371 0.2815003 -0.02792918 -0.8964896 0.4421837 -0.1268218 -0.8885392 0.4409245 -0.1267265 -0.8884394 0.4411531 -0.2049496 -0.8731906 0.442192 -0.2054309 -0.8730034 0.4423384 -0.2822858 -0.8519822 0.4409549 -0.282417 -0.8519672 0.4408996 -0.4131 -0.7967461 0.4410716 -0.4131277 -0.7968089 0.4409323 -0.4831805 -0.7558699 0.4418113 -0.4831657 -0.7558798 0.4418106 -0.5477485 -0.7111001 0.4408043 -0.5474866 -0.7110264 0.4412481 -0.6543247 -0.6142069 0.4411454 -0.6542944 -0.6142455 0.4411365 -0.706205 -0.5529344 0.4421971 -0.7065662 -0.5523714 0.4423236 -0.7524188 -0.4891512 0.4411318 -0.7522099 -0.4893 0.4413229 -0.8207772 -0.3627054 0.4413272 -0.8207666 -0.3627845 0.4412817 -0.8492847 -0.2879892 0.4424678 -0.8496287 -0.2878802 0.441878 -0.8721322 -0.2120498 0.4409312 -0.8718761 -0.2121138 0.4414066 -0.8944641 -0.07134854 0.4414107 -0.8943362 -0.0714423 0.4416547 -0.02522808 -0.8082545 0.5882926 -0.1143354 -0.8013015 0.5872336 -0.1143231 -0.8011928 0.5873844 -0.1851682 -0.7869909 0.5885219 -0.185056 -0.7868754 0.5887116 -0.2545536 -0.7682989 0.5872983 -0.2544575 -0.7678807 0.5878866 -0.3725585 -0.718226 0.5876663 -0.3727416 -0.7186577 0.5870221 -0.4356014 -0.6812516 0.5883432 -0.4358187 -0.6810236 0.5884462 -0.4938666 -0.641175 0.5873589 -0.4938261 -0.6415432 0.5869907 -0.5902743 -0.5540822 0.5870003 -0.5899625 -0.5539062 0.5874795 -0.6368573 -0.4977465 0.5887795 -0.6367431 -0.4979901 0.588697 -0.6784905 -0.4410608 0.5874659 -0.6784846 -0.4412221 0.5873514 -0.7404248 -0.3271426 0.5871532 -0.7403539 -0.3271532 0.5872367 -0.7658445 -0.2596191 0.5882859 -0.7655813 -0.2594692 0.5886944 -0.7863948 -0.1912841 0.5873616 -0.7866985 -0.1912615 0.586962 -0.8070988 -0.06441992 0.5868917 -0.8068581 -0.06452053 0.5872114 -0.02172511 -0.6961478 0.7175698 -0.09851694 -0.6906593 0.7164385 -0.09854024 -0.6905931 0.7164992 -0.1596097 -0.6780574 0.7174698 -0.1594586 -0.6782091 0.71736 -0.2193809 -0.6624236 0.716287 -0.2194942 -0.6621876 0.7164705 -0.3212401 -0.6193496 0.7163874 -0.3212301 -0.6193775 0.7163678 -0.3751954 -0.586847 0.7175228 -0.3750597 -0.5866204 0.717779 -0.4256232 -0.5524828 0.7166643 -0.4254727 -0.5524977 0.7167422 -0.50845 -0.4774234 0.7166209 -0.5088475 -0.4775912 0.7162268 -0.5490089 -0.4291541 0.717228 -0.5481854 -0.4294502 0.7176805 -0.5847907 -0.3801845 0.716575 -0.5850467 -0.3802588 0.7163265 -0.6379705 -0.2820566 0.7165458 -0.6379536 -0.2818728 0.7166331 -0.6592888 -0.2239828 0.7177534 -0.6597619 -0.2232464 0.7175482 -0.6778429 -0.1647847 0.716502 -0.6779294 -0.1648345 0.7164087 -0.6955159 -0.05560886 0.7163557 -0.6954089 -0.05560499 0.7164598 -0.0175473 -0.5637079 0.8257879 -0.07983869 -0.5593447 0.8250815 -0.07980364 -0.5593999 0.8250473 -0.1290236 -0.5489109 0.8258632 -0.1291282 -0.5488953 0.8258571 -0.1776084 -0.5361557 0.8252226 -0.1778071 -0.5366023 0.8248895 -0.2603273 -0.5017057 0.8249371 -0.2600588 -0.5015985 0.825087 -0.3036617 -0.4749839 0.8259418 -0.3034442 -0.475226 0.8258825 -0.3447377 -0.4477158 0.8250494 -0.3451136 -0.4481436 0.8246598 -0.412445 -0.3872651 0.8245697 -0.4122086 -0.3869451 0.8248379 -0.4440628 -0.3477814 0.8257461 -0.4444491 -0.3476507 0.8255931 -0.4742186 -0.3081774 0.8247081 -0.4736956 -0.3079713 0.8250855 -0.5169273 -0.2284483 0.8249834 -0.5169467 -0.2285302 0.8249486 -0.5341809 -0.1809196 0.8257839 -0.5339892 -0.1810028 0.8258896 -0.5490236 -0.1334973 0.8250767 -0.5488743 -0.1334854 0.825178 -0.5632418 -0.04506307 0.8250625 -0.5636668 -0.04499971 0.8247757 -0.01296794 -0.4153022 0.9095911 -0.05877977 -0.4120724 0.9092531 -0.05879849 -0.4121417 0.9092205 -0.09509247 -0.4040929 0.9097617 -0.09482961 -0.4038674 0.9098894 -0.1309293 -0.3950269 0.9092918 -0.1309403 -0.395066 0.9092731 -0.1916633 -0.3694797 0.909258 -0.1916173 -0.3694697 0.9092717 -0.2234954 -0.3499729 0.9097082 -0.2237699 -0.3495177 0.9098156 -0.2540094 -0.32975 0.9092548 -0.253968 -0.3297237 0.9092759 -0.3034088 -0.2849606 0.9092528 -0.3035492 -0.284992 0.9091961 -0.3272168 -0.2558408 0.9096564 -0.3268106 -0.2559678 0.9097667 -0.3489269 -0.2268729 0.9092738 -0.3489141 -0.2268989 0.9092722 -0.3806174 -0.1681909 0.9093087 -0.3806846 -0.1682185 0.9092754 -0.3928828 -0.1331459 0.9098986 -0.3933627 -0.1330729 0.9097018 -0.4046159 -0.09833842 0.909184 -0.4040756 -0.09826236 0.9094325 -0.4146817 -0.03316187 0.9093621 -0.4149267 -0.03309977 0.9092526 -0.007922887 -0.2537274 0.9672434 -0.03591972 -0.2520037 0.9670594 -0.03591334 -0.2519499 0.9670737 -0.058232 -0.2471889 0.967216 -0.05789405 -0.2471708 0.9672409 -0.08003169 -0.2417146 0.9670414 -0.08010751 -0.2416594 0.967049 -0.1171157 -0.2260185 0.9670572 -0.1172956 -0.2259606 0.9670489 -0.1368147 -0.2140118 0.9672026 -0.1365879 -0.2137944 0.9672827 -0.1553575 -0.2016659 0.9670548 -0.1554018 -0.2016148 0.9670583 -0.1854969 -0.1742492 0.967072 -0.185692 -0.1742903 0.9670271 -0.1999019 -0.1564714 0.9672415 -0.1999151 -0.1565768 0.9672216 -0.2133017 -0.1387168 0.9670885 -0.2136287 -0.1387941 0.9670052 -0.2327409 -0.1029655 0.9670728 -0.2331972 -0.1029674 0.9669627 -0.2405401 -0.08150988 0.9672108 -0.2402791 -0.08148425 0.9672778 -0.2471625 -0.06017136 0.967104 -0.2476216 -0.06015849 0.9669874 -0.2537937 -0.02028948 0.9670456 -0.2537719 -0.0202502 0.9670522 -0.002728104 -0.08542871 0.9963406 -0.01209133 -0.08482068 0.9963229 -0.0120818 -0.08485972 0.9963197 -0.01969575 -0.08312213 0.9963448 -0.01955115 -0.08318823 0.9963421 -0.02693605 -0.08128374 0.996327 -0.02694398 -0.08135747 0.9963208 -0.03948193 -0.07610535 0.9963178 -0.03954595 -0.07609695 0.9963159 -0.04587447 -0.07203471 0.9963466 -0.0460906 -0.07199019 0.9963399 -0.05224007 -0.06790447 0.9963233 -0.05228489 -0.06786501 0.9963235 -0.06259495 -0.05865246 0.9963142 -0.0624209 -0.05863875 0.9963259 -0.0673018 -0.05257326 0.9963466 -0.06729668 -0.05263704 0.9963437 -0.07180166 -0.0466814 0.996326 -0.07192003 -0.04670232 0.9963164 -0.07844918 -0.03464102 0.9963161 -0.07826948 -0.03463172 0.9963306 -0.08084279 -0.02742791 0.9963495 -0.08087486 -0.02741521 0.9963473 -0.08316338 -0.020249 0.9963302 -0.08352577 -0.02023845 0.9963001 -0.08547252 -0.006830871 0.9963171 -0.08538347 -0.006824374 0.9963248 -0.9928906 0.03085213 0.1149635 -0.992935 0.03099864 0.1145399 -0.9588642 0.03001683 0.2822741 -0.8963146 0.02761948 0.4425579 -0.8082799 0.02524149 0.5882573 -0.6963335 0.02169215 0.7173905 -0.5641692 0.0177229 0.825469 -0.4150418 0.01289522 0.909711 -0.2537921 0.007922768 0.9672264 -0.08531469 0.002674102 0.9963505 -0.9901005 0.08107221 0.1145786 -0.9918555 0.1249676 0.02461528 -0.9883765 0.1408754 -0.05714982 -0.9803239 0.1769805 0.08742493 -0.9381188 0.3264667 0.1155533 -0.949216 0.3145417 0.00725758 -0.9608261 0.2519096 0.1155637 -0.9669002 0.2274779 0.1155757 -0.9668654 0.2275477 0.1157307 -0.9709247 0.2095437 0.1157444 -0.8791106 0.4755915 0.03125923 -0.8861144 0.4594275 -0.06105464 -0.9023157 0.4164111 0.1114822 -0.9156354 0.3849406 0.1158997 -0.8502278 0.5136265 0.1153285 -0.8366748 0.5354251 0.1153047 -0.8373672 0.5343112 0.1154454 -0.7869766 0.6061553 0.115081 -0.7869231 0.6062889 0.1147435 -0.6799283 0.7242521 0.1147016 -0.6800506 0.7241137 0.114851 -0.611958 0.7824523 0.1152212 -0.6118269 0.7825819 0.1150368 -0.5417237 0.8326903 0.1147283 -0.557472 0.8299769 -0.01906526 -0.4869167 0.8657602 0.1156353 -0.4587697 0.8809998 0.1156278 -0.4190322 0.9075498 0.02766931 -0.4033836 0.9130666 -0.05992484 -0.3617401 0.9265596 0.1031087 -0.3313127 0.9364673 0.1151556 -0.3190591 0.9406983 0.1152739 -0.3190594 0.9406818 0.1154082 -0.2938085 0.9488812 0.1153306 -0.2514642 0.9675121 0.02619415 -0.2359246 0.9701559 -0.05601102 -0.1928912 0.9755691 0.1051574 -0.1597716 0.9803618 0.115603 -0.13315 0.9843444 0.1154877 -0.08501148 0.9960297 -0.02641803 -0.07949411 0.9952219 -0.05669343 -0.03859055 0.9955117 0.08641386 -0.007962584 0.9933093 0.1152098 -0.9586342 0.02944087 0.2831147 -0.949641 0.1355282 0.2825141 -0.9497955 0.1354544 0.2820297 -0.9336339 0.2198343 0.2828441 -0.9336996 0.2195701 0.2828321 -0.9107403 0.3017508 0.281955 -0.9108591 0.3018879 0.2814239 -0.8518705 0.4417345 0.2814024 -0.8518575 0.4414833 0.2818358 -0.8079784 0.517013 0.2826105 -0.808537 0.5160529 0.2827675 -0.7600528 0.5855602 0.2818496 -0.7599609 0.5854728 0.2822786 -0.6567558 0.6992881 0.2822557 -0.6567181 0.6993494 0.2821913 -0.590676 0.7557002 0.2828766 -0.5908961 0.7554126 0.2831851 -0.5229166 0.8042429 0.2824032 -0.5230579 0.8043636 0.2817973 -0.3877978 0.8776023 0.2818281 -0.3877591 0.8774735 0.2822819 -0.3080484 0.9082507 0.2831728 -0.3078439 0.9084102 0.2828835 -0.2267337 0.9321944 0.2821446 -0.2267366 0.9323061 0.2817732 -0.07641828 0.9564319 0.2817775 -0.07645583 0.9562916 0.2822427 -0.8967468 0.02811807 0.4416497 -0.8886652 0.1268225 0.4406703 -0.8884264 0.1267207 0.4411806 -0.8730638 0.2055599 0.4421592 -0.8730829 0.2053083 0.4422386 -0.8518635 0.2823739 0.441128 -0.8515705 0.282047 0.4419016 -0.7964186 0.4129059 0.441844 -0.7966414 0.4129882 0.4413654 -0.7554697 0.4833709 0.4422873 -0.7556153 0.4832076 0.4422171 -0.7110227 0.5475831 0.4411345 -0.7108603 0.5475545 0.4414315 -0.6143054 0.6541715 0.4412355 -0.6143425 0.6544699 0.4407408 -0.5527178 0.706683 0.4417039 -0.5529297 0.7062379 0.4421504 -0.4892358 0.7524169 0.4410411 -0.4890753 0.7523134 0.4413956 -0.3627678 0.8207204 0.4413814 -0.3626642 0.8208494 0.4412269 -0.2878684 0.8493595 0.4424027 -0.2878351 0.8494199 0.4423084 -0.2119992 0.8719647 0.4412866 -0.2120621 0.8718231 0.4415361 -0.07152181 0.8944177 0.4414768 -0.071478 0.8947139 0.4408831 -0.8081964 0.0253669 0.5883666 -0.8012165 0.1142851 0.5873594 -0.801234 0.1143056 0.5873318 -0.7871122 0.1845015 0.5885692 -0.7868573 0.185435 0.5886166 -0.7682688 0.2544442 0.5873851 -0.7684911 0.2547148 0.5869769 -0.7189062 0.3726454 0.5867787 -0.7189006 0.3727874 0.5866955 -0.6815712 0.4355616 0.5880025 -0.6813541 0.4352653 0.5884732 -0.6412787 0.4939022 0.5872157 -0.6411485 0.494019 0.5872597 -0.5541034 0.5901995 0.5870553 -0.5540909 0.5900042 0.5872635 -0.4982557 0.636839 0.5883684 -0.4984301 0.6363571 0.588742 -0.4411591 0.678334 0.5875726 -0.4412554 0.6788755 0.5868746 -0.3273412 0.7405942 0.5868288 -0.3272402 0.7404288 0.5870939 -0.2595822 0.7658261 0.588326 -0.2597097 0.7658161 0.5882827 -0.1912896 0.7863175 0.5874635 -0.1912302 0.786451 0.5873041 -0.06445157 0.8068093 0.5872859 -0.06444287 0.8067591 0.5873557 -0.6965945 0.02197927 0.7171284 -0.6908957 0.09853905 0.7162075 -0.6907274 0.098513 0.7163734 -0.6781167 0.1597516 0.7173821 -0.6781969 0.1594314 0.7173776 -0.6623356 0.2194873 0.7163358 -0.6620357 0.2192832 0.7166754 -0.6190924 0.3210129 0.7167116 -0.6193777 0.3211508 0.7164031 -0.5869815 0.3747757 0.7176322 -0.5868743 0.3760313 0.7170628 -0.5529754 0.4257435 0.7162127 -0.5527305 0.4256312 0.7164686 -0.4776087 0.508596 0.7163937 -0.4773927 0.5084297 0.7166557 -0.4295296 0.5480461 0.7177394 -0.4290106 0.549436 0.7169868 -0.3804516 0.5851216 0.7161629 -0.3802439 0.584734 0.7165897 -0.2819834 0.6379801 0.716566 -0.2819332 0.6378493 0.7167022 -0.2239285 0.6589985 0.718037 -0.2234457 0.6600051 0.7172624 -0.1648616 0.6778221 0.716504 -0.1648497 0.6780398 0.7163007 -0.05559056 0.6955373 0.7163363 -0.05558788 0.6954466 0.7164246 -0.5634518 0.0175414 0.8259628 -0.5592053 0.07970052 0.8251893 -0.5592492 0.07980507 0.8251494 -0.5489472 0.1291339 0.8258216 -0.5487385 0.1291742 0.8259542 -0.5363584 0.1776857 0.8250742 -0.5364468 0.1777377 0.8250056 -0.5018777 0.2601465 0.8248896 -0.5014986 0.2601577 0.8251166 -0.4750274 0.3039005 0.825829 -0.4750512 0.3036158 0.8259199 -0.4476369 0.3447924 0.8250694 -0.447841 0.3449551 0.8248906 -0.3871161 0.4121804 0.8247719 -0.386927 0.4121488 0.8248763 -0.3475316 0.4444122 0.8256632 -0.3475629 0.4441182 0.8258082 -0.3080145 0.4738684 0.8249702 -0.3080343 0.4737926 0.8250064 -0.2284892 0.5169423 0.8249628 -0.2284975 0.5169447 0.8249589 -0.1811397 0.5340175 0.8258413 -0.1810319 0.5340777 0.8258261 -0.133578 0.5491269 0.8249949 -0.1334848 0.5490255 0.8250776 -0.0450406 0.5632681 0.8250457 -0.045026 0.5636491 0.8247864 -0.4152325 0.01296782 0.909623 -0.4121307 0.05879449 0.9092258 -0.4121561 0.058748 0.9092174 -0.4041036 0.09528464 0.9097369 -0.4040071 0.09500211 0.9098093 -0.3949624 0.1308536 0.9093307 -0.3949881 0.1309142 0.9093107 -0.369567 0.1916155 0.9092325 -0.3694565 0.191545 0.9092923 -0.3496165 0.2233999 0.9098686 -0.3495129 0.2238368 0.9098011 -0.3296747 0.2538846 0.909317 -0.3298633 0.2539916 0.9092187 -0.2849941 0.3035146 0.9092069 -0.2849227 0.3033457 0.9092857 -0.2558116 0.3267841 0.9098202 -0.255693 0.3272135 0.9096992 -0.2268356 0.3489064 0.9092909 -0.2269325 0.3489558 0.9092478 -0.1682498 0.3807075 0.9092602 -0.1682218 0.3806471 0.9092906 -0.1332927 0.3930798 0.909792 -0.1331737 0.3931213 0.9097915 -0.09837824 0.4044722 0.9092437 -0.09833854 0.4044355 0.9092643 -0.03315037 0.41488 0.9092721 -0.0331422 0.4148461 0.9092879 -0.2538758 0.007861077 0.9672049 -0.2519891 0.03594112 0.9670625 -0.2521205 0.035995 0.9670262 -0.2471162 0.0581566 0.9672391 -0.2470555 0.05800431 0.9672638 -0.241714 0.08004462 0.9670404 -0.2418237 0.08013623 0.9670055 -0.2260527 0.1172859 0.9670286 -0.2262495 0.1171594 0.9669979 -0.2138317 0.1368392 0.967239 -0.213953 0.1367579 0.9672236 -0.2015829 0.1553911 0.9670667 -0.2018136 0.1554373 0.9670112 -0.1743424 0.1857196 0.9670124 -0.1744823 0.1857001 0.966991 -0.1563494 0.2001599 0.9672079 -0.1565201 0.1998059 0.9672535 -0.1386775 0.2134014 0.9670721 -0.1388956 0.2134051 0.96704 -0.102868 0.2328447 0.9670583 -0.1030569 0.2329745 0.9670068 -0.08129209 0.2404214 0.9672586 -0.08162242 0.2404715 0.9672184 -0.06011915 0.2473186 0.9670674 -0.06016647 0.2473885 0.9670466 -0.02027153 0.2537836 0.9670486 -0.0202772 0.253775 0.9670507 -0.08551543 0.002664387 0.9963333 -0.08482772 0.0121048 0.9963222 -0.0847401 0.01209479 0.9963297 -0.08305794 0.01952576 0.9963535 -0.08324944 0.01951456 0.9963377 -0.08136034 0.02694863 0.9963204 -0.08114582 0.02693265 0.9963383 -0.0759738 0.0394147 0.9963305 -0.07607305 0.03945529 0.9963214 -0.07195186 0.04608577 0.9963429 -0.07206183 0.04597777 0.9963399 -0.06777971 0.05228024 0.9963296 -0.06777387 0.05225282 0.9963315 -0.05858343 0.06243544 0.9963282 -0.05865585 0.06247252 0.9963216 -0.05261307 0.06725019 0.996348 -0.05262517 0.06727117 0.9963459 -0.04666364 0.07183188 0.9963246 -0.04668688 0.07185721 0.9963217 -0.03459584 0.07839852 0.9963217 -0.03466856 0.07837438 0.996321 -0.02738243 0.08084827 0.9963502 -0.0273717 0.08088439 0.9963476 -0.02028387 0.08327656 0.9963201 -0.0202583 0.08324748 0.996323 -0.006839752 0.08540147 0.9963232 -0.00680828 0.0854364 0.9963204 0 -0.9933827 0.1148511 0 -0.9933425 0.1151984 0 -0.9933996 0.1147047 0 -0.993398 0.1147188 0 -0.9933567 0.1150771 0 -0.08541148 0.9963458 0 -0.08537262 0.9963492 0 -0.2538036 0.9672558 0 -0.4152876 0.9096902 0 -0.415115 0.9097691 0 -0.5642374 0.8256127 0 -0.5642374 0.8256127 0 -0.6963395 0.7177126 0 -0.6965679 0.7174909 0 -0.8085574 0.5884174 0 -0.8085575 0.5884174 0 -0.8968982 0.4422372 0 -0.8968982 0.4422373 0 -0.9591534 0.2828866 0 -0.9590293 0.2833069 0 -0.9933494 0.1151391 0 -0.9933107 0.115473 0 -0.9933584 0.1150618 0 -0.9933586 0.1150605 0 -0.993348 0.1151517 0 -0.9933866 0.1148175 0 -0.9934284 0.1144559 0 -0.9933707 0.1149554 0 -0.9934203 0.1145264 0 -0.9934602 0.1141785 0 -0.9934055 0.1146543 0 -0.9933534 0.1151055 0 -0.9934041 0.1146662 0 -0.08538949 0.9963477 0 -0.08538955 0.9963477 0 -0.253833 0.9672481 0 -0.2538332 0.9672481 0 -0.4150624 0.909793 0 -0.4151902 0.9097347 0 -0.5641859 0.8256478 0 -0.5643439 0.82554 0 -0.6964576 0.7175979 0 -0.6962882 0.7177624 0 -0.8087264 0.588185 0 -0.8085653 0.5884066 0 -0.8969306 0.4421713 0 -0.8969306 0.4421716 0 -0.9590625 0.2831944 0 -0.9591547 0.2828822 0 -0.9933314 0.1152951 0 -0.9933057 0.1155158 0 -0.9933602 0.1150466 0 -0.9933676 0.1149821 0 -0.9933422 0.115202 0 -0.9933409 0.1152135 0 -0.9933433 0.1151915 0 -0.9933128 0.1154549 0 -0.08538979 0.9963476 0 -0.08538913 0.9963477 0 -0.4150632 0.9097927 0 -0.4151891 0.9097352 0 -0.5641863 0.8256475 0 -0.5643434 0.8255402 0 -0.6964578 0.7175977 0 -0.6962884 0.7177622 0 -0.808727 0.5881844 0 -0.8085655 0.5884063 0 -0.8969308 0.442171 0 -0.8969303 0.4421721 0 -0.9590627 0.283194 0 -0.9591546 0.2828827 0 -0.9933701 0.1149607 0 -0.9933535 0.1151044 0 -0.9933664 0.1149919 0 -0.9933735 0.114932 0 -0.9933298 0.1153086 0 -0.9932914 0.115639 0 -0.9933578 0.1150663 0 -0.9933727 0.114938 0 -0.2538307 0.9672487 0 -0.4151869 0.9097362 0 -0.4150588 0.9097946 0 -0.5641809 0.8256512 0 -0.5643425 0.8255408 0 -0.6964564 0.7175991 0 -0.8085637 0.5884088 0 -0.8969287 0.4421753 0 -0.9590629 0.2831933 0 -0.9591541 0.2828841 0 -0.9933949 0.1147467 0 0.9933447 0.11518 0 0.993344 0.115186 0 0.9933454 0.1151729 0 0.9933436 0.1151895 0 0.08543705 0.9963436 0 0.08543705 0.9963436 0 0.2538369 0.967247 0 0.4150772 0.9097862 0 0.4150745 0.9097874 0 0.5642341 0.825615 0 0.564234 0.825615 0 0.6965285 0.7175291 0 0.6965286 0.7175291 0 0.8084554 0.5885576 0 0.8084555 0.5885574 0 0.8970086 0.4420133 0 0.9590953 0.2830837 0 0.9590952 0.2830836 0 0.9933446 0.1151813 0 0.9933391 0.1152289 0 0.08543735 0.9963436 0 0.08543646 0.9963437 0 0.2538384 0.9672467 0 0.2538357 0.9672474 0 0.4150783 0.9097858 0 0.4150742 0.9097875 0 0.5642353 0.825614 0 0.6965266 0.717531 0 0.6965267 0.7175309 0 0.8084592 0.5885522 0 0.8084543 0.5885591 0 0.8970063 0.4420178 0 0.8970105 0.4420093 0 0.9590944 0.283087 0 0.9590944 0.283087 0 0.9933447 0.11518 0 0.9933447 0.11518 0 0.08543729 0.9963436 0 0.08543735 0.9963436 0 0.2538357 0.9672474 0 0.2538383 0.9672467 0 0.4150742 0.9097877 0 0.4150782 0.9097858 0 0.5642303 0.8256175 0 0.5642352 0.8256142 0 0.6965265 0.7175311 0 0.6965319 0.7175259 0 0.8084542 0.5885591 0 0.8970105 0.4420094 0 0.8970063 0.442018 0 0.9590971 0.2830773 0 0.9590942 0.283087 0 0.9933447 0.11518 0 0.9933435 0.1151905 0 0.08543688 0.9963437 0 0.08543682 0.9963437 0 0.2538369 0.9672471 0 0.253837 0.967247 0 0.4150764 0.9097867 0 0.4150761 0.9097867 0 0.564233 0.8256157 0 0.5642332 0.8256155 0 0.6965299 0.7175278 0 0.8084526 0.5885614 0 0.8084577 0.5885543 0 0.8970054 0.4420197 0 0.8970095 0.4420114 0 0.9590967 0.2830786 0 0.9590938 0.2830886 0 0.9933447 0.1151807 0.9928652 -0.0310415 0.1151309 0.9928333 -0.03095185 0.1154303 0.9586769 -0.02988445 0.2829234 0.896632 -0.02796763 0.4418926 0.808203 -0.02529078 0.5883607 0.6964918 -0.02179092 0.7172338 0.5640343 -0.01774823 0.8255608 0.415015 -0.01290893 0.909723 0.2538212 -0.007928788 0.9672186 0.08538252 -0.0026654 0.9963448 0.9900805 -0.07996034 0.1155298 0.9918813 -0.124586 0.02549225 0.9883331 -0.140952 -0.05770897 0.9805325 -0.1764342 0.08618021 0.9382734 -0.3261249 0.1152634 0.9491936 -0.3145657 0.008945107 0.960915 -0.2515134 0.1156864 0.966905 -0.227412 0.1156655 0.9669281 -0.2273135 0.1156663 0.9708679 -0.2098585 0.1156501 0.879431 -0.4751429 0.02899223 0.8861457 -0.4594002 -0.06080627 0.9024553 -0.4158304 0.1125146 0.9147909 -0.3869921 0.115736 0.8504619 -0.5132813 0.1151394 0.8370686 -0.5348665 0.1150398 0.8370831 -0.5347723 0.1153713 0.7870011 -0.6061666 0.1148536 0.7869322 -0.6062028 0.115134 0.6799309 -0.7241783 0.1151518 0.6799836 -0.7241754 0.1148583 0.6120368 -0.7823919 0.115213 0.6120012 -0.7824788 0.1148114 0.5416391 -0.832771 0.1145415 0.5578989 -0.8295949 -0.02282816 0.4869964 -0.8657087 0.1156849 0.4592615 -0.8807733 0.1154006 0.4195015 -0.907277 0.02944624 0.4034416 -0.9130206 -0.06023663 0.3624683 -0.9264055 0.1019301 0.3311918 -0.936435 0.115765 0.3190848 -0.9405916 0.1160714 0.3183094 -0.940976 0.1150802 0.2940232 -0.9488723 0.1148559 0.2521761 -0.9672563 0.02867984 0.2359225 -0.970121 -0.05662137 0.1935397 -0.9756079 0.103594 0.1596986 -0.9803871 0.1154882 0.1335949 -0.9843245 0.1151431 0.08557498 -0.9960247 -0.02473777 0.07949727 -0.9951676 -0.05763483 0.03897804 -0.9955924 0.08530205 0.008590102 -0.9933426 0.1148766 0.9587011 -0.02990728 0.282839 0.949739 -0.1355032 0.2821964 0.9497955 -0.135447 0.2820332 0.933677 -0.2195159 0.2829492 0.933727 -0.2198561 0.2825198 0.9107823 -0.3017163 0.2818561 0.9106793 -0.3017472 0.2821559 0.8516671 -0.4416982 0.2820741 0.8517315 -0.4415283 0.2821457 0.808298 -0.5163187 0.2829654 0.8082661 -0.5163987 0.2829105 0.7600458 -0.5855274 0.2819364 0.7601153 -0.5854289 0.2819536 0.6568197 -0.6994569 0.2816879 0.6567055 -0.6993771 0.2821515 0.5908688 -0.7556043 0.28273 0.5906891 -0.7556782 0.2829079 0.5229896 -0.8043799 0.2818775 0.5231664 -0.8042717 0.2818583 0.387815 -0.8775785 0.2818788 0.3878631 -0.8776456 0.2816038 0.3074145 -0.9086191 0.2826797 0.307872 -0.9084463 0.2827371 0.2267339 -0.9321648 0.2822422 0.226738 -0.9321009 0.2824496 0.07639521 -0.9562119 0.2825289 0.07641398 -0.9564063 0.2818654 0.8967335 -0.02807027 0.4416798 0.8886168 -0.1268143 0.4407705 0.8884949 -0.1267213 0.4410427 0.8730621 -0.2056238 0.4421328 0.8730433 -0.2051939 0.4423698 0.8517959 -0.2822483 0.4413385 0.8518704 -0.2822551 0.4411903 0.7966713 -0.4130968 0.4412097 0.7967661 -0.4131708 0.4409692 0.7557671 -0.4829397 0.4422504 0.7558194 -0.4830108 0.4420831 0.7109827 -0.5476421 0.4411256 0.7110063 -0.5477128 0.4409998 0.6144179 -0.6542096 0.4410223 0.6144264 -0.6543988 0.4407296 0.5524897 -0.7066814 0.4419918 0.5526447 -0.7063212 0.4423735 0.4890749 -0.7522604 0.4414864 0.4892761 -0.7524291 0.4409756 0.3627872 -0.8208451 0.4411337 0.3627201 -0.8208017 0.4412695 0.2878344 -0.8494154 0.4423176 0.2878192 -0.8494927 0.442179 0.2120579 -0.8719345 0.4413182 0.2120937 -0.8719325 0.4413052 0.0714693 -0.8945404 0.4412366 0.07146412 -0.8945323 0.4412538 0.8081123 -0.02524924 0.588487 0.8011704 -0.1142575 0.5874277 0.8011773 -0.114265 0.5874169 0.7868705 -0.185023 0.5887286 0.7869203 -0.1851006 0.5886378 0.7682897 -0.2544803 0.5873421 0.7683723 -0.2546873 0.5871443 0.7187624 -0.3725731 0.5870007 0.7186607 -0.3727246 0.5870291 0.6813426 -0.4353246 0.5884427 0.681384 -0.4356242 0.5881731 0.6413934 -0.4940169 0.5869941 0.6410804 -0.4938266 0.5874957 0.5539383 -0.5900298 0.5873816 0.5541155 -0.590076 0.587168 0.4983044 -0.6368104 0.5883581 0.4983887 -0.6362985 0.5888405 0.4409961 -0.6783205 0.5877106 0.4411478 -0.6786808 0.5871806 0.3273013 -0.7404456 0.5870385 0.3271586 -0.7400609 0.5876029 0.2593345 -0.7656989 0.5886008 0.2593016 -0.7655861 0.5887619 0.1913267 -0.7864187 0.5873157 0.1912757 -0.7865462 0.5871617 0.06448078 -0.8069325 0.5871135 0.06446343 -0.8068777 0.5871906 0.6965479 -0.02185559 0.7171774 0.6906594 -0.09854972 0.7164339 0.6909012 -0.09848457 0.7162097 0.6781461 -0.1595006 0.7174102 0.6781259 -0.159677 0.7173901 0.6623782 -0.2194976 0.7162932 0.6623396 -0.2194182 0.7163533 0.6193313 -0.3212089 0.7164173 0.6193728 -0.3211132 0.7164243 0.5867015 -0.3752545 0.7176109 0.5869095 -0.3751964 0.7174713 0.5527459 -0.4256917 0.7164206 0.5526155 -0.4256428 0.7165504 0.477634 -0.5085773 0.7163903 0.4772153 -0.5082674 0.7168891 0.4293148 -0.5480083 0.7178968 0.4290499 -0.54894 0.7173432 0.3803105 -0.5848994 0.7164194 0.3802887 -0.5848819 0.7164453 0.2819271 -0.638069 0.716509 0.2821353 -0.6382299 0.7162837 0.2233918 -0.6597223 0.7175393 0.2237373 -0.6596884 0.7174628 0.1647797 -0.6776545 0.7166813 0.1648616 -0.6780465 0.7162916 0.05558389 -0.6955241 0.7163496 0.05559897 -0.6954045 0.7164646 0.5634194 -0.01753205 0.825985 0.5592099 -0.07973349 0.825183 0.5591236 -0.07979339 0.8252356 0.5488367 -0.1291854 0.825887 0.5488913 -0.1291594 0.8258548 0.536282 -0.1776784 0.8251256 0.5362491 -0.1776854 0.8251454 0.5017992 -0.2600577 0.8249653 0.5015404 -0.2600606 0.8251217 0.4748568 -0.3036376 0.8260238 0.4751252 -0.3040285 0.8257256 0.4477062 -0.3447214 0.8250614 0.4478822 -0.345018 0.8248419 0.3872166 -0.4122699 0.8246799 0.3871828 -0.4123198 0.8246709 0.3476132 -0.4445978 0.8255288 0.3477539 -0.444422 0.8255643 0.3080742 -0.4738056 0.824984 0.3080431 -0.4738153 0.8249901 0.2284741 -0.5168749 0.8250092 0.2285059 -0.5171139 0.8248506 0.1810668 -0.5339984 0.8258696 0.1810228 -0.5341747 0.8257653 0.1335759 -0.5492682 0.8249012 0.1335228 -0.5489477 0.8251231 0.0450468 -0.5633218 0.8250088 0.045017 -0.5635555 0.8248507 0.4152975 -0.01297187 0.9095932 0.4121387 -0.05879038 0.9092224 0.4119628 -0.05875861 0.9093042 0.4039303 -0.09511607 0.9098315 0.404098 -0.09502971 0.909766 0.3949708 -0.1308925 0.9093214 0.3950116 -0.1309195 0.9092997 0.3696256 -0.1916124 0.9092093 0.3694969 -0.1915513 0.9092746 0.3497208 -0.2237608 0.9097399 0.3496416 -0.2235102 0.9098318 0.3295965 -0.2538735 0.9093484 0.3297708 -0.2540033 0.909249 0.2849785 -0.3034427 0.9092358 0.2849597 -0.303519 0.9092164 0.2559744 -0.3270086 0.9096937 0.2559655 -0.3270224 0.9096912 0.2268588 -0.3489503 0.9092683 0.2268001 -0.3489222 0.9092938 0.1682718 -0.380749 0.9092386 0.1682041 -0.3804698 0.909368 0.1333262 -0.3930689 0.9097918 0.1330683 -0.3932753 0.9097404 0.09834647 -0.4043871 0.909285 0.09837341 -0.4044411 0.9092581 0.0331546 -0.414951 0.9092396 0.03313404 -0.4148995 0.9092637 0.2539143 -0.007917702 0.9671943 0.2518744 -0.03593653 0.9670926 0.2521829 -0.03594684 0.9670118 0.2470711 -0.05811887 0.9672529 0.2470858 -0.05813348 0.9672482 0.241769 -0.08008193 0.9670237 0.2415624 -0.08011299 0.9670727 0.2259745 -0.1172286 0.9670538 0.2263624 -0.1172459 0.966961 0.2138043 -0.1367943 0.9672514 0.2140749 -0.1366917 0.967206 0.2015388 -0.1553601 0.9670809 0.2017796 -0.1553342 0.9670348 0.1742763 -0.1856183 0.9670438 0.1744028 -0.1856104 0.9670225 0.1564407 -0.1999483 0.9672368 0.1564819 -0.1998594 0.9672486 0.1387633 -0.2135079 0.9670363 0.138812 -0.2134271 0.9670471 0.102876 -0.2329189 0.9670395 0.1030441 -0.2328218 0.967045 0.08145004 -0.2404242 0.9672446 0.08136975 -0.2404669 0.9672408 0.06013876 -0.2474132 0.9670419 0.06018269 -0.2473319 0.9670599 0.02026855 -0.2537441 0.9670591 0.02028292 -0.2537761 0.9670504 0.08528202 -0.002660572 0.9963534 0.08478349 -0.01209867 0.996326 0.0847764 -0.01209646 0.9963267 0.08322358 -0.019562 0.9963389 0.08309322 -0.01957565 0.9963496 0.08140373 -0.02695381 0.9963167 0.08134073 -0.02692425 0.9963227 0.07597976 -0.03941768 0.99633 0.07623583 -0.03944081 0.9963095 0.07188951 -0.04598283 0.9963522 0.07181811 -0.045982 0.9963573 0.06783288 -0.05227446 0.9963263 0.06799894 -0.05227595 0.996315 0.05860501 -0.0624876 0.9963237 0.05870747 -0.06241869 0.9963219 0.05259287 -0.06724637 0.9963493 0.05268603 -0.06730991 0.9963402 0.04679781 -0.07185953 0.9963163 0.04663324 -0.07177251 0.9963303 0.03455692 -0.07830917 0.99633 0.03463625 -0.07840746 0.9963196 0.02720403 -0.08094167 0.9963476 0.02746826 -0.08093571 0.9963408 0.02023088 -0.08326965 0.9963217 0.0202645 -0.08326923 0.996321 0.006816983 -0.08543831 0.9963202 0.00682646 -0.08538931 0.9963243 0.7821907 0.6122408 0.1154949 0.03101897 0.9928672 0.1151198 0.03093916 0.9928364 0.1154067 0.02988344 0.9586689 0.2829506 0.02795952 0.8966571 0.441842 0.02526324 0.8081966 0.5883707 0.02176064 0.6963626 0.7173601 0.01778763 0.564144 0.8254848 0.01289248 0.415042 0.909711 0.007921516 0.2538297 0.9672166 0.002643167 0.08543646 0.9963402 0.1636521 0.9853804 0.04736608 0.1409662 0.9882182 -0.05961084 0.112836 0.9917107 0.06146639 0.07454538 0.9905146 0.1154291 0.2030285 0.9723207 0.115638 0.2272847 0.9669393 0.1156295 0.227294 0.9669373 0.1156278 0.2772518 0.9538284 0.1155109 0.3139784 0.9475952 -0.05899995 0.3449929 0.9347274 0.08523309 0.3782479 0.9184564 0.1156134 0.4077921 0.9057295 0.1155843 0.4600846 0.8869496 -0.04053151 0.4603716 0.886913 -0.03799545 0.5060066 0.8548229 0.1150438 0.5352081 0.8368478 0.1150571 0.6011433 0.799031 0.01327478 0.6061751 0.7870237 0.1146546 0.535295 0.8367976 0.115018 0.6573106 0.7447776 0.1151058 0.7036147 0.7012223 0.1149514 0.7279146 0.6834233 -0.05543512 0.7580791 0.6418921 0.1152846 0.7823256 0.6121001 0.1153267 0.8328782 0.5413601 0.115079 0.8235999 0.5614745 -0.08018475 0.8625808 0.4926605 0.1150657 0.8779381 0.4647321 0.1151043 0.9014267 0.4277328 0.06689256 0.9127491 0.4034082 -0.06442934 0.9251406 0.3681432 0.09265804 0.9359066 0.33267 0.1157997 0.9405851 0.3191989 0.1158085 0.9407945 0.3187794 0.1152631 0.9483125 0.2956801 0.1152247 0.9657948 0.2557939 0.04254585 0.9699934 0.2358483 -0.05906349 0.975673 0.1974576 0.09525066 0.9799575 0.1627106 0.1149283 0.9841596 0.1350327 0.1148747 0.9959752 0.08919388 -0.008834421 0.9950092 0.07948577 -0.06032216 0.9959838 0.04194217 0.07910197 0.9933003 0.009421885 0.1151775 0.02988892 0.9586774 0.2829211 0.1354767 0.9497185 0.2822781 0.1355351 0.9497623 0.2821027 0.2194759 0.9336967 0.2829152 0.2198565 0.9337459 0.2824566 0.3018425 0.910806 0.2816444 0.301766 0.9107019 0.2820631 0.4416643 0.8517137 0.2819867 0.4417408 0.8516299 0.2821199 0.5167512 0.8080056 0.2830111 0.5168058 0.8079577 0.2830479 0.5853533 0.7600416 0.2823089 0.5854027 0.7601127 0.2820152 0.6995107 0.6566674 0.2819092 0.6994847 0.6566266 0.2820686 0.7552574 0.5912289 0.2829042 0.7554392 0.5910533 0.282786 0.804234 0.5230689 0.2821469 0.8042364 0.5228555 0.2825349 0.8773868 0.3877711 0.2825352 0.8776199 0.3877724 0.2818082 0.908515 0.3077893 0.2826063 0.9082068 0.3082103 0.2831375 0.9321553 0.2266456 0.2823444 0.9321756 0.2266025 0.2823119 0.9562681 0.07641857 0.2823324 0.9563184 0.07639455 0.2821683 0.02804213 0.8967635 0.441621 0.1267678 0.8886713 0.4406735 0.1267348 0.8884752 0.4410784 0.2056289 0.873056 0.4421427 0.2052463 0.8729746 0.4424811 0.2821787 0.8517808 0.4414122 0.2822975 0.8518818 0.4411413 0.4131394 0.7966839 0.4411469 0.4132207 0.7969745 0.4405456 0.4833427 0.7558417 0.441682 0.4830615 0.7558752 0.4419326 0.547742 0.7110899 0.4408286 0.5476737 0.7112269 0.4406926 0.6545681 0.6143537 0.4405794 0.6542255 0.614319 0.4411363 0.7063074 0.5527763 0.4422311 0.7064958 0.5526964 0.4420298 0.7524778 0.489234 0.4409392 0.7524003 0.4893721 0.440918 0.8210174 0.3627909 0.4408099 0.8208083 0.3627706 0.4412157 0.8492502 0.2882407 0.4423702 0.8497403 0.2877798 0.4417287 0.8721704 0.2120929 0.4408348 0.8718582 0.2120766 0.4414597 0.8944284 0.07148224 0.4414614 0.8946651 0.07144308 0.4409877 0.02526068 0.8081551 0.5884279 0.1143168 0.8011713 0.5874149 0.1142597 0.8011391 0.58747 0.1850464 0.7869299 0.5886418 0.1850708 0.7869382 0.5886231 0.2545522 0.7681722 0.5874647 0.2545948 0.7683254 0.5872458 0.3727844 0.7185296 0.5871516 0.3727105 0.7185756 0.5871424 0.4354236 0.6813258 0.588389 0.4353404 0.6813139 0.5884643 0.4939432 0.6412004 0.5872669 0.4936552 0.6410786 0.5876418 0.5899436 0.5538971 0.5875072 0.5900098 0.5539997 0.587344 0.6368269 0.4981212 0.5884953 0.6365579 0.4982217 0.5887013 0.6784599 0.4410485 0.5875104 0.6785154 0.4411756 0.5873508 0.7403195 0.3271602 0.5872762 0.7401915 0.3271471 0.5874448 0.7656399 0.2593904 0.588653 0.7656984 0.259349 0.5885951 0.7864409 0.1912436 0.5873131 0.7866137 0.1913146 0.5870585 0.8071277 0.06443023 0.5868507 0.8067086 0.06448161 0.5874209 0.02180409 0.6965234 0.7172028 0.09855443 0.690821 0.7162774 0.09849888 0.6906924 0.7164091 0.159433 0.6780805 0.7174873 0.1596255 0.6780899 0.7174356 0.2194211 0.6622766 0.7164105 0.2194204 0.6620083 0.7166588 0.3211236 0.619194 0.7165741 0.3212375 0.6193548 0.7163841 0.3750677 0.5869604 0.7174968 0.3752044 0.5869449 0.717438 0.4257172 0.5527395 0.7164106 0.4256296 0.5525335 0.7166214 0.5086397 0.477382 0.716514 0.508576 0.4775933 0.7164183 0.5486677 0.42929 0.7174078 0.5485508 0.4293318 0.7174721 0.5849467 0.3802873 0.7163931 0.5849896 0.3802756 0.7163643 0.6381709 0.2820231 0.7163804 0.63802 0.2820246 0.7165143 0.6597118 0.2234402 0.7175339 0.6597656 0.2234122 0.7174931 0.6778666 0.1648309 0.7164688 0.6777177 0.1648126 0.716614 0.6953189 0.05556452 0.7165502 0.6954709 0.05555492 0.7164034 0.01747649 0.563535 0.8259073 0.0797401 0.5591698 0.8252094 0.07978111 0.5593137 0.825108 0.1291508 0.5488145 0.8259072 0.129312 0.5488851 0.8258352 0.1776929 0.5364055 0.8250421 0.1777498 0.5364193 0.8250209 0.2603154 0.501652 0.8249735 0.2601236 0.5015066 0.8251225 0.3037014 0.4749476 0.825948 0.3035585 0.4749681 0.8259888 0.3444706 0.4475523 0.8252496 0.3451318 0.4480284 0.8247149 0.4123716 0.3871186 0.824675 0.4122087 0.3871123 0.8247594 0.444411 0.3478127 0.8255454 0.4443867 0.347801 0.8255634 0.474062 0.3081002 0.824827 0.4737809 0.3080301 0.8250146 0.517052 0.2284422 0.824907 0.5167077 0.2285003 0.8251065 0.534115 0.1809113 0.8258283 0.5337026 0.1811096 0.8260515 0.5489797 0.1334725 0.82511 0.549363 0.1335349 0.8248448 0.5635565 0.04503637 0.8248491 0.5636474 0.04503184 0.8247871 0.01296675 0.4152535 0.9096134 0.05882138 0.4121747 0.9092041 0.05873298 0.4120553 0.909264 0.09510374 0.4041343 0.9097421 0.09501719 0.4040335 0.909796 0.1308821 0.394982 0.909318 0.1309447 0.3950695 0.909271 0.191612 0.3695174 0.9092534 0.1916392 0.369507 0.9092519 0.2234891 0.349825 0.9097666 0.22393 0.3498702 0.9096408 0.2540638 0.3298661 0.9091975 0.2539959 0.3297656 0.9092528 0.3035872 0.284942 0.9091991 0.3033869 0.2848349 0.9092995 0.3267925 0.2558888 0.9097955 0.3270201 0.2558714 0.9097185 0.348962 0.2268756 0.9092597 0.3486302 0.226826 0.9093992 0.3806262 0.1682119 0.9093011 0.3808808 0.168251 0.9091873 0.393307 0.1333913 0.9096794 0.3931742 0.133374 0.9097392 0.4044648 0.09833019 0.9092522 0.4043583 0.09832209 0.9093004 0.4148118 0.03314822 0.9093033 0.414853 0.03314816 0.9092845 0.007924497 0.2537939 0.9672259 0.03594315 0.2519845 0.9670636 0.03594374 0.2521606 0.9670177 0.05824202 0.2472377 0.967203 0.0580855 0.247235 0.967213 0.08007615 0.2417598 0.9670264 0.08013802 0.2417435 0.9670253 0.1172221 0.2261108 0.9670227 0.1173673 0.2261102 0.9670053 0.1368384 0.2139192 0.9672197 0.1365898 0.2138512 0.9672699 0.1552264 0.2016028 0.9670891 0.1554501 0.2016984 0.9670332 0.1856275 0.1743113 0.9670357 0.1857232 0.1743112 0.9670174 0.1998882 0.1564894 0.9672413 0.1999824 0.1564859 0.9672225 0.213401 0.1387537 0.9670613 0.2137047 0.1388427 0.9669815 0.2330518 0.1029806 0.9669964 0.232899 0.1029433 0.9670371 0.2405399 0.08154815 0.9672076 0.2405165 0.08154606 0.9672136 0.2473727 0.06015431 0.9670513 0.2474525 0.06014245 0.9670317 0.2536476 0.02027946 0.9670841 0.2539513 0.02027767 0.9670045 0.002664327 0.08542037 0.9963415 0.012093 0.08482962 0.9963222 0.01212155 0.08478164 0.9963259 0.01967298 0.08311563 0.9963458 0.01955521 0.08315157 0.9963451 0.02698099 0.0813359 0.9963216 0.02692121 0.08129703 0.9963263 0.03942477 0.07604229 0.996325 0.03942364 0.07605862 0.9963238 0.0459814 0.07197856 0.9963458 0.04589205 0.07199054 0.996349 0.0522657 0.06788742 0.9963231 0.05228847 0.06787163 0.996323 0.06246662 0.05865615 0.996322 0.06242132 0.05862796 0.9963265 0.06721138 0.05263215 0.9963496 0.06727862 0.05263364 0.996345 0.07188308 0.04667818 0.9963203 0.07171249 0.04670006 0.9963316 0.07835721 0.03464072 0.9963234 0.07824695 0.034626 0.9963326 0.08078312 0.02742195 0.9963545 0.08102047 0.02741503 0.9963354 0.08316707 0.02023643 0.9963302 0.08349466 0.02023708 0.9963027 0.08543449 0.006823837 0.9963204 0.08543568 0.006822943 0.9963204 0.9933456 0 0.1151712 0.9933459 0 0.115169 0.08555513 0 0.9963334 0.08531653 0 0.9963539 0.2538896 0 0.9672333 0.2538896 0 0.9672333 0.4150236 0 0.9098107 0.5641791 0 0.8256525 0.5643427 0 0.8255406 0.6964457 0 0.7176096 0.6965694 0 0.7174896 0.8085273 0 0.5884587 0.808444 0 0.5885731 0.8969376 0 0.4421572 0.8969846 0 0.442062 0.9591127 0 0.2830249 0.9591127 0 0.2830249 0.9933403 0 0.1152183 0.9933467 0 0.1151623 0.9933419 0 0.1152037 0.9933457 0 0.1151711 0.9933456 0 0.1151722 0.993353 0 0.1151085 0.9933336 0 0.1152755 0.9933476 0 0.1151549 0.9933376 0 0.1152415 0.9933449 0 0.1151781 0.08534169 0 0.9963518 0.08551007 0 0.9963373 0.2538545 0 0.9672425 0.4150685 0 0.9097902 0.4150685 0 0.9097901 0.5641427 0 0.8256775 0.5642583 0 0.8255984 0.6964997 0 0.7175571 0.6965873 0 0.717472 0.8084415 0 0.5885767 0.8085004 0 0.5884959 0.896966 0 0.4420995 0.8969992 0 0.4420322 0.9590989 0 0.2830713 0.9591125 0 0.2830254 0.9933408 0 0.1152136 0.9933549 0 0.1150923 0.9933466 0 0.1151633 0.993344 0 0.1151862 0.993348 0 0.1151516 0.9933497 0 0.1151369 0.9933423 0 0.1151996 0.9933447 0 0.1151797 0.08534163 0 0.9963518 0.08551007 0 0.9963374 0.2538545 0 0.9672425 0.4150679 0 0.9097905 0.5641423 0 0.8256776 0.5642579 0 0.8255986 0.6964994 0 0.7175575 0.8084417 0 0.5885764 0.8084998 0 0.5884965 0.8969659 0 0.4420999 0.9590989 0 0.2830716 0.9591124 0 0.2830255 0.9933408 0 0.1152136 0.9933456 0 0.1151719 0.9933437 0 0.1151887 0.9933447 0 0.1151799 0.993346 0 0.1151683 0.9933453 0 0.1151742 0.08534097 0 0.9963518 0.08550941 0 0.9963374 0.2538518 0 0.9672432 0.2538532 0 0.9672428 0.4150645 0 0.9097921 0.4150664 0 0.9097911 0.5642542 0 0.8256012 0.5641411 0 0.8256785 0.6964954 0 0.7175613 0.6965854 0 0.717474 0.8084961 0 0.5885017 0.8084398 0 0.5885789 0.8969645 0 0.4421026 0.8969976 0 0.4420354 0.9591119 0 0.2830274 0.9590976 0 0.2830758 0.9933452 0 0.1151758 0.993346 0 0.1151691 0.006163179 -0.0784623 -0.9968981 0.006166875 -0.07846057 -0.9968982 0.01834279 -0.2333722 -0.9722145 0.0183686 -0.2333814 -0.9722118 0.03010219 -0.3825549 -0.9234423 0.03007787 -0.3824902 -0.9234699 0.04105305 -0.5220029 -0.8519552 0.04109483 -0.5220914 -0.851899 0.05104917 -0.6485542 -0.7594547 0.05103397 -0.6485854 -0.7594291 0.05973052 -0.7591176 -0.6482075 0.05976897 -0.7591004 -0.648224 0.06698167 -0.8506789 -0.521401 0.06694316 -0.8507015 -0.5213691 0.07251816 -0.9214879 -0.3815773 0.07249516 -0.9214698 -0.3816257 0.0762788 -0.9695337 -0.2327788 0.07633572 -0.9695564 -0.2326658 0.07824999 -0.9938672 -0.07813376 0.07819664 -0.9938619 -0.07825559 0.01837021 -0.07652348 -0.9968986 0.01837325 -0.07655256 -0.9968963 0.05465567 -0.2277116 -0.9721935 0.05467462 -0.2276808 -0.9721997 0.08958721 -0.3730593 -0.9234723 0.08955788 -0.3730654 -0.9234726 0.1222537 -0.5093042 -0.8518587 0.1222496 -0.5092473 -0.8518935 0.1518559 -0.6325563 -0.7594817 0.1519701 -0.6326729 -0.7593616 0.1778551 -0.740413 -0.6481946 0.1777411 -0.7402914 -0.6483647 0.1991941 -0.8297463 -0.5213854 0.1993064 -0.8297489 -0.5213385 0.21586 -0.8987354 -0.3816794 0.2157526 -0.8987221 -0.3817718 0.2270594 -0.9456878 -0.2326343 0.2270032 -0.945681 -0.2327166 0.2326653 -0.9694023 -0.07827025 0.2327136 -0.9693961 -0.07820361 0.03011983 -0.07269746 -0.9968991 0.03012734 -0.0727173 -0.9968975 0.08962446 -0.2163429 -0.972195 0.08956873 -0.2162692 -0.9722166 0.146785 -0.3543673 -0.923514 0.146864 -0.3545608 -0.9234271 0.2004483 -0.4837709 -0.8519309 0.2003988 -0.48382 -0.8519148 0.2490032 -0.6011434 -0.7593576 0.2489214 -0.6010222 -0.7594804 0.2912748 -0.7034482 -0.6483207 0.2913683 -0.7033945 -0.6483369 0.3265224 -0.788471 -0.5212453 0.326579 -0.7884231 -0.5212824 0.3536814 -0.8538977 -0.3817964 0.3537106 -0.8538789 -0.3818112 0.3721259 -0.8985448 -0.2326795 0.3721758 -0.8985065 -0.2327478 0.3815373 -0.9210353 -0.07825201 0.3814535 -0.9210735 -0.07821053 0.04113924 -0.06711477 -0.9968968 0.04111617 -0.06709998 -0.9968988 0.1223107 -0.1996267 -0.9722085 0.1223655 -0.1996161 -0.9722037 0.2005407 -0.3271617 -0.923444 0.2004089 -0.3270952 -0.9234961 0.273558 -0.4465166 -0.8519325 0.2736533 -0.4465393 -0.85189 0.3399385 -0.5546834 -0.7594525 0.3399419 -0.5547677 -0.7593895 0.3978228 -0.6492288 -0.6482586 0.3977994 -0.6492002 -0.6483015 0.4458603 -0.7276866 -0.5212302 0.445936 -0.7275978 -0.5212892 0.4829189 -0.7880786 -0.3817351 0.482931 -0.7880377 -0.3818039 0.5081208 -0.8292487 -0.2327228 0.5081406 -0.8292211 -0.2327778 0.520873 -0.8500413 -0.07823866 0.5208936 -0.8500284 -0.07824158 0.051113 -0.05984747 -0.9968981 0.05110472 -0.05983477 -0.9968993 0.1520715 -0.1780418 -0.9722013 0.1520196 -0.1780207 -0.9722133 0.2490891 -0.2917618 -0.9234879 0.2492313 -0.2917829 -0.9234428 0.3401716 -0.3982177 -0.8518838 0.3401318 -0.3982698 -0.8518753 0.4225581 -0.4946941 -0.7594225 0.4225978 -0.4947419 -0.7593693 0.4945138 -0.5788661 -0.6483597 0.4945028 -0.5788694 -0.6483651 0.5542937 -0.6489048 -0.5212304 0.5540757 -0.6489186 -0.5214449 0.6001657 -0.7028903 -0.3817673 0.6003357 -0.7028666 -0.3815438 0.6316484 -0.7394843 -0.232773 0.6315789 -0.739495 -0.2329275 0.6474632 -0.7580708 -0.07823139 0.6474581 -0.758081 -0.07817488 0.05983614 -0.0511108 -0.9968989 0.05983102 -0.0511108 -0.9968993 0.1780085 -0.15205 -0.9722108 0.178079 -0.152076 -0.9721938 0.291827 -0.249143 -0.9234527 0.2917112 -0.2491772 -0.92348 0.3982341 -0.3400704 -0.8519165 0.398187 -0.3401941 -0.8518891 0.4947206 -0.4226298 -0.7593653 0.4947348 -0.4225627 -0.7593935 0.5788999 -0.4944498 -0.6483783 0.5789847 -0.4945569 -0.6482208 0.6488996 -0.5540323 -0.5215148 0.6487879 -0.5541687 -0.5215088 0.7028822 -0.6003006 -0.3815705 0.7029564 -0.6002994 -0.3814353 0.7395291 -0.6315482 -0.2329027 0.739495 -0.6315577 -0.2329852 0.7580835 -0.6474547 -0.07817924 0.7580416 -0.6475042 -0.07817512 0.06708639 -0.04111045 -0.9969 0.0670945 -0.04111868 -0.9968991 0.199655 -0.1223755 -0.9721946 0.1996361 -0.1223507 -0.9722015 0.3270899 -0.2004555 -0.9234879 0.3271951 -0.2004714 -0.9234471 0.4465422 -0.2735532 -0.8519207 0.4464166 -0.2736534 -0.8519544 0.5547626 -0.3399364 -0.7593957 0.554702 -0.3400772 -0.7593768 0.649214 -0.3978432 -0.6482608 0.6491608 -0.3979216 -0.6482659 0.727439 -0.4459121 -0.5215314 0.7276575 -0.445861 -0.5212702 0.7882271 -0.4829444 -0.3813959 0.7880839 -0.4829346 -0.3817043 0.8291163 -0.5082052 -0.23301 0.8292523 -0.5080754 -0.232809 0.8500753 -0.5208265 -0.07817858 0.8500307 -0.5208902 -0.07823854 0.07270658 -0.03010678 -0.9968989 0.07270818 -0.03010374 -0.9968988 0.2163403 -0.08959645 -0.9721983 0.2162661 -0.08955132 -0.9722189 0.3545072 -0.1468783 -0.9234454 0.3545494 -0.1468518 -0.9234336 0.4837488 -0.2003321 -0.8519708 0.4838117 -0.2003548 -0.8519297 0.6011146 -0.2489393 -0.7594015 0.6010338 -0.2488557 -0.7594929 0.7034441 -0.291395 -0.6482712 0.7035079 -0.2913737 -0.6482115 0.7884464 -0.3264988 -0.5212975 0.7883341 -0.3265553 -0.5214318 0.8538691 -0.3538909 -0.3816661 0.853951 -0.3537088 -0.3816515 0.8984462 -0.3722957 -0.2327885 0.8985615 -0.3720922 -0.2326686 0.9210693 -0.3814595 -0.07823038 0.9210141 -0.381589 -0.07824897 0.07651549 -0.01837974 -0.996899 0.07653212 -0.01837682 -0.9968978 0.2276206 -0.05464565 -0.9722154 0.227668 -0.05466824 -0.9722031 0.373171 -0.08955734 -0.92343 0.3730271 -0.08959978 -0.923484 0.509171 -0.1222375 -0.8519408 0.5092856 -0.122309 -0.851862 0.6325587 -0.1518692 -0.7594771 0.6325442 -0.1519523 -0.7594724 0.7404369 -0.177702 -0.6482093 0.7404127 -0.177725 -0.6482307 0.8297217 -0.1991469 -0.5214427 0.8298602 -0.1991528 -0.5212202 0.8988202 -0.2155733 -0.3816417 0.8987243 -0.2157536 -0.3817656 0.9457004 -0.2269625 -0.2326779 0.9456682 -0.2270094 -0.2327623 0.9694011 -0.2326865 -0.07822179 0.9694012 -0.2326835 -0.07822775 0.07846474 -0.006162047 -0.9968979 0.07845336 -0.006189763 -0.9968986 0.2334082 -0.0183711 -0.9722053 0.2334269 -0.01839101 -0.9722004 0.3824545 -0.03016233 -0.923482 0.3825442 -0.03003597 -0.9234488 0.52214 -0.04100406 -0.8518735 0.5220046 -0.0411629 -0.8519489 0.6485207 -0.05093222 -0.7594912 0.6485767 -0.0511229 -0.7594307 0.7591096 -0.05983281 -0.6482073 0.7590633 -0.05980145 -0.6482644 0.850774 -0.06705802 -0.5212361 0.8507024 -0.06706798 -0.5213515 0.9214038 -0.07258194 -0.3817682 0.9215021 -0.07263731 -0.3815205 0.9695289 -0.07640224 -0.2327586 0.9694691 -0.076321 -0.2330338 0.993866 -0.07817941 -0.07821995 0.9938518 -0.07844698 -0.07813358 0 -0.9969239 -0.07837605 0 -0.9969242 -0.07837247 0 -0.9723657 -0.2334634 0 -0.9723665 -0.23346 0 -0.923915 -0.3825979 0 -0.9239137 -0.382601 0 -0.8526161 -0.5225379 0 -0.8526145 -0.5225405 0 -0.7604406 -0.6494076 0 -0.6494106 -0.7604382 0 -0.5224836 -0.8526493 0 -0.3826957 -0.9238744 0 -0.3826931 -0.9238755 0 -0.2334197 -0.9723762 0 -0.2334197 -0.9723762 0 -0.07846045 -0.9969173 0 -0.07845985 -0.9969174 0.996924 0 -0.07837539 0.996924 0 -0.07837527 0.972305 0 -0.2337156 0.972305 0 -0.2337157 0.9239427 0 -0.3825309 0.9239428 0 -0.3825309 0.8526219 0 -0.5225284 0.8526219 0 -0.5225284 0.7604251 0 -0.6494258 0.7604249 0 -0.6494259 0.6494262 0 -0.7604246 0.6494262 0 -0.7604247 0.5224484 0 -0.8526709 0.5224485 0 -0.8526709 0.3827171 0 -0.9238656 0.3827171 0 -0.9238657 0.2334665 0 -0.9723649 0.07845515 0 -0.9969177 -0.07845848 -0.006176948 -0.9968984 -0.07846105 -0.006179153 -0.9968981 -0.2334268 -0.01838409 -0.9722006 -0.2334116 -0.01837152 -0.9722045 -0.3825311 -0.03010696 -0.923452 -0.3824846 -0.03007191 -0.9234725 -0.522037 -0.04104137 -0.8519349 -0.5221029 -0.04109525 -0.8518919 -0.6485641 -0.05104869 -0.7594463 -0.6485656 -0.05104911 -0.7594451 -0.7590827 -0.05974942 -0.6482464 -0.7590962 -0.05976247 -0.6482295 -0.8506935 -0.06697255 -0.5213782 -0.8506823 -0.06695979 -0.5213982 -0.9214867 -0.07253134 -0.3815776 -0.9214676 -0.07250875 -0.3816282 -0.969536 -0.07628804 -0.2327668 -0.9695132 -0.07623708 -0.232878 -0.9938577 -0.07814961 -0.07835537 -0.9938704 -0.07828187 -0.07806193 -0.07653027 -0.01837432 -0.996898 -0.07653081 -0.01837539 -0.9968979 -0.227664 -0.05466336 -0.9722042 -0.2276674 -0.05466675 -0.9722032 -0.3730529 -0.089576 -0.9234759 -0.3730424 -0.08956402 -0.9234814 -0.5092584 -0.1222681 -0.8518841 -0.5092527 -0.122259 -0.8518888 -0.6325982 -0.151872 -0.7594436 -0.6325756 -0.1518516 -0.7594664 -0.7403977 -0.1777322 -0.6482458 -0.7404252 -0.1777676 -0.6482046 -0.8297468 -0.1992124 -0.5213777 -0.8297203 -0.1991724 -0.5214352 -0.8987803 -0.2157501 -0.3816359 -0.8987799 -0.2157486 -0.3816378 -0.9456424 -0.2269964 -0.23288 -0.9456677 -0.2270969 -0.2326796 -0.9693875 -0.2327927 -0.07807332 -0.969391 -0.2327279 -0.07822233 -0.07271528 -0.03012055 -0.9968979 -0.07271468 -0.03012019 -0.9968979 -0.2163107 -0.08960014 -0.9722045 -0.2162963 -0.0895769 -0.9722098 -0.3544498 -0.1467919 -0.9234812 -0.3544968 -0.14686 -0.9234523 -0.4838479 -0.2004496 -0.851887 -0.4837572 -0.2003122 -0.8519707 -0.6010574 -0.2488846 -0.7594646 -0.6011331 -0.2489987 -0.7593673 -0.7034973 -0.2913984 -0.6482119 -0.7034622 -0.291343 -0.6482748 -0.7883572 -0.3265015 -0.5214305 -0.7883828 -0.3265565 -0.5213573 -0.8539489 -0.3537148 -0.3816506 -0.8539525 -0.3537242 -0.3816336 -0.8985234 -0.372187 -0.2326641 -0.89852 -0.3721478 -0.2327398 -0.9210587 -0.3814807 -0.07825314 -0.9210565 -0.3814907 -0.07822906 -0.06710398 -0.04112815 -0.996898 -0.06709849 -0.04111391 -0.9968989 -0.1996172 -0.1223133 -0.9722101 -0.1996361 -0.1223546 -0.9722011 -0.3271616 -0.2005138 -0.9234498 -0.3271287 -0.2004392 -0.9234777 -0.4464395 -0.2735428 -0.8519778 -0.4464994 -0.2736709 -0.8519052 -0.5547502 -0.3400197 -0.7593676 -0.5547292 -0.3399731 -0.7594037 -0.649185 -0.3978629 -0.6482777 -0.6492007 -0.3978947 -0.6482425 -0.7275706 -0.4459295 -0.5213329 -0.7275648 -0.4459031 -0.5213636 -0.78808 -0.4829913 -0.3816406 -0.7880648 -0.482901 -0.381786 -0.8292368 -0.5081272 -0.2327514 -0.8292361 -0.5081383 -0.2327298 -0.8500341 -0.5208851 -0.07823669 -0.8500064 -0.5209549 -0.07807332 -0.05984085 -0.05110222 -0.9968991 -0.05984324 -0.05111396 -0.9968983 -0.1780452 -0.1520755 -0.9722 -0.1780327 -0.1520247 -0.9722103 -0.291747 -0.2491283 -0.9234818 -0.2917788 -0.249235 -0.9234431 -0.3982043 -0.3401453 -0.8519006 -0.3981994 -0.3401312 -0.8519086 -0.4947148 -0.4225736 -0.7594003 -0.4947205 -0.4225923 -0.7593863 -0.5789623 -0.4945529 -0.6482439 -0.5789455 -0.4944759 -0.6483176 -0.6488755 -0.5542016 -0.5213648 -0.6488628 -0.5541032 -0.5214852 -0.7028495 -0.6002047 -0.3817813 -0.7028492 -0.6003186 -0.3816028 -0.7395085 -0.6316347 -0.2327334 -0.7395082 -0.6316455 -0.2327053 -0.7580604 -0.6474934 -0.0780822 -0.7581191 -0.6473928 -0.07834607 -0.05110913 -0.05984586 -0.9968984 -0.05110853 -0.05983603 -0.996899 -0.1520476 -0.1780124 -0.9722105 -0.1520525 -0.1780658 -0.9721999 -0.2491906 -0.2918233 -0.9234411 -0.2491754 -0.2917056 -0.9234822 -0.340142 -0.3981974 -0.8519052 -0.3401426 -0.3982161 -0.8518961 -0.4225804 -0.4947291 -0.7593873 -0.4225763 -0.4946917 -0.7594138 -0.4945175 -0.5789083 -0.6483191 -0.494521 -0.5789914 -0.6482423 -0.5541557 -0.648815 -0.5214889 -0.5541536 -0.6489219 -0.521358 -0.6002566 -0.7029135 -0.3815819 -0.6002789 -0.7027921 -0.3817703 -0.6316338 -0.7395043 -0.2327492 -0.6316356 -0.7394996 -0.2327591 -0.6474786 -0.7580488 -0.07831698 -0.64745 -0.7580825 -0.07822823 -0.04112035 -0.06709319 -0.9968991 -0.04111891 -0.06710696 -0.9968982 -0.1223358 -0.1996546 -0.9721996 -0.1223387 -0.1996049 -0.9722095 -0.2004754 -0.3270918 -0.9234829 -0.2004726 -0.3271871 -0.9234497 -0.2736092 -0.4465548 -0.851896 -0.2736128 -0.4464999 -0.8519237 -0.3399371 -0.5547317 -0.759418 -0.3399398 -0.5546956 -0.7594432 -0.397869 -0.6492208 -0.6482381 -0.3978718 -0.6491721 -0.6482852 -0.4459173 -0.7275616 -0.5213559 -0.4458919 -0.7276973 -0.5211883 -0.4828903 -0.7880775 -0.3817733 -0.4829019 -0.7880417 -0.3818325 -0.50814 -0.8292283 -0.2327538 -0.5081366 -0.8292364 -0.2327322 -0.5208831 -0.8500353 -0.07823646 -0.5208805 -0.8500366 -0.07823967 -0.03012079 -0.07271313 -0.996898 -0.03012001 -0.07271587 -0.9968979 -0.08959007 -0.2162889 -0.9722102 -0.08958321 -0.2163211 -0.9722037 -0.1468155 -0.3545219 -0.9234498 -0.1468313 -0.3544386 -0.9234792 -0.2004228 -0.4838048 -0.8519178 -0.2004137 -0.4838496 -0.8518943 -0.2489584 -0.6010487 -0.7594474 -0.2489358 -0.6011505 -0.7593741 -0.291307 -0.7034722 -0.6482802 -0.2913231 -0.7034153 -0.6483346 -0.3265569 -0.7884911 -0.5211935 -0.3265807 -0.7884231 -0.5212812 -0.3536919 -0.853873 -0.3818417 -0.3536815 -0.8538901 -0.3818131 -0.3721657 -0.8985151 -0.2327303 -0.3721525 -0.8985311 -0.2326897 -0.3814842 -0.92106 -0.07821929 -0.3814898 -0.921056 -0.07823973 -0.01837432 -0.0765323 -0.9968978 -0.01837497 -0.07653051 -0.996898 -0.05466431 -0.2276723 -0.9722023 -0.05466783 -0.2276642 -0.9722039 -0.08957588 -0.3730386 -0.9234817 -0.08956408 -0.373072 -0.9234694 -0.122256 -0.5092446 -0.851894 -0.1222571 -0.5092388 -0.8518974 -0.1518919 -0.6326775 -0.7593735 -0.1519297 -0.6325798 -0.7594473 -0.1778019 -0.7403039 -0.6483337 -0.1777567 -0.7404078 -0.6482275 -0.1992201 -0.8298069 -0.5212792 -0.1992732 -0.829706 -0.5214193 -0.2158405 -0.8986852 -0.3818087 -0.2157579 -0.8987956 -0.3815958 -0.2270124 -0.9456809 -0.2327083 -0.2270056 -0.945687 -0.2326899 -0.2326978 -0.9693994 -0.07820838 -0.2327208 -0.9693897 -0.0782603 -0.006163477 -0.07846385 -0.996898 -0.006166756 -0.07845813 -0.9968984 -0.0183463 -0.2334141 -0.9722044 -0.01836633 -0.2333813 -0.9722119 -0.0301004 -0.3824853 -0.9234712 -0.03008103 -0.3825209 -0.923457 -0.0410571 -0.5220997 -0.8518956 -0.04108941 -0.5220428 -0.8519291 -0.05104732 -0.6485587 -0.759451 -0.0510447 -0.6485647 -0.7594461 -0.05974555 -0.7591124 -0.648212 -0.05976575 -0.7590795 -0.6482487 -0.0669769 -0.8506675 -0.5214203 -0.06694978 -0.8507019 -0.5213674 -0.0725193 -0.9214712 -0.3816173 -0.07250821 -0.9214833 -0.3815905 -0.07629072 -0.9695552 -0.2326855 -0.07633215 -0.9695287 -0.2327823 -0.0782476 -0.9938584 -0.07824784 -0.0781973 -0.9938712 -0.0781368 0.07845389 0.006162405 -0.9968988 0.07846873 0.00619179 -0.9968974 0.2334245 0.01837486 -0.9722013 0.2334112 0.01839232 -0.9722042 0.3825535 0.0300908 -0.9234433 0.3824705 0.03011167 -0.9234769 0.5220017 0.04107648 -0.8519548 0.5221371 0.0411027 -0.8518705 0.6486103 0.05108159 -0.7594047 0.6485142 0.05098384 -0.7594932 0.7590847 0.05976319 -0.6482429 0.7591024 0.05987292 -0.6482121 0.8507158 0.06705909 -0.5213307 0.8507639 0.06707531 -0.5212501 0.9214914 0.07271331 -0.3815319 0.9214067 0.07251024 -0.381775 0.9694729 0.07627832 -0.2330324 0.9695304 0.07645201 -0.2327359 0.993854 0.07842141 -0.07813012 0.9938612 0.0782231 -0.07823759 0.07652324 0.01838064 -0.9968984 0.07651436 0.01837027 -0.9968993 0.2276776 0.05469876 -0.972199 0.2276162 0.05461567 -0.9722181 0.3730396 0.08952862 -0.9234859 0.3731708 0.08963263 -0.9234228 0.5092344 0.122327 -0.85189 0.5091771 0.1222227 -0.8519393 0.6325472 0.1519508 -0.7594702 0.6325654 0.1518933 -0.7594667 0.7404312 0.1777036 -0.6482153 0.7404495 0.177745 -0.6481831 0.8298236 0.1991839 -0.5212666 0.8297429 0.1991456 -0.5214096 0.8987277 0.2156955 -0.3817908 0.8987936 0.2156787 -0.3816447 0.9456878 0.2269878 -0.232704 0.9456799 0.2269781 -0.2327457 0.9693799 0.2327628 -0.07825744 0.9694326 0.2325751 -0.07816237 0.07270598 0.03010821 -0.9968989 0.07269865 0.03010594 -0.9968996 0.2162916 0.0895484 -0.9722135 0.2163257 0.0896129 -0.9721999 0.3545284 0.1468791 -0.9234372 0.3545371 0.1468277 -0.9234421 0.4837671 0.2003138 -0.8519647 0.4837892 0.2003528 -0.851943 0.6009829 0.248894 -0.7595205 0.6010974 0.2489186 -0.7594218 0.7035271 0.291539 -0.6481162 0.7034827 0.2912904 -0.6482763 0.7883411 0.3265081 -0.5214506 0.7884361 0.3265314 -0.5212927 0.8539323 0.3537898 -0.381618 0.8538748 0.3537874 -0.3817492 0.8985086 0.3721942 -0.2327103 0.8984776 0.3722222 -0.2327845 0.9210183 0.381604 -0.07812684 0.9210531 0.3814889 -0.07827937 0.06710118 0.04113006 -0.9968981 0.06709182 0.04110175 -0.9969 0.1996444 0.1223579 -0.972199 0.1996704 0.1223602 -0.9721933 0.3271191 0.2004545 -0.9234777 0.3271329 0.2004507 -0.9234737 0.446492 0.2736225 -0.8519246 0.4464917 0.2736341 -0.8519212 0.5547217 0.3400599 -0.7593703 0.5547457 0.3399675 -0.7593941 0.6491269 0.3978524 -0.6483423 0.6491922 0.3978775 -0.6482616 0.7275683 0.4459911 -0.5212834 0.7275449 0.4457843 -0.5214928 0.7881423 0.4827625 -0.3818014 0.7881647 0.4831069 -0.3813191 0.8292077 0.508147 -0.2328118 0.8291722 0.50813 -0.2329754 0.8500213 0.5208977 -0.07829189 0.8500927 0.5208084 -0.07810962 0.05984199 0.05112129 -0.9968981 0.0598365 0.05110609 -0.9968991 0.178055 0.1520964 -0.972195 0.1780105 0.1520336 -0.972213 0.2917279 0.2491683 -0.9234771 0.2918159 0.2491932 -0.9234426 0.3982262 0.3401442 -0.8518907 0.3982232 0.340085 -0.8519158 0.4947394 0.4224895 -0.7594312 0.4947773 0.4225991 -0.7593454 0.5789809 0.4945072 -0.6482621 0.5789875 0.4944363 -0.6483103 0.6488897 0.5540208 -0.5215393 0.6488739 0.5541703 -0.5214 0.7029223 0.6003239 -0.3814596 0.7029058 0.6001992 -0.3816865 0.7395742 0.6314094 -0.2331357 0.7394837 0.6316766 -0.2326984 0.7580273 0.647535 -0.07805836 0.7580962 0.6474348 -0.0782206 0.05110079 0.05983632 -0.9968994 0.05111229 0.05985319 -0.9968978 0.1520411 0.1779538 -0.9722222 0.1520618 0.1781256 -0.9721875 0.2491767 0.2918871 -0.9234246 0.2491459 0.2916995 -0.9234921 0.3400722 0.3982003 -0.8519316 0.3401227 0.3982564 -0.8518853 0.4224953 0.4947761 -0.759404 0.4225789 0.4947571 -0.7593699 0.494438 0.5788989 -0.6483881 0.4944654 0.5788186 -0.648439 0.5542261 0.6488181 -0.5214102 0.5542277 0.6491112 -0.5210436 0.6001848 0.7029288 -0.3816665 0.60023 0.7028431 -0.3817533 0.6315969 0.7395296 -0.2327688 0.631598 0.7395095 -0.2328301 0.6474698 0.7580701 -0.07818394 0.6474418 0.7581021 -0.07810467 0.04112184 0.06707006 -0.9969006 0.04112911 0.06713259 -0.996896 0.1223424 0.1996784 -0.9721939 0.1223503 0.1995835 -0.9722124 0.2004804 0.3270508 -0.9234964 0.2004499 0.3271677 -0.9234615 0.2735645 0.4465355 -0.8519206 0.27358 0.4463685 -0.8520032 0.3399619 0.5547289 -0.7594089 0.3399972 0.5547402 -0.7593848 0.3977925 0.6491194 -0.6483867 0.3977588 0.6492384 -0.6482882 0.4458861 0.7277821 -0.5210748 0.4459411 0.7275552 -0.5213445 0.4830104 0.7879846 -0.3818132 0.4829168 0.7881327 -0.3816259 0.508168 0.8292065 -0.2327701 0.508086 0.8292484 -0.2328001 0.5208755 0.8500454 -0.07817715 0.5209247 0.8500112 -0.07822185 0.03012079 0.07270568 -0.9968985 0.03012543 0.07271164 -0.9968979 0.08958679 0.2162836 -0.9722118 0.08957523 0.2163018 -0.9722087 0.1468174 0.3545989 -0.92342 0.1468424 0.3543851 -0.923498 0.2004391 0.4837369 -0.8519523 0.200349 0.4838078 -0.8519333 0.2489483 0.601074 -0.7594306 0.2489539 0.6010033 -0.7594848 0.2914054 0.7034387 -0.6482723 0.2913917 0.7033528 -0.6483716 0.3266243 0.7883394 -0.5213804 0.3265641 0.7884329 -0.5212769 0.3537476 0.8539754 -0.3815609 0.3537523 0.8539156 -0.3816905 0.3722229 0.8984751 -0.2327932 0.3720877 0.8985605 -0.2326796 0.3814456 0.9210799 -0.07817411 0.3815225 0.9210432 -0.07823127 0.01837015 0.07654833 -0.9968967 0.01837241 0.07653754 -0.9968975 0.0546655 0.2277061 -0.9721943 0.05467367 0.2277088 -0.9721932 0.08957189 0.3730214 -0.923489 0.08958154 0.3730815 -0.9234638 0.1222689 0.5093075 -0.8518546 0.1222457 0.5092689 -0.8518809 0.1518499 0.632649 -0.7594057 0.1518664 0.6324573 -0.759562 0.1777562 0.7403315 -0.6483148 0.1776859 0.7404245 -0.6482279 0.1991381 0.8298557 -0.5212327 0.1992048 0.8296996 -0.5214558 0.2157663 0.898806 -0.3815662 0.2157645 0.8987894 -0.3816063 0.2270427 0.9456444 -0.2328268 0.2270429 0.9456778 -0.2326908 0.232731 0.9693851 -0.07828706 0.2327089 0.9694055 -0.07809937 0.00617516 0.07845145 -0.9968989 0.006182432 0.07846975 -0.9968973 0.01839071 0.2333387 -0.9722216 0.01838141 0.2334362 -0.9721983 0.03011393 0.3824588 -0.9234817 0.03007191 0.3825495 -0.9234455 0.04104071 0.5221056 -0.8518928 0.04111623 0.5219504 -0.8519844 0.05108028 0.6485269 -0.759476 0.05102992 0.6485979 -0.7594187 0.05972707 0.7591506 -0.6481691 0.05976951 0.7590339 -0.6483018 0.06697779 0.850675 -0.521408 0.06694924 0.8507375 -0.5213097 0.07251274 0.9215058 -0.3815353 0.07249933 0.9215217 -0.3814991 0.07627546 0.9694911 -0.2329573 0.07625347 0.969551 -0.2327155 0.0781663 0.9938701 -0.07818132 0.07818365 0.993875 -0.07810091 -0.9969066 0 -0.07859557 -0.9969066 0 -0.07859545 -0.9723698 0 -0.2334463 -0.9239203 0 -0.382585 -0.9239203 0 -0.3825849 -0.8526079 0 -0.5225514 -0.8526079 0 -0.5225514 -0.7604407 0 -0.6494075 -0.7604406 0 -0.6494076 -0.6494106 0 -0.760438 -0.6494107 0 -0.760438 -0.5224766 0 -0.8526538 -0.5224768 0 -0.8526536 -0.3827059 0 -0.9238703 -0.3827059 0 -0.9238703 -0.2334665 0 -0.9723649 -0.07846009 0 -0.9969173 0 0.9969231 -0.07838678 0 0.9969231 -0.07838678 0 0.972373 -0.2334327 0 0.9723468 -0.2335416 0 0.9239467 -0.3825212 0 0.8526577 -0.5224699 0 0.8526065 -0.5225536 0 0.7604193 -0.6494325 0 0.6494034 -0.7604441 0 0.6494603 -0.7603957 0 0.5224227 -0.8526867 0 0.522474 -0.8526552 0 0.3827008 -0.9238724 0 0.3827415 -0.9238556 0 0.2334638 -0.9723655 0 0.2334638 -0.9723655 0 0.07845872 -0.9969174 0 0.07844972 -0.9969181 -0.006174504 0.07845419 -0.9968987 -0.006182491 0.07845717 -0.9968984 -0.01839709 0.2334651 -0.9721912 -0.01837849 0.2333847 -0.9722108 -0.03012377 0.3825345 -0.9234501 -0.03006774 0.3824893 -0.9234706 -0.04103606 0.522015 -0.8519487 -0.04111921 0.5220797 -0.8519049 -0.05108499 0.6486122 -0.7594028 -0.05103504 0.6485074 -0.7594956 -0.05973595 0.7590676 -0.6482654 -0.05977356 0.7591045 -0.6482186 -0.0669865 0.8507103 -0.5213491 -0.06693893 0.8506388 -0.5214719 -0.07251483 0.9215011 -0.381546 -0.07251268 0.9215406 -0.3814513 -0.07628697 0.9695103 -0.2328737 -0.07625019 0.9695255 -0.2328224 -0.07816475 0.9938703 -0.07817989 -0.07818418 0.993884 -0.07798546 -0.01837205 0.07653528 -0.9968977 -0.01837581 0.07653403 -0.9968977 -0.05466091 0.2276582 -0.9722057 -0.05467402 0.2276804 -0.9721999 -0.08958625 0.3730655 -0.9234699 -0.08956825 0.3730453 -0.9234797 -0.1222732 0.5092561 -0.8518847 -0.1222482 0.5092394 -0.8518983 -0.1518595 0.6325891 -0.7594537 -0.1518527 0.6325423 -0.759494 -0.1777568 0.7404463 -0.6481835 -0.1776354 0.7402653 -0.6484235 -0.1991086 0.8297523 -0.5214087 -0.1992375 0.8298672 -0.5211765 -0.2157841 0.8987884 -0.3815976 -0.2157215 0.8987815 -0.3816491 -0.2269697 0.9456512 -0.2328704 -0.2270755 0.9456905 -0.2326078 -0.2327646 0.9693855 -0.07818174 -0.232715 0.9693946 -0.07821726 -0.03013014 0.07272869 -0.9968966 -0.03011423 0.07271254 -0.9968983 -0.08958625 0.2163111 -0.9722056 -0.08957487 0.216318 -0.9722052 -0.1467745 0.3544507 -0.9234837 -0.1468594 0.3544979 -0.923452 -0.2004559 0.4838733 -0.851871 -0.2003133 0.483715 -0.8519945 -0.248909 0.601063 -0.7594522 -0.2489496 0.6010206 -0.7594724 -0.2913387 0.7033572 -0.6483907 -0.2914389 0.7034703 -0.648223 -0.3266081 0.7883634 -0.5213544 -0.3266171 0.7884354 -0.5212398 -0.353761 0.8539632 -0.3815758 -0.3537127 0.853898 -0.3817664 -0.372186 0.8984965 -0.2327699 -0.3721286 0.8985068 -0.2328218 -0.3814738 0.9210678 -0.07817989 -0.3814779 0.9210624 -0.07822215 -0.0411303 0.06710618 -0.9968978 -0.04111015 0.06709259 -0.9968996 -0.1223207 0.1996299 -0.9722066 -0.1223694 0.1996474 -0.9721969 -0.2005399 0.3271843 -0.9234361 -0.2004365 0.3271339 -0.9234765 -0.2735344 0.4464409 -0.8519797 -0.2736759 0.4465517 -0.8518762 -0.3399655 0.5547151 -0.7594173 -0.3399804 0.5547107 -0.7594139 -0.3978827 0.6491833 -0.6482673 -0.3977965 0.6491537 -0.6483498 -0.4458775 0.7276133 -0.5213177 -0.4459053 0.7276071 -0.5213026 -0.4829677 0.7880862 -0.3816577 -0.482922 0.7880704 -0.3817483 -0.5081415 0.8292261 -0.2327579 -0.5081243 0.8292199 -0.2328177 -0.5208835 0.8500403 -0.07817834 -0.5209134 0.8500182 -0.07822018 -0.05109012 0.05983966 -0.9968998 -0.05112177 0.05984944 -0.9968975 -0.1520946 0.1780599 -0.9721944 -0.1520195 0.1780421 -0.9722094 -0.2490847 0.2917219 -0.9235016 -0.2492349 0.2917917 -0.923439 -0.3401474 0.3982239 -0.8518906 -0.3400601 0.3981897 -0.8519415 -0.4225535 0.4947841 -0.7593663 -0.4225707 0.494787 -0.759355 -0.4944273 0.5789239 -0.6483741 -0.4944972 0.5789572 -0.6482911 -0.5542369 0.6489023 -0.5212939 -0.5541184 0.6488956 -0.5214282 -0.6002218 0.7028846 -0.38169 -0.6002316 0.7028412 -0.3817542 -0.6315813 0.7395448 -0.2327631 -0.6316595 0.7395231 -0.2326197 -0.6474879 0.7580544 -0.07818609 -0.6474265 0.7580916 -0.07833456 -0.0598607 0.05111122 -0.9968973 -0.05983299 0.05110782 -0.9968993 -0.1780071 0.1520482 -0.9722113 -0.1780397 0.1520481 -0.9722054 -0.2917978 0.2491966 -0.9234474 -0.2917278 0.2491957 -0.9234699 -0.3981714 0.340119 -0.8519265 -0.3982594 0.3401159 -0.8518866 -0.4947885 0.4225513 -0.7593647 -0.4947323 0.4225358 -0.7594099 -0.5789605 0.4944733 -0.6483062 -0.5790067 0.4944686 -0.6482685 -0.6488655 0.5541268 -0.5214566 -0.6489192 0.5541405 -0.5213755 -0.7028861 0.6002241 -0.3816834 -0.7028269 0.6002433 -0.3817623 -0.7395538 0.6316104 -0.2326555 -0.7394905 0.6316465 -0.232759 -0.7580352 0.6474835 -0.07840865 -0.7581402 0.6474108 -0.07799333 -0.06709074 0.0411176 -0.9968994 -0.06711584 0.04112076 -0.9968975 -0.1996454 0.1223194 -0.9722036 -0.1995908 0.1223153 -0.9722153 -0.327118 0.2004683 -0.9234752 -0.3271684 0.2004809 -0.9234545 -0.4465532 0.2736361 -0.8518882 -0.4464535 0.2736482 -0.8519366 -0.5547015 0.3399965 -0.7594135 -0.5547714 0.3399958 -0.7593626 -0.6492183 0.3978796 -0.6482342 -0.649176 0.3978793 -0.6482767 -0.7275419 0.4459079 -0.5213914 -0.727604 0.4459234 -0.5212916 -0.7880069 0.4829387 -0.3818577 -0.7881116 0.4829333 -0.3816486 -0.8292221 0.5081219 -0.2328156 -0.8292579 0.5081393 -0.2326502 -0.8500474 0.5208809 -0.07811957 -0.8499984 0.5209461 -0.07821685 -0.07271349 0.03012186 -0.9968979 -0.07270532 0.0301221 -0.9968986 -0.2162709 0.08960348 -0.972213 -0.2163307 0.08958494 -0.9722015 -0.3545042 0.1468064 -0.923458 -0.354429 0.1468129 -0.9234858 -0.4837441 0.2003784 -0.8519625 -0.4838714 0.2003691 -0.8518925 -0.6011819 0.2489454 -0.7593461 -0.6009737 0.2489695 -0.7595031 -0.7034535 0.2914231 -0.6482483 -0.7035516 0.2913704 -0.6481655 -0.7884255 0.3265191 -0.5213162 -0.7883439 0.3265351 -0.5214297 -0.8539588 0.3537132 -0.3816299 -0.853935 0.3537087 -0.3816872 -0.8985159 0.3721751 -0.2327122 -0.8984984 0.3721871 -0.2327608 -0.9210419 0.3815227 -0.07824534 -0.9210614 0.3814924 -0.07816421 -0.07653117 0.0183736 -0.996898 -0.07652491 0.0183717 -0.9968984 -0.2276883 0.05466228 -0.9721987 -0.2276712 0.05466938 -0.9722022 -0.373038 0.08957523 -0.923482 -0.3730666 0.08956813 -0.9234712 -0.5092219 0.122257 -0.8519074 -0.5092523 0.1222696 -0.8518875 -0.6325547 0.1518771 -0.7594788 -0.6325855 0.1518544 -0.7594577 -0.7404737 0.1777555 -0.6481525 -0.740418 0.177775 -0.6482108 -0.8297042 0.1992146 -0.5214449 -0.8297419 0.1991987 -0.5213909 -0.8987568 0.2157673 -0.3816816 -0.8987693 0.2157728 -0.381649 -0.945671 0.227032 -0.2327295 -0.9456451 0.2270571 -0.23281 -0.9693882 0.2327575 -0.07817071 -0.9694003 0.2327303 -0.07810187 -0.07846713 0.006178915 -0.9968976 -0.07845425 0.006179451 -0.9968987 -0.2333956 0.01838409 -0.9722081 -0.2334303 0.01837557 -0.9721999 -0.3824794 0.03010845 -0.9234734 -0.382552 0.03008103 -0.9234442 -0.5220959 0.0410552 -0.8518982 -0.5220109 0.04108613 -0.8519487 -0.6485633 0.05104905 -0.7594469 -0.6485778 0.05104929 -0.7594347 -0.7590935 0.05974936 -0.6482338 -0.7590759 0.05976593 -0.6482529 -0.8506817 0.06697726 -0.5213968 -0.8506889 0.06696277 -0.521387 -0.9214602 0.07253581 -0.381641 -0.9214909 0.07250577 -0.3815727 -0.9695125 0.07628881 -0.2328642 -0.9695392 0.07624512 -0.2327672 -0.993879 0.07816118 -0.07807379 -0.9938477 0.07828724 -0.07834517 0.07818257 0.993857 -0.07833123 0.07825487 0.9938577 -0.07825011 0.2327316 0.9693829 -0.07831329 0.232656 0.9694062 -0.0782485 0.3814809 0.9210569 -0.0782715 0.3814857 0.9210566 -0.07825291 0.520924 0.8500083 -0.07825779 0.520883 0.8500331 -0.07826066 0.6474337 0.758092 -0.07827019 0.6475604 0.7580078 -0.07803696 0.7580431 0.647503 -0.07817137 0.758129 0.6474193 -0.07803148 0.8500418 0.5208917 -0.07810837 0.8499406 0.5210435 -0.07819682 0.9210987 0.3813911 -0.07821792 0.9210149 0.3815748 -0.0783087 0.9694228 0.2325723 -0.07829177 0.9693734 0.2328094 -0.07819855 0.9938629 0.07822328 -0.07821601 0.993867 0.07826167 -0.07812476 0.07634574 0.9695399 -0.2327311 0.07634294 0.9695115 -0.2328506 0.227033 0.9456498 -0.2328149 0.2269464 0.9456505 -0.2328959 0.3721504 0.8984967 -0.232826 0.3722716 0.8984782 -0.2327034 0.5081301 0.8292923 -0.2325468 0.508077 0.8292589 -0.2327824 0.6316461 0.7394877 -0.2327685 0.6316507 0.7394734 -0.2328013 0.7395482 0.6315887 -0.2327319 0.7395207 0.6315569 -0.2329057 0.829101 0.5083062 -0.2328439 0.8292635 0.508099 -0.2327179 0.8985229 0.3722025 -0.232641 0.8985521 0.3721203 -0.2326602 0.9457142 0.2269824 -0.2326022 0.9456093 0.2271141 -0.2328997 0.9695032 0.07631087 -0.2328952 0.9695263 0.07635104 -0.2327862 0.07257103 0.9215168 -0.3814973 0.07245647 0.9214048 -0.3817896 0.2156964 0.8987421 -0.3817562 0.2158469 0.8988401 -0.3814401 0.3538424 0.8539856 -0.3814503 0.3537018 0.8539227 -0.3817211 0.4828474 0.7881442 -0.38169 0.4829086 0.7880948 -0.3817144 0.6003481 0.7028313 -0.3815893 0.6002361 0.7028025 -0.3818184 0.7028077 0.6002724 -0.3817517 0.7028411 0.6002635 -0.3817044 0.7881053 0.482918 -0.3816811 0.788009 0.4829888 -0.3817901 0.8539268 0.3535894 -0.3818164 0.8539317 0.3537243 -0.3816805 0.8987362 0.2158387 -0.3816895 0.8987565 0.2158196 -0.3816528 0.9214503 0.07251501 -0.3816686 0.9215209 0.07234579 -0.3815302 0.06689006 0.8506727 -0.5214229 0.06700354 0.8507674 -0.5212535 0.1992925 0.8298025 -0.5212585 0.1991296 0.8297665 -0.521378 0.3265436 0.7883384 -0.5214325 0.3265634 0.7883695 -0.521373 0.4458695 0.7275881 -0.5213598 0.4458395 0.7276201 -0.5213407 0.5541614 0.6489067 -0.5213688 0.5543007 0.6489478 -0.5211694 0.6489875 0.5542162 -0.52121 0.648813 0.5542384 -0.5214034 0.727553 0.4458519 -0.5214238 0.7277203 0.4458674 -0.521177 0.7885259 0.3265891 -0.5211205 0.7883521 0.3265392 -0.5214146 0.8296955 0.1992307 -0.5214523 0.8298505 0.1992374 -0.5212031 0.850782 0.06684046 -0.5212508 0.8506457 0.06701141 -0.5214512 0.05978703 0.7591737 -0.6481364 0.0596835 0.7589463 -0.6484122 0.1776879 0.7402859 -0.6483856 0.1777931 0.740402 -0.6482242 0.291397 0.7034708 -0.6482412 0.2913417 0.7034586 -0.6482793 0.3977752 0.6491663 -0.6483504 0.397892 0.6492106 -0.6482343 0.494526 0.5789964 -0.6482341 0.4945042 0.5789682 -0.6482758 0.5789527 0.4945212 -0.6482766 0.5789427 0.4945476 -0.6482654 0.6492207 0.3977624 -0.6483036 0.6491501 0.3978114 -0.6483443 0.7033641 0.2913634 -0.648372 0.7034901 0.2913833 -0.6482263 0.7404356 0.177661 -0.6482219 0.7402728 0.1777477 -0.6483841 0.7589824 0.05976647 -0.6483623 0.7591361 0.05975717 -0.6481832 0.0510016 0.6485552 -0.7594571 0.05104452 0.6485871 -0.7594269 0.1519163 0.6326219 -0.7594149 0.1518617 0.6325469 -0.7594883 0.2489359 0.6010661 -0.7594409 0.2489607 0.6010108 -0.7594765 0.3399186 0.5547552 -0.7594092 0.3399932 0.5547351 -0.7593904 0.4225809 0.494727 -0.7593885 0.4225072 0.4946941 -0.7594509 0.4946377 0.4226151 -0.7594274 0.4947968 0.4225783 -0.7593442 0.5548143 0.3398988 -0.7593747 0.5547786 0.3399741 -0.7593671 0.6011499 0.2490202 -0.759347 0.6011583 0.2489652 -0.7593585 0.6326703 0.1519556 -0.7593668 0.6326232 0.1519076 -0.7594156 0.6485897 0.05098831 -0.7594286 0.6485235 0.05102175 -0.7594829 0.04108363 0.5220587 -0.8519195 0.04108995 0.5220769 -0.8519082 0.1222621 0.5092487 -0.8518908 0.1222432 0.5092051 -0.8519196 0.2004085 0.483823 -0.8519107 0.2004222 0.4838426 -0.8518962 0.2736588 0.4465047 -0.8519065 0.2735561 0.4464723 -0.8519564 0.3400419 0.3981416 -0.8519711 0.3401811 0.3981923 -0.8518919 0.3982448 0.340152 -0.851879 0.3981235 0.3401157 -0.8519502 0.4464208 0.2735259 -0.851993 0.4464943 0.2736462 -0.8519159 0.4838011 0.200357 -0.8519352 0.4837347 0.2003569 -0.851973 0.5091133 0.1222302 -0.8519763 0.5091876 0.1223325 -0.8519172 0.5220862 0.04107922 -0.851903 0.5220528 0.04104024 -0.8519253 0.03010874 0.382532 -0.9234516 0.03008902 0.3825312 -0.9234525 0.0895676 0.3730456 -0.9234797 0.08959531 0.373119 -0.9234473 0.146853 0.3545333 -0.9234394 0.1468278 0.3544992 -0.9234566 0.2004492 0.3271486 -0.9234685 0.2005295 0.3272242 -0.9234243 0.2492697 0.2918097 -0.923424 0.2491654 0.2917053 -0.9234851 0.291715 0.2492166 -0.9234682 0.29181 0.2492253 -0.9234359 0.3272224 0.2004938 -0.9234326 0.3271425 0.2004588 -0.9234685 0.3544904 0.1468632 -0.9234543 0.3544154 0.1468392 -0.923487 0.3730321 0.08952617 -0.9234892 0.3731039 0.08955961 -0.9234569 0.3824905 0.03012377 -0.9234684 0.3825418 0.03009885 -0.9234479 0.01835894 0.2333698 -0.9722148 0.01837313 0.2333976 -0.9722079 0.0546649 0.2276555 -0.9722062 0.05464714 0.2276396 -0.9722108 0.08958524 0.2162704 -0.9722149 0.08958327 0.2162914 -0.9722103 0.1223237 0.1996077 -0.9722108 0.1222975 0.1995753 -0.9722207 0.1520245 0.1779698 -0.9722219 0.1519945 0.1779897 -0.9722229 0.177982 0.1520023 -0.9722231 0.1780453 0.1520537 -0.9722034 0.1996344 0.1223217 -0.9722055 0.1996042 0.1223464 -0.9722086 0.2162777 0.08960723 -0.9722111 0.2163118 0.08961313 -0.972203 0.2276811 0.05464953 -0.972201 0.2276655 0.05463016 -0.9722057 0.2334063 0.01836997 -0.9722058 0.2334328 0.01836055 -0.9721996 0.006176352 0.07845175 -0.9968989 0.006177663 0.07846236 -0.996898 0.01836806 0.07651633 -0.9968992 0.01837718 0.07654398 -0.9968968 0.030115 0.07270914 -0.9968985 0.03012943 0.07272815 -0.9968966 0.04112917 0.06712204 -0.9968968 0.04112148 0.06711012 -0.9968978 0.05111169 0.05984818 -0.9968982 0.05112755 0.05985552 -0.9968968 0.05986464 0.05112111 -0.9968966 0.05983155 0.05110496 -0.9968995 0.06708383 0.04111051 -0.9969001 0.06711548 0.04112732 -0.9968973 0.07272219 0.03012043 -0.9968973 0.07271713 0.03012025 -0.9968977 0.07653051 0.01837283 -0.996898 0.07653009 0.01837891 -0.9968979 0.0784558 0.006162583 -0.9968987 0.07845419 0.006174862 -0.9968987 0.996924 0 -0.07837516 0.9723625 0 -0.2334764 0.9723624 0 -0.2334771 0.9239431 0 -0.3825302 0.9239431 0 -0.3825301 0.8525649 0 -0.5226213 0.8525658 0 -0.5226202 0.7604866 0 -0.6493538 0.7604877 0 -0.6493523 0.6493635 0 -0.7604781 0.6493651 0 -0.7604768 0.5225033 0 -0.8526373 0.5225034 0 -0.8526374 0.3827168 0 -0.9238657 0.2334675 0 -0.9723646 0.07845222 0 -0.9969179 0.07845783 0 -0.9969176 0 0.996905 -0.07861542 0 0.9723467 -0.2335421 0 0.9723728 -0.2334333 0 0.9239471 -0.3825203 0 0.8525548 -0.522638 0 0.760476 -0.6493662 0 0.7605329 -0.6492996 0 0.6493468 -0.7604926 0 0.5225241 -0.8526245 0 0.5224729 -0.852656 0 0.3827407 -0.9238559 0 0.3827 -0.9238728 0 0.2334126 -0.9723778 0 0.2334126 -0.9723778 0 0.0784595 -0.9969174 0 0.0784505 -0.9969181 0.9938697 -0.07821667 -0.07813566 0.9938605 -0.07825291 -0.07821691 0.9694018 -0.2326831 -0.0782231 0.9693925 -0.2326987 -0.07829195 0.9210531 -0.381488 -0.07828277 0.9210581 -0.3814864 -0.07823133 0.8499793 -0.5209741 -0.07823938 0.8500007 -0.520965 -0.07806551 0.7581058 -0.6474412 -0.07807409 0.7580661 -0.647487 -0.07807976 0.6475207 -0.7580353 -0.0781002 0.6474611 -0.758089 -0.07807308 0.5208501 -0.8500721 -0.07805609 0.5209844 -0.8499715 -0.07825481 0.3814532 -0.921072 -0.07822984 0.3815592 -0.9210188 -0.07833874 0.2327116 -0.9693852 -0.07834368 0.232681 -0.9693992 -0.07826089 0.07818782 -0.9938625 -0.07825583 0.07824271 -0.9938498 -0.07836306 0.9695277 -0.07630467 -0.2327952 0.9695041 -0.07634311 -0.232881 0.9456486 -0.2269667 -0.2328842 0.9456844 -0.2271441 -0.2325653 0.8985403 -0.3722183 -0.232549 0.8985592 -0.372135 -0.2326092 0.829205 -0.5082555 -0.2325845 0.8292071 -0.5081019 -0.232912 0.7395676 -0.6314964 -0.2329209 0.7394803 -0.6316524 -0.232775 0.6316059 -0.7395187 -0.2327792 0.6316111 -0.7395143 -0.2327788 0.5082023 -0.8291842 -0.2327748 0.5080978 -0.8293005 -0.2325885 0.3722409 -0.898501 -0.2326643 0.3722072 -0.8984983 -0.2327289 0.2270096 -0.9456686 -0.2327607 0.2269883 -0.945684 -0.2327194 0.0763176 -0.9695554 -0.2326757 0.07635951 -0.9695282 -0.2327755 0.921518 -0.07240104 -0.3815269 0.9214676 -0.07245278 -0.3816389 0.8987632 -0.2158551 -0.3816166 0.8987267 -0.2157859 -0.3817418 0.8538743 -0.3538084 -0.3817307 0.8539239 -0.3535156 -0.3818911 0.7880672 -0.4828193 -0.3818841 0.7880633 -0.4829999 -0.381664 0.7027747 -0.6003752 -0.381651 0.7028574 -0.6001994 -0.3817753 0.6002628 -0.702813 -0.3817571 0.6002721 -0.7028223 -0.3817254 0.4829331 -0.7880649 -0.3817451 0.4828663 -0.7881464 -0.3816616 0.3537805 -0.8538985 -0.3817027 0.3537493 -0.8539643 -0.3815842 0.2157199 -0.8988126 -0.3815768 0.2157952 -0.8987039 -0.3817901 0.07257437 -0.9213781 -0.3818317 0.07246798 -0.9215022 -0.3815526 0.8506584 -0.06683081 -0.5214539 0.8507691 -0.06701534 -0.5212495 0.8298078 -0.1992886 -0.5212515 0.8297258 -0.1991499 -0.521435 0.7883647 -0.3264825 -0.5214312 0.7884669 -0.3266333 -0.521182 0.7276514 -0.4459471 -0.521205 0.7276274 -0.4457652 -0.5213942 0.6488696 -0.5541993 -0.5213746 0.6489111 -0.5542759 -0.5212416 0.5542239 -0.6489586 -0.5212376 0.5542142 -0.6488818 -0.5213436 0.4458431 -0.7276102 -0.5213515 0.445865 -0.7275457 -0.5214226 0.3265402 -0.7883717 -0.5213844 0.3265494 -0.7884165 -0.521311 0.1992494 -0.8298057 -0.5212698 0.1992381 -0.8298349 -0.5212275 0.06691402 -0.8507679 -0.5212644 0.06696724 -0.8507053 -0.5213598 0.7591255 -0.05977243 -0.6481943 0.7589934 -0.05974161 -0.6483518 0.7403067 -0.1776269 -0.6483786 0.7404204 -0.1777792 -0.648207 0.7034761 -0.2914601 -0.6482071 0.7034195 -0.291296 -0.6483423 0.6491761 -0.397793 -0.6483296 0.649203 -0.3977963 -0.6483007 0.5789198 -0.4945495 -0.6482844 0.5789384 -0.4944829 -0.6483185 0.4944984 -0.57894 -0.6483053 0.4944891 -0.5790376 -0.6482254 0.3978735 -0.6491637 -0.6482925 0.3978426 -0.6492289 -0.6482463 0.2913348 -0.7034881 -0.6482505 0.29135 -0.7033991 -0.6483401 0.177748 -0.740296 -0.6483576 0.1777486 -0.740295 -0.6483586 0.0597518 -0.7589915 -0.6483529 0.05970621 -0.7591081 -0.6482208 0.6485202 -0.05097943 -0.7594885 0.6485922 -0.05102646 -0.7594238 0.632632 -0.1518934 -0.759411 0.6326639 -0.1519525 -0.7593728 0.6011413 -0.2489591 -0.7593737 0.6011467 -0.2490222 -0.7593489 0.554803 -0.3399447 -0.7593624 0.554826 -0.3399409 -0.7593474 0.494744 -0.4226962 -0.7593131 0.4947276 -0.4225271 -0.7594179 0.422553 -0.4946759 -0.759437 0.4225298 -0.4947481 -0.7594032 0.3399411 -0.5547379 -0.7594116 0.3399414 -0.5547811 -0.75938 0.2489975 -0.6010935 -0.7593991 0.2489926 -0.6010479 -0.7594367 0.1518889 -0.6325746 -0.7594597 0.1518582 -0.6327057 -0.7593568 0.05102467 -0.6486443 -0.7593795 0.0510655 -0.6485709 -0.7594394 0.5220623 -0.04107683 -0.8519178 0.5220689 -0.04104173 -0.8519153 0.5091987 -0.1223385 -0.8519096 0.5091291 -0.1222158 -0.851969 0.4837517 -0.2003938 -0.8519546 0.4837783 -0.2003233 -0.8519561 0.4464696 -0.2736456 -0.8519291 0.4464518 -0.2735338 -0.8519742 0.3981482 -0.3400761 -0.8519544 0.3982013 -0.3401797 -0.8518882 0.3401281 -0.3982227 -0.8518988 0.3401277 -0.3981915 -0.8519136 0.2736234 -0.4465535 -0.8518922 0.2736242 -0.4464555 -0.8519434 0.2004122 -0.4838051 -0.8519201 0.2004184 -0.4837875 -0.8519285 0.1222242 -0.5092315 -0.8519065 0.1222336 -0.5091774 -0.8519374 0.04110133 -0.52201 -0.8519485 0.04109042 -0.5220456 -0.8519273 0.3825419 -0.03012812 -0.9234468 0.3825052 -0.03009402 -0.9234631 0.3730777 -0.08953058 -0.9234703 0.3730357 -0.08954322 -0.9234859 0.3544331 -0.1468122 -0.9234844 0.3544808 -0.146885 -0.9234546 0.3271611 -0.2004147 -0.9234715 0.3272017 -0.2005362 -0.9234308 0.2917873 -0.2492752 -0.9234295 0.291749 -0.2491755 -0.9234685 0.2491781 -0.2917245 -0.9234756 0.2491868 -0.2917575 -0.9234628 0.2004812 -0.3271399 -0.9234645 0.200478 -0.3271278 -0.9234695 0.1468349 -0.3544679 -0.9234675 0.1468341 -0.354535 -0.9234418 0.08957445 -0.3731037 -0.9234555 0.0895819 -0.3730307 -0.9234843 0.03010481 -0.38251 -0.9234608 0.03009331 -0.382506 -0.9234628 0.2334285 -0.01834845 -0.9722009 0.2334147 -0.01837903 -0.9722036 0.2276683 -0.05464595 -0.9722043 0.2276782 -0.05463385 -0.9722025 0.2163146 -0.08964413 -0.9721996 0.2162775 -0.0895766 -0.9722141 0.1996048 -0.122322 -0.9722115 0.199629 -0.1223453 -0.9722037 0.1780374 -0.1520527 -0.9722052 0.1780171 -0.1520431 -0.9722102 0.1520407 -0.1779913 -0.9722154 0.1520439 -0.1780399 -0.972206 0.1223356 -0.1996215 -0.9722064 0.1223371 -0.199615 -0.9722076 0.08958685 -0.2163032 -0.9722074 0.08958536 -0.2162689 -0.9722152 0.05466067 -0.2276486 -0.972208 0.05465865 -0.2276499 -0.9722079 0.01836222 -0.233411 -0.9722049 0.01835763 -0.2334361 -0.9721989 0.07845246 -0.006172597 -0.9968988 0.07845777 -0.006164491 -0.9968985 0.07652258 -0.01837599 -0.9968985 0.07653009 -0.01837444 -0.996898 0.0727123 -0.03011566 -0.9968982 0.07272219 -0.03012132 -0.9968973 0.06710624 -0.04112917 -0.9968979 0.06710243 -0.04111737 -0.9968985 0.05984252 -0.05111372 -0.9968984 0.05984985 -0.05111122 -0.9968981 0.05111163 -0.05985337 -0.9968979 0.05110681 -0.05982917 -0.9968996 0.04111754 -0.0670998 -0.9968987 0.04112315 -0.0671128 -0.9968976 0.03012162 -0.07271879 -0.9968975 0.03012317 -0.07271611 -0.9968978 0.01837277 -0.07653564 -0.9968976 0.01837414 -0.07653009 -0.9968981 0.006171941 -0.07846832 -0.9968975 0.006171107 -0.07845437 -0.9968987 -0.993861 0.07828813 -0.0781759 -0.9938583 0.07825046 -0.07824683 -0.9693892 0.2327271 -0.07824921 -0.9693938 0.232685 -0.07831561 -0.9210503 0.3814868 -0.07832241 -0.9210394 0.3815273 -0.07825314 -0.8499932 0.520945 -0.07828134 -0.8499997 0.5209464 -0.07820224 -0.7581246 0.6473956 -0.07827037 -0.758103 0.6474223 -0.07825928 -0.6474337 0.7581036 -0.07815802 -0.6474692 0.7580631 -0.07825648 -0.520909 0.8500147 -0.07828831 -0.5208877 0.8500301 -0.07826137 -0.3814792 0.9210623 -0.07821851 -0.3815034 0.9210489 -0.07825654 -0.2327124 0.9693852 -0.07834112 -0.2326869 0.9694072 -0.07814383 -0.07818228 0.9938607 -0.0782839 -0.07825654 0.9938485 -0.07836693 -0.9695308 0.07633805 -0.2327715 -0.9695474 0.07637774 -0.2326894 -0.9456881 0.226994 -0.2326965 -0.9456826 0.2269651 -0.2327476 -0.8985048 0.3721952 -0.2327228 -0.8985015 0.3721978 -0.2327318 -0.8291875 0.5081937 -0.2327819 -0.8292171 0.5081285 -0.2328189 -0.7395297 0.6315621 -0.232863 -0.7395151 0.6316478 -0.2326771 -0.6316463 0.7395375 -0.2326099 -0.6316442 0.7395154 -0.2326855 -0.5081585 0.8292554 -0.2326173 -0.5081457 0.8292397 -0.2327004 -0.3721695 0.8985165 -0.2327188 -0.3721997 0.8984903 -0.2327713 -0.2269871 0.9456603 -0.2328164 -0.2269733 0.9456651 -0.2328104 -0.07634246 0.9695423 -0.2327222 -0.07635593 0.9695279 -0.2327777 -0.9214854 0.0725888 -0.3815699 -0.9213852 0.0724734 -0.3818335 -0.8987149 0.2156947 -0.3818213 -0.8987815 0.2158161 -0.3815959 -0.8539661 0.353751 -0.3815786 -0.8539577 0.3537386 -0.3816092 -0.788123 0.4829496 -0.3816041 -0.7881242 0.4829316 -0.3816247 -0.7028552 0.6003354 -0.3815655 -0.7028187 0.6002272 -0.3818028 -0.6002717 0.7027844 -0.381796 -0.6002586 0.7028357 -0.3817221 -0.4829284 0.7880912 -0.3816969 -0.4829415 0.7881693 -0.3815192 -0.3537561 0.8539674 -0.381571 -0.3537327 0.8539939 -0.3815333 -0.2157305 0.8988273 -0.3815363 -0.215821 0.8987244 -0.3817272 -0.07256436 0.9213831 -0.3818215 -0.07246428 0.9215251 -0.3814976 -0.8506924 0.06691277 -0.5213879 -0.8507713 0.0669865 -0.5212495 -0.829828 0.1992589 -0.5212308 -0.8298167 0.1992326 -0.5212587 -0.7884337 0.326597 -0.5212551 -0.7884047 0.3265312 -0.5213401 -0.7276266 0.4458642 -0.5213106 -0.7275832 0.4458295 -0.5214008 -0.6489078 0.5541885 -0.5213386 -0.648941 0.5542924 -0.5211867 -0.5542455 0.6489602 -0.5212127 -0.5542224 0.6488147 -0.5214182 -0.4458222 0.7275974 -0.5213874 -0.4458334 0.7276282 -0.5213346 -0.3265538 0.788379 -0.5213649 -0.3265798 0.7883445 -0.5214007 -0.1992416 0.8296947 -0.5214495 -0.1991674 0.8298308 -0.5212612 -0.06690132 0.8507918 -0.5212271 -0.06699174 0.850628 -0.5214827 -0.7590752 0.05976706 -0.6482536 -0.7590112 0.0597136 -0.6483334 -0.7403048 0.1777419 -0.6483492 -0.7403084 0.1777426 -0.6483449 -0.7033984 0.291325 -0.6483521 -0.7034413 0.2913794 -0.6482812 -0.6491959 0.3978005 -0.6483051 -0.6492594 0.3978713 -0.6481981 -0.5789432 0.4945114 -0.6482926 -0.5789653 0.4944882 -0.6482906 -0.4945097 0.5789131 -0.6483209 -0.4945412 0.5789999 -0.6482194 -0.3977989 0.6492334 -0.6482686 -0.3978183 0.6491729 -0.6483172 -0.2913852 0.7033888 -0.6483354 -0.2913637 0.703499 -0.6482256 -0.1777089 0.7404275 -0.6482181 -0.1777685 0.7403076 -0.6483387 -0.05977672 0.7590129 -0.6483258 -0.05970054 0.7591377 -0.6481866 -0.6485625 0.05102324 -0.7594494 -0.6486669 0.05108368 -0.7593562 -0.6326999 0.1519067 -0.7593519 -0.632684 0.1519038 -0.7593657 -0.6011763 0.2490205 -0.7593259 -0.6010797 0.2489584 -0.7594227 -0.5547315 0.3399442 -0.7594149 -0.5547176 0.3399217 -0.7594352 -0.494708 0.4225241 -0.7594324 -0.4947012 0.4225168 -0.7594407 -0.4225425 0.4947077 -0.7594223 -0.4225689 0.4947725 -0.7593654 -0.3399649 0.5547636 -0.7593823 -0.339958 0.5547229 -0.759415 -0.2489588 0.6011148 -0.759395 -0.24894 0.6009739 -0.7595126 -0.1518946 0.6325603 -0.7594707 -0.1518737 0.6325949 -0.759446 -0.05100291 0.6485466 -0.7594644 -0.0510388 0.6485592 -0.7594511 -0.5220202 0.04110932 -0.851942 -0.5219892 0.04108935 -0.8519619 -0.5091554 0.122245 -0.851949 -0.509147 0.1222423 -0.8519544 -0.4837372 0.2003585 -0.8519712 -0.4837767 0.2003889 -0.8519416 -0.4465005 0.273606 -0.8519255 -0.4464968 0.2736274 -0.8519207 -0.3982234 0.3401156 -0.8519035 -0.3982277 0.34013 -0.8518957 -0.3401206 0.3982358 -0.8518958 -0.3400944 0.3981303 -0.8519555 -0.2735863 0.4464219 -0.8519731 -0.2736024 0.4465305 -0.851911 -0.2004207 0.4838452 -0.8518951 -0.2004035 0.4838231 -0.8519118 -0.1222618 0.5092505 -0.8518897 -0.1222575 0.5091872 -0.8519281 -0.04108017 0.5220209 -0.8519429 -0.04108846 0.5221035 -0.8518919 -0.3825395 0.03011161 -0.9234484 -0.3824947 0.03009098 -0.9234676 -0.3730782 0.08957338 -0.923466 -0.3730834 0.08959156 -0.923462 -0.3545203 0.1468487 -0.9234451 -0.3545039 0.1468309 -0.9234543 -0.3271492 0.2004869 -0.92346 -0.3271139 0.200467 -0.9234769 -0.2917685 0.2492028 -0.9234551 -0.29174 0.249139 -0.9234812 -0.2491627 0.2916815 -0.9234933 -0.2492007 0.2918094 -0.9234426 -0.2004806 0.3271934 -0.9234457 -0.2004957 0.327171 -0.9234504 -0.1468331 0.3544899 -0.9234592 -0.1468415 0.3545356 -0.9234405 -0.08958524 0.373107 -0.9234532 -0.08959478 0.3731142 -0.9234493 -0.03010493 0.382521 -0.9234562 -0.03008943 0.3825016 -0.9234648 -0.2334349 0.01836436 -0.972199 -0.2334161 0.01835805 -0.9722036 -0.2276523 0.05466806 -0.9722067 -0.227637 0.05465078 -0.9722113 -0.2162679 0.08957576 -0.9722162 -0.2162991 0.08959347 -0.9722077 -0.1996192 0.1223331 -0.9722072 -0.1996268 0.1223414 -0.9722046 -0.1780401 0.1520415 -0.9722064 -0.1780404 0.1520519 -0.9722047 -0.1520653 0.1780644 -0.9721981 -0.1520354 0.1780053 -0.9722136 -0.1223091 0.1995854 -0.9722172 -0.1223196 0.1996075 -0.9722113 -0.08958101 0.2162802 -0.972213 -0.08956938 0.2162469 -0.9722216 -0.05465888 0.2276226 -0.9722142 -0.05465555 0.2276734 -0.9722025 -0.01836115 0.2334139 -0.9722041 -0.01837378 0.2333914 -0.9722093 -0.07845711 0.006170749 -0.9968985 -0.07846617 0.006172478 -0.9968977 -0.07653379 0.01837396 -0.9968978 -0.07653528 0.01837474 -0.9968976 -0.07271647 0.03012192 -0.9968977 -0.07272398 0.03012174 -0.9968972 -0.06710278 0.04112535 -0.9968982 -0.0670914 0.04111254 -0.9968995 -0.05983614 0.05110394 -0.9968993 -0.05985325 0.05112046 -0.9968973 -0.05110996 0.05984145 -0.9968986 -0.05112469 0.05985921 -0.9968968 -0.04112285 0.06710803 -0.9968979 -0.04113727 0.06712764 -0.996896 -0.03012102 0.07272666 -0.996897 -0.03012669 0.07272154 -0.9968972 -0.0183717 0.07653361 -0.9968978 -0.01837062 0.07651609 -0.9968992 -0.006176173 0.07844978 -0.996899 -0.006176054 0.0784505 -0.9968989 0 -0.9969065 -0.0785976 0 -0.9969067 -0.07859402 0 -0.9723664 -0.2334606 0 -0.9723656 -0.2334639 0 -0.9239217 -0.3825817 0 -0.9239204 -0.3825848 0 -0.8526076 -0.5225517 0 -0.852606 -0.5225543 0 -0.7604404 -0.6494078 0 -0.6494125 -0.7604364 0 -0.6494107 -0.7604379 0 -0.5224825 -0.8526501 0 -0.5224825 -0.8526501 0 -0.3826936 -0.9238754 0 -0.3826937 -0.9238754 0 -0.2334714 -0.9723637 0 -0.2334706 -0.972364 0 -0.07846087 -0.9969173 0 -0.07846087 -0.9969173 -0.9969215 0 -0.07840663 -0.9969215 0 -0.07840681 -0.9723697 0 -0.2334465 -0.9723696 0 -0.2334471 -0.9239207 0 -0.3825843 -0.9239207 0 -0.3825842 -0.8526073 0 -0.5225523 -0.852608 0 -0.5225511 -0.7604397 0 -0.6494087 -0.7604408 0 -0.6494073 -0.6494104 0 -0.7604382 -0.649412 0 -0.7604367 -0.5224751 0 -0.8526546 -0.5224751 0 -0.8526546 -0.3827056 0 -0.9238705 -0.3827056 0 -0.9238704 -0.2334675 0 -0.9723646 -0.07845717 0 -0.9969176 -0.07846277 0 -0.9969171 -0.07819598 -0.9938541 -0.07835608 -0.07823616 -0.9938581 -0.07826298 -0.2327214 -0.9693889 -0.07826983 -0.2326818 -0.9693914 -0.07835477 -0.3814871 -0.9210482 -0.07834476 -0.3815389 -0.9210367 -0.07822668 -0.5208789 -0.8500382 -0.078233 -0.5209481 -0.8500103 -0.07807618 -0.6474577 -0.7580897 -0.07809364 -0.6474346 -0.7581027 -0.07815974 -0.7581315 -0.6474018 -0.07815253 -0.7581017 -0.6474258 -0.0782417 -0.8499932 -0.5209496 -0.07825112 -0.849997 -0.5209447 -0.07824164 -0.9210567 -0.3814899 -0.0782305 -0.9210299 -0.3815316 -0.07834225 -0.969381 -0.2327252 -0.07835471 -0.9693986 -0.2326862 -0.07825386 -0.9938558 -0.0782808 -0.07824867 -0.9938653 -0.07824248 -0.07816618 -0.07632076 -0.9695307 -0.232778 -0.07636439 -0.9695488 -0.2326878 -0.2269935 -0.9456899 -0.23269 -0.2269862 -0.9456877 -0.2327061 -0.3722057 -0.8985092 -0.2326892 -0.3721815 -0.898505 -0.2327442 -0.5081894 -0.8291996 -0.2327479 -0.5081879 -0.8291981 -0.232757 -0.6315852 -0.7395437 -0.2327559 -0.6315927 -0.7395424 -0.2327401 -0.7395495 -0.6315846 -0.2327393 -0.7394617 -0.6316188 -0.2329252 -0.8291564 -0.5081707 -0.2329428 -0.8292855 -0.5080979 -0.2326419 -0.8985165 -0.3722048 -0.2326626 -0.8985047 -0.3722152 -0.2326908 -0.9456855 -0.2269938 -0.2327076 -0.945696 -0.2269793 -0.2326789 -0.9695548 -0.07633215 -0.2326734 -0.9695299 -0.0763697 -0.2327647 -0.07257896 -0.9214837 -0.3815759 -0.07246613 -0.9213979 -0.3818044 -0.2157111 -0.8987153 -0.3818112 -0.2158128 -0.8987702 -0.3816242 -0.3537243 -0.8539517 -0.3816356 -0.3537496 -0.8539597 -0.3815941 -0.4830023 -0.7881054 -0.3815743 -0.482882 -0.7880835 -0.3817715 -0.6002379 -0.7028288 -0.3817672 -0.600273 -0.7028268 -0.3817157 -0.702798 -0.6003067 -0.3817156 -0.7028639 -0.6002948 -0.381613 -0.7881588 -0.4828961 -0.3815982 -0.7881181 -0.4829066 -0.3816689 -0.8539284 -0.3537521 -0.3816619 -0.8539373 -0.3537439 -0.3816497 -0.898787 -0.2157225 -0.3816355 -0.8987154 -0.2157737 -0.3817753 -0.9213883 -0.07257896 -0.3818063 -0.9214912 -0.07247883 -0.381577 -0.06690591 -0.850696 -0.5213828 -0.06697565 -0.8507733 -0.5212476 -0.1992564 -0.8298282 -0.5212314 -0.1992271 -0.829804 -0.5212811 -0.3265978 -0.7884152 -0.5212826 -0.3265121 -0.7883687 -0.5214067 -0.4458103 -0.7275872 -0.5214117 -0.4458578 -0.7276041 -0.5213474 -0.5541992 -0.6488823 -0.5213587 -0.5542634 -0.6488993 -0.5212696 -0.6489264 -0.5542309 -0.5212702 -0.6488555 -0.554227 -0.5213627 -0.7276114 -0.4458319 -0.5213596 -0.727579 -0.4458358 -0.5214013 -0.7883475 -0.3265764 -0.5213983 -0.7884512 -0.3265446 -0.5212615 -0.8298166 -0.1992315 -0.5212593 -0.8298195 -0.1992301 -0.5212552 -0.8507764 -0.06691819 -0.5212499 -0.8506944 -0.06697577 -0.5213763 -0.05975788 -0.7590814 -0.6482473 -0.05970412 -0.7590091 -0.6483368 -0.1777395 -0.7403041 -0.6483507 -0.177751 -0.7403194 -0.6483302 -0.2913259 -0.7034111 -0.648338 -0.2913755 -0.7034499 -0.6482735 -0.3978207 -0.6492133 -0.6482753 -0.397853 -0.6492305 -0.6482383 -0.4945383 -0.578977 -0.6482419 -0.4944708 -0.5789532 -0.6483147 -0.578922 -0.4944984 -0.6483215 -0.5790033 -0.4945098 -0.6482402 -0.6492422 -0.3978343 -0.6482381 -0.6491938 -0.3978341 -0.6482867 -0.7034497 -0.291343 -0.6482883 -0.7033878 -0.2913519 -0.6483516 -0.740305 -0.1777384 -0.64835 -0.7403043 -0.1777393 -0.6483505 -0.7590016 -0.05975586 -0.648341 -0.7590836 -0.05971527 -0.6482486 -0.05101728 -0.6485642 -0.7594483 -0.05107188 -0.6486591 -0.7593637 -0.1519083 -0.6326846 -0.7593644 -0.1518322 -0.6325914 -0.7594571 -0.2489566 -0.6010417 -0.7594535 -0.2490329 -0.6011084 -0.7593756 -0.3399667 -0.5547692 -0.7593772 -0.3399237 -0.5547433 -0.7594155 -0.4225293 -0.4947261 -0.7594176 -0.4225574 -0.4947375 -0.7593945 -0.494746 -0.4225479 -0.7593944 -0.4947165 -0.4225401 -0.7594178 -0.554728 -0.3399459 -0.7594167 -0.5547898 -0.3399494 -0.75937 -0.6011323 -0.2489965 -0.7593686 -0.6011437 -0.2489966 -0.7593597 -0.6326916 -0.1519012 -0.75936 -0.6327112 -0.1518979 -0.7593441 -0.6486734 -0.05102998 -0.7593542 -0.6485634 -0.05107325 -0.7594453 -0.0411055 -0.522042 -0.8519288 -0.04108279 -0.5220022 -0.8519542 -0.1222046 -0.5091543 -0.8519554 -0.1222671 -0.5092393 -0.8518957 -0.2004508 -0.4838383 -0.8518921 -0.2003819 -0.48377 -0.851947 -0.2735866 -0.4464815 -0.8519418 -0.2736492 -0.4465256 -0.8518986 -0.3401288 -0.3982257 -0.8518972 -0.3401232 -0.3982257 -0.8518995 -0.3982226 -0.3401249 -0.8519002 -0.3982281 -0.3401251 -0.8518975 -0.4465444 -0.2736238 -0.8518968 -0.4464574 -0.2736104 -0.8519468 -0.4837629 -0.2003774 -0.851952 -0.483762 -0.2003767 -0.8519528 -0.5091431 -0.1222316 -0.8519582 -0.5091429 -0.1222322 -0.8519582 -0.5219929 -0.04110676 -0.8519587 -0.5220339 -0.04109311 -0.8519343 -0.0301063 -0.3825212 -0.9234561 -0.03009122 -0.3824875 -0.9234706 -0.08957248 -0.3730723 -0.9234684 -0.08959639 -0.3731065 -0.9234523 -0.1468406 -0.3545063 -0.9234518 -0.1468186 -0.3544856 -0.9234633 -0.2004824 -0.3271355 -0.9234659 -0.2004806 -0.3271362 -0.923466 -0.2491864 -0.291757 -0.9234631 -0.2491245 -0.2917212 -0.9234911 -0.2917051 -0.2491417 -0.9234915 -0.2917693 -0.249167 -0.9234645 -0.327131 -0.2004806 -0.9234678 -0.3271449 -0.2004843 -0.923462 -0.354493 -0.1468316 -0.9234583 -0.3545109 -0.1468326 -0.9234513 -0.3731186 -0.08957576 -0.9234494 -0.3730493 -0.08958405 -0.9234766 -0.3824794 -0.03010696 -0.9234734 -0.3825304 -0.030092 -0.9234527 -0.01836252 -0.2334323 -0.9721997 -0.01835638 -0.2334136 -0.9722043 -0.05467289 -0.2276636 -0.9722039 -0.05464857 -0.2276305 -0.9722129 -0.08957737 -0.2162781 -0.9722138 -0.08959048 -0.216293 -0.9722093 -0.1223303 -0.1996138 -0.9722087 -0.1223422 -0.1996209 -0.9722057 -0.1520422 -0.1780372 -0.9722067 -0.1520935 -0.1780704 -0.9721927 -0.1780816 -0.1520805 -0.9721926 -0.1780298 -0.1520586 -0.9722055 -0.1996261 -0.1223368 -0.9722053 -0.1996107 -0.1223331 -0.972209 -0.2162925 -0.0895847 -0.9722099 -0.2162751 -0.08958357 -0.972214 -0.227625 -0.05466181 -0.9722135 -0.2276669 -0.05465799 -0.9722039 -0.2334142 -0.01836156 -0.972204 -0.2334286 -0.01835799 -0.9722007 -0.006169021 -0.07845938 -0.9968983 -0.006172597 -0.07846307 -0.996898 -0.01837098 -0.07653063 -0.9968981 -0.01837503 -0.07653176 -0.9968979 -0.0301178 -0.07271552 -0.9968979 -0.03012669 -0.07272094 -0.9968973 -0.04112809 -0.0671131 -0.9968973 -0.04112309 -0.06710469 -0.9968981 -0.05111271 -0.05984544 -0.9968983 -0.05110442 -0.05983692 -0.9968991 -0.0598312 -0.05110543 -0.9968994 -0.05984818 -0.05111181 -0.9968981 -0.06710094 -0.0411247 -0.9968984 -0.06710755 -0.04112553 -0.9968979 -0.07271426 -0.03011941 -0.9968979 -0.07271593 -0.03011941 -0.9968978 -0.07653057 -0.01837372 -0.996898 -0.07653403 -0.01837384 -0.9968977 -0.07846313 -0.006170809 -0.9968979 -0.07845878 -0.006171524 -0.9968983</float_array>
          <technique_common>
            <accessor source="#User_Library_E2_type_stacking_enclosure-mesh-normals-array" count="11621" stride="3">
              <param name="X" type="float"/>
              <param name="Y" type="float"/>
              <param name="Z" type="float"/>
            </accessor>
          </technique_common>
        </source>
        <vertices id="User_Library_E2_type_stacking_enclosure-mesh-vertices">
          <input semantic="POSITION" source="#User_Library_E2_type_stacking_enclosure-mesh-positions"/>
        </vertices>
        <triangles material="User_Library_E2_type_stacking_enclosure-material" count="13128">
          <input semantic="VERTEX" source="#User_Library_E2_type_stacking_enclosure-mesh-vertices" offset="0"/>
          <input semantic="NORMAL" source="#User_Library_E2_type_stacking_enclosure-mesh-normals" offset="1"/>
          <p>403 0 402 0 52 0 53 1 403 1 52 1 222 2 403 2 53 2 24 2 222 2 53 2 223 3 222 3 24 3 27 2 223 2 24 2 404 2 223 2 27 2 405 2 404 2 27 2 220 4 399 4 398 4 11 2 220 2 398 2 221 5 220 5 11 5 14 2 221 2 11 2 400 2 221 2 14 2 50 2 400 2 14 2 401 6 400 6 50 6 51 2 401 2 50 2 930 7 193 7 207 7 193 8 930 8 922 8 916 9 193 9 922 9 191 10 193 10 916 10 909 11 191 11 916 11 189 12 191 12 909 12 903 13 189 13 909 13 185 14 189 14 903 14 896 15 185 15 903 15 183 16 185 16 896 16 887 17 183 17 896 17 179 18 183 18 887 18 877 19 179 19 887 19 175 20 179 20 877 20 869 21 175 21 877 21 173 22 175 22 869 22 863 23 173 23 869 23 161 24 173 24 863 24 853 25 161 25 863 25 158 26 161 26 853 26 120 27 158 27 853 27 813 27 120 27 853 27 806 28 120 28 813 28 105 29 120 29 806 29 799 30 105 30 806 30 101 31 105 31 799 31 791 32 101 32 799 32 99 33 101 33 791 33 783 34 99 34 791 34 95 35 99 35 783 35 777 36 95 36 783 36 79 37 95 37 777 37 770 38 79 38 777 38 77 39 79 39 770 39 762 40 77 40 770 40 73 41 77 41 762 41 756 42 73 42 762 42 71 43 73 43 756 43 747 44 71 44 756 44 69 45 71 45 747 45 739 46 69 46 747 46 67 47 69 47 739 47 66 48 67 48 739 48 738 49 66 49 739 49 746 50 66 50 738 50 68 51 66 51 746 51 755 52 68 52 746 52 70 53 68 53 755 53 761 54 70 54 755 54 72 55 70 55 761 55 769 56 72 56 761 56 76 57 72 57 769 57 776 58 76 58 769 58 78 59 76 59 776 59 782 60 78 60 776 60 94 61 78 61 782 61 790 62 94 62 782 62 98 63 94 63 790 63 798 64 98 64 790 64 100 65 98 65 798 65 805 66 100 66 798 66 104 67 100 67 805 67 812 68 104 68 805 68 119 69 104 69 812 69 157 70 119 70 812 70 852 71 157 71 812 71 862 72 157 72 852 72 160 73 157 73 862 73 868 74 160 74 862 74 172 75 160 75 868 75 876 76 172 76 868 76 174 77 172 77 876 77 886 78 174 78 876 78 178 79 174 79 886 79 895 80 178 80 886 80 182 81 178 81 895 81 902 82 182 82 895 82 184 83 182 83 902 83 908 84 184 84 902 84 188 85 184 85 908 85 915 86 188 86 908 86 190 87 188 87 915 87 921 88 190 88 915 88 192 89 190 89 921 89 929 90 192 90 921 90 206 91 192 91 929 91 207 92 206 92 929 92 930 93 207 93 929 93 159 71 121 71 457 71 477 94 159 94 457 94 118 27 156 27 476 27 456 27 118 27 476 27 538 95 218 95 540 95 216 96 218 96 538 96 536 97 216 97 538 97 214 98 216 98 536 98 530 99 214 99 536 99 212 100 214 100 530 100 516 101 212 101 530 101 210 102 212 102 516 102 510 103 210 103 516 103 208 104 210 104 510 104 504 105 208 105 510 105 186 106 208 106 504 106 494 107 186 107 504 107 180 108 186 108 494 108 488 109 180 109 494 109 176 110 180 110 488 110 482 111 176 111 488 111 162 112 176 112 482 112 476 113 162 113 482 113 156 114 162 114 476 114 218 115 219 115 541 115 540 116 218 116 541 116 483 117 159 117 477 117 163 118 159 118 483 118 489 119 163 119 483 119 177 120 163 120 489 120 495 121 177 121 489 121 181 122 177 122 495 122 505 123 181 123 495 123 187 124 181 124 505 124 511 125 187 125 505 125 209 126 187 126 511 126 517 127 209 127 511 127 211 128 209 128 517 128 531 129 211 129 517 129 213 130 211 130 531 130 537 131 213 131 531 131 215 132 213 132 537 132 539 133 215 133 537 133 217 134 215 134 539 134 541 135 217 135 539 135 219 136 217 136 541 136 402 137 75 137 52 137 75 138 402 138 417 138 437 139 75 139 417 139 81 140 75 140 437 140 443 141 81 141 437 141 97 142 81 142 443 142 451 143 97 143 443 143 103 144 97 144 451 144 457 145 103 145 451 145 121 146 103 146 457 146 450 147 118 147 456 147 102 148 118 148 450 148 442 149 102 149 450 149 96 150 102 150 442 150 436 151 96 151 442 151 80 152 96 152 436 152 416 153 80 153 436 153 74 154 80 154 416 154 401 155 74 155 416 155 51 156 74 156 401 156 5023 157 4724 157 4727 157 5868 158 5869 158 5158 158 5867 159 5868 159 5158 159 5833 160 5452 160 5823 160 2861 161 2876 161 2866 161 641 162 640 162 1352 162 642 163 641 163 1352 163 676 164 1057 164 686 164 646 165 741 165 647 165 5863 166 5768 166 5862 166 5578 167 5584 167 5155 167 5154 168 5578 168 5155 168 5153 169 5578 169 5154 169 5155 170 5584 170 5590 170 5597 171 5155 171 5590 171 5603 172 5155 172 5597 172 5155 173 5603 173 5610 173 5616 174 5155 174 5610 174 5627 175 5155 175 5616 175 5155 176 5627 176 5636 176 5643 177 5155 177 5636 177 5651 178 5155 178 5643 178 5700 179 5706 179 5864 179 5651 180 5700 180 5864 180 5864 181 5706 181 5714 181 5722 182 5864 182 5714 182 5729 183 5864 183 5722 183 5864 184 5729 184 5735 184 5744 185 5864 185 5735 185 5750 186 5864 186 5744 186 5152 187 5596 187 5589 187 5583 188 5152 188 5589 188 5153 189 5152 189 5583 189 5577 190 5153 190 5583 190 5578 191 5153 191 5577 191 5721 192 5713 192 5860 192 5728 193 5721 193 5860 193 5860 194 5713 194 5705 194 5699 195 5860 195 5705 195 5650 196 5860 196 5699 196 5635 197 5626 197 5151 197 5642 198 5635 198 5151 198 5151 199 5626 199 5615 199 5609 200 5151 200 5615 200 5152 201 5151 201 5609 201 5602 202 5152 202 5609 202 5596 203 5152 203 5602 203 5861 204 5757 204 5749 204 5743 205 5861 205 5749 205 5860 206 5861 206 5743 206 5734 207 5860 207 5743 207 5728 208 5860 208 5734 208 5861 209 5862 209 5768 209 5764 210 5861 210 5768 210 5757 211 5861 211 5764 211 5864 212 5750 212 5758 212 5765 213 5864 213 5758 213 5863 214 5864 214 5765 214 5769 215 5863 215 5765 215 5768 216 5863 216 5769 216 3874 217 3893 217 3901 217 3781 218 3858 218 3850 218 3838 219 3781 219 3850 219 3780 220 3826 220 3827 220 3839 221 3780 221 3827 221 3851 222 3780 222 3839 222 3780 223 3851 223 3859 223 3871 224 3780 224 3859 224 3874 225 3780 225 3871 225 3880 226 3874 226 3871 226 3893 227 3874 227 3880 227 3887 228 3934 228 3924 228 3912 229 3887 229 3924 229 3900 230 3887 230 3912 230 3887 231 3900 231 3892 231 3879 232 3887 232 3892 232 3781 233 3887 233 3879 233 3870 234 3781 234 3879 234 3858 235 3781 235 3870 235 3950 236 3961 236 4094 236 3942 237 3950 237 4094 237 3940 238 3950 238 3942 238 4094 239 3961 239 3973 239 3995 240 4094 240 3973 240 4003 241 4094 241 3995 241 4094 242 4003 242 4015 242 4023 243 4094 243 4015 243 4035 244 4094 244 4023 244 4111 245 4066 245 4054 245 4094 246 4035 246 4043 246 4055 247 4094 247 4043 247 4067 248 4094 248 4055 248 4111 249 4054 249 4042 249 4034 250 4111 250 4042 250 4022 251 4111 251 4034 251 4111 252 4022 252 4014 252 4002 253 4111 253 4014 253 3994 254 4111 254 4002 254 4111 255 3994 255 3972 255 3960 256 4111 256 3972 256 3989 257 4111 257 3960 257 3949 258 3989 258 3960 258 3955 259 3989 259 3949 259 3934 260 3955 260 3949 260 3941 261 3955 261 3934 261 3887 262 3941 262 3934 262 3874 263 3901 263 3913 263 3925 264 3874 264 3913 264 3940 265 3874 265 3925 265 3935 266 3940 266 3925 266 3950 267 3940 267 3935 267 3598 268 3576 268 3593 268 3627 269 3598 269 3593 269 3608 270 3598 270 3627 270 3439 271 3585 271 3581 271 3568 272 3439 272 3581 272 3556 273 3439 273 3568 273 3439 274 3556 274 3548 274 3536 275 3439 275 3548 275 3528 276 3439 276 3536 276 3439 277 3528 277 3516 277 3508 278 3439 278 3516 278 3496 279 3439 279 3508 279 3484 280 3485 280 3438 280 3496 281 3484 281 3438 281 3438 282 3485 282 3497 282 3509 283 3438 283 3497 283 3517 284 3438 284 3509 284 3438 285 3517 285 3529 285 3537 286 3438 286 3529 286 3549 287 3438 287 3537 287 3438 288 3549 288 3557 288 3569 289 3438 289 3557 289 3576 290 3438 290 3569 290 3582 291 3576 291 3569 291 3593 292 3576 292 3582 292 3748 293 3661 293 3669 293 3649 294 3661 294 3748 294 3748 295 3608 295 3627 295 3637 296 3748 296 3627 296 3649 297 3748 297 3637 297 3748 298 3669 298 3681 298 3689 299 3748 299 3681 299 3701 300 3748 300 3689 300 3748 301 3701 301 3709 301 3721 302 3748 302 3709 302 3733 303 3748 303 3721 303 3732 304 3720 304 3761 304 3733 305 3732 305 3761 305 3761 306 3720 306 3708 306 3700 307 3761 307 3708 307 3688 308 3761 308 3700 308 3761 309 3688 309 3680 309 3668 310 3761 310 3680 310 3660 311 3761 311 3668 311 3761 312 3660 312 3648 312 3636 313 3761 313 3648 313 3619 314 3761 314 3636 314 3626 315 3619 315 3636 315 3585 316 3619 316 3626 316 3592 317 3585 317 3626 317 3581 318 3585 318 3592 318 931 319 925 319 1355 319 1356 320 931 320 1355 320 1357 321 931 321 1356 321 1355 322 925 322 919 322 912 323 1355 323 919 323 906 324 1355 324 912 324 1355 325 906 325 899 325 893 326 1355 326 899 326 882 327 1355 327 893 327 1355 328 882 328 873 328 866 329 1355 329 873 329 858 330 1355 330 866 330 809 331 802 331 645 331 858 332 809 332 645 332 645 333 802 333 795 333 787 334 645 334 795 334 780 335 645 335 787 335 645 336 780 336 774 336 765 337 645 337 774 337 759 338 645 338 765 338 1358 339 913 339 920 339 926 340 1358 340 920 340 1357 341 1358 341 926 341 932 342 1357 342 926 342 931 343 1357 343 932 343 649 344 781 344 788 344 796 345 649 345 788 345 649 346 796 346 803 346 810 347 649 347 803 347 859 348 649 348 810 348 1359 349 867 349 874 349 883 350 1359 350 874 350 1359 351 883 351 894 351 900 352 1359 352 894 352 1358 353 1359 353 900 353 907 354 1358 354 900 354 913 355 1358 355 907 355 648 356 647 356 741 356 745 357 648 357 741 357 752 358 648 358 745 358 648 359 752 359 760 359 766 360 648 360 760 360 649 361 648 361 766 361 775 362 649 362 766 362 781 363 649 363 775 363 645 364 759 364 751 364 744 365 645 365 751 365 646 366 645 366 744 366 740 367 646 367 744 367 741 368 646 368 740 368 2115 369 2035 369 2016 369 2093 370 2115 370 2016 370 2308 371 2115 371 2093 371 1845 372 1874 372 1933 372 2016 373 2035 373 2005 373 1933 374 2016 374 2005 374 1971 375 2016 375 1933 375 1874 376 1971 376 1933 376 1968 377 1971 377 1874 377 1812 378 1840 378 1873 378 1922 379 1812 379 1873 379 1874 380 1812 380 1922 380 1936 381 1874 381 1922 381 1968 382 1874 382 1936 382 1189 383 1168 383 1683 383 1706 384 1189 384 1683 384 1285 385 1189 385 1706 385 1717 386 1285 386 1706 386 1311 387 1285 387 1717 387 1739 388 1311 388 1717 388 1326 389 1311 389 1739 389 1780 390 1326 390 1739 390 1450 391 1326 391 1780 391 1809 392 1450 392 1780 392 1553 393 1450 393 1809 393 1824 394 1553 394 1809 394 1567 395 1553 395 1824 395 1840 396 1567 396 1824 396 988 397 1612 397 1626 397 1643 398 988 398 1626 398 1168 399 988 399 1643 399 1646 400 1168 400 1643 400 1683 401 1168 401 1646 401 1568 402 1612 402 988 402 849 403 1568 403 988 403 1563 404 1568 404 849 404 844 405 1563 405 849 405 1540 406 1563 406 844 406 829 407 1540 407 844 407 1529 408 1540 408 829 408 789 409 1529 409 829 409 1522 410 1529 410 789 410 1516 411 1522 411 789 411 728 412 1516 412 789 412 1497 413 1516 413 728 413 1129 414 1478 414 1484 414 1492 415 1129 415 1484 415 728 416 1129 416 1492 416 1494 417 728 417 1492 417 1497 418 728 418 1494 418 1461 419 1478 419 1129 419 1081 420 1461 420 1129 420 1460 421 1461 421 1081 421 1437 422 1460 422 1081 422 1057 423 1437 423 1081 423 1432 424 1437 424 1057 424 1057 425 676 425 1415 425 1428 426 1057 426 1415 426 1432 427 1057 427 1428 427 668 428 665 428 1387 428 1391 429 668 429 1387 429 676 430 668 430 1391 430 1414 431 676 431 1391 431 1415 432 676 432 1414 432 665 433 1372 433 1379 433 1384 434 665 434 1379 434 1387 435 665 435 1384 435 1371 436 1372 436 665 436 663 437 1371 437 665 437 1370 438 1371 438 663 438 1370 439 663 439 662 439 661 440 1370 440 662 440 1369 441 1370 441 661 441 660 442 1369 442 661 442 1368 443 1369 443 660 443 659 444 1368 444 660 444 1367 445 1368 445 659 445 1367 446 659 446 658 446 657 447 1367 447 658 447 1366 448 1367 448 657 448 656 449 1366 449 657 449 1365 450 1366 450 656 450 655 451 1365 451 656 451 1364 452 1365 452 655 452 654 453 1364 453 655 453 1363 454 1364 454 654 454 653 455 1363 455 654 455 1362 456 1363 456 653 456 652 457 1362 457 653 457 1361 458 1362 458 652 458 651 459 1361 459 652 459 1360 460 1361 460 651 460 1360 461 651 461 650 461 649 462 1360 462 650 462 1359 463 1360 463 649 463 859 464 1359 464 649 464 867 465 1359 465 859 465 1355 466 858 466 645 466 644 467 1355 467 645 467 1354 468 1355 468 644 468 921 469 872 469 881 469 1354 470 921 470 881 470 929 471 921 471 1354 471 1354 472 881 472 892 472 898 473 1354 473 892 473 1353 474 1354 474 898 474 905 475 1353 475 898 475 911 476 1353 476 905 476 1352 477 923 477 917 477 927 478 923 478 1352 478 1353 479 911 479 918 479 924 480 1353 480 918 480 1352 481 1353 481 924 481 928 482 1352 482 924 482 927 483 1352 483 928 483 1352 484 917 484 910 484 904 485 1352 485 910 485 897 486 1352 486 904 486 1352 487 897 487 891 487 880 488 1352 488 891 488 871 489 1352 489 880 489 1352 490 871 490 864 490 856 491 1352 491 864 491 642 492 1352 492 856 492 807 493 642 493 856 493 800 494 642 494 807 494 642 495 800 495 793 495 785 496 642 496 793 496 778 497 642 497 785 497 642 498 778 498 772 498 763 499 642 499 772 499 757 500 642 500 763 500 642 501 757 501 749 501 742 502 642 502 749 502 736 503 642 503 742 503 865 504 908 504 902 504 865 505 872 505 921 505 915 506 865 506 921 506 908 507 865 507 915 507 865 508 902 508 895 508 886 509 865 509 895 509 876 510 865 510 886 510 642 511 736 511 737 511 743 512 642 512 737 512 750 513 642 513 743 513 776 514 750 514 758 514 764 515 776 515 758 515 773 516 776 516 764 516 865 517 876 517 868 517 862 518 865 518 868 518 857 519 865 519 862 519 852 520 857 520 862 520 808 521 857 521 852 521 812 522 808 522 852 522 801 523 808 523 812 523 805 524 801 524 812 524 798 525 801 525 805 525 798 526 790 526 786 526 794 527 798 527 786 527 801 528 798 528 794 528 776 529 773 529 779 529 786 530 776 530 779 530 782 531 776 531 786 531 790 532 782 532 786 532 642 533 761 533 755 533 642 534 750 534 776 534 769 535 642 535 776 535 761 536 642 536 769 536 644 537 756 537 762 537 642 538 755 538 746 538 738 539 642 539 746 539 643 540 642 540 738 540 739 541 643 541 738 541 644 542 643 542 739 542 747 543 644 543 739 543 756 544 644 544 747 544 644 545 762 545 770 545 777 546 644 546 770 546 783 547 644 547 777 547 644 548 783 548 791 548 799 549 644 549 791 549 806 550 644 550 799 550 644 551 806 551 813 551 853 552 644 552 813 552 1354 553 644 553 853 553 863 554 1354 554 853 554 869 555 1354 555 863 555 1354 556 869 556 877 556 887 557 1354 557 877 557 896 558 1354 558 887 558 1354 559 896 559 903 559 909 560 1354 560 903 560 916 561 1354 561 909 561 1354 562 916 562 922 562 930 563 1354 563 922 563 929 564 1354 564 930 564 639 565 664 565 1378 565 1350 566 639 566 1378 566 640 567 639 567 1350 567 1351 568 640 568 1350 568 1352 569 640 569 1351 569 1378 570 664 570 666 570 670 571 1378 571 666 571 1392 572 1378 572 670 572 677 573 1392 573 670 573 1419 574 1392 574 677 574 679 575 1419 575 677 575 1420 576 1419 576 679 576 691 577 1420 577 679 577 1449 578 1420 578 691 578 703 579 1449 579 691 579 1463 580 1449 580 703 580 965 581 983 581 1613 581 1569 582 965 582 1613 582 956 583 965 583 1569 583 1542 584 956 584 1569 584 840 585 956 585 1542 585 1532 586 840 586 1542 586 817 587 840 587 1532 587 1524 588 817 588 1532 588 804 589 817 589 1524 589 1501 590 804 590 1524 590 733 591 804 591 1501 591 1485 592 733 592 1501 592 716 593 733 593 1485 593 1467 594 716 594 1485 594 715 595 716 595 1467 595 1463 596 715 596 1467 596 712 597 715 597 1463 597 703 598 712 598 1463 598 1303 599 1337 599 1719 599 1718 600 1303 600 1719 600 1265 601 1303 601 1718 601 1687 602 1265 602 1718 602 1250 603 1265 603 1687 603 1682 604 1250 604 1687 604 1135 605 1250 605 1682 605 1649 606 1135 606 1682 606 1097 607 1135 607 1649 607 1625 608 1097 608 1649 608 983 609 1097 609 1625 609 1616 610 983 610 1625 610 1613 611 983 611 1616 611 1457 612 1483 612 1786 612 1761 613 1457 613 1786 613 1337 614 1457 614 1761 614 1753 615 1337 615 1761 615 1719 616 1337 616 1753 616 1689 617 1817 617 1483 617 1483 618 1817 618 1789 618 1786 619 1483 619 1789 619 1689 620 1781 620 1843 620 1820 621 1689 621 1843 621 1817 622 1689 622 1820 622 1781 623 1849 623 1887 623 1862 624 1781 624 1887 624 1843 625 1781 625 1862 625 1849 626 1943 626 1901 626 1896 627 1849 627 1901 627 1887 628 1849 628 1896 628 1949 629 1943 629 1849 629 1875 630 1949 630 1849 630 1967 631 1949 631 1875 631 1960 632 1967 632 1875 632 1985 633 1967 633 1960 633 2357 634 2522 634 2510 634 2488 635 2357 635 2510 635 2480 636 2357 636 2488 636 2357 637 2480 637 2468 637 2460 638 2357 638 2468 638 2327 639 2357 639 2460 639 2448 640 2327 640 2460 640 2068 641 2327 641 2448 641 2440 642 2068 642 2448 642 2090 643 2429 643 2441 643 2068 644 2440 644 2428 644 2416 645 2068 645 2428 645 2417 646 2068 646 2416 646 2068 647 2417 647 2429 647 2090 648 2068 648 2429 648 2004 649 2068 649 2090 649 2015 650 2004 650 2090 650 1960 651 2004 651 2015 651 1994 652 1960 652 2015 652 1985 653 1960 653 1994 653 2090 654 2441 654 2449 654 2461 655 2090 655 2449 655 2469 656 2090 656 2461 656 2090 657 2469 657 2481 657 2489 658 2090 658 2481 658 2511 659 2090 659 2489 659 2090 660 2511 660 2523 660 2533 661 2090 661 2523 661 3018 662 2090 662 2533 662 3018 663 2533 663 2545 663 2555 664 3018 664 2545 664 2567 665 3018 665 2555 665 3018 666 2567 666 2579 666 2587 667 3018 667 2579 667 3028 668 3018 668 2587 668 2599 669 3028 669 2587 669 2607 670 3028 670 2599 670 2544 671 2810 671 2802 671 2861 672 2866 672 2844 672 2834 673 2861 673 2844 673 2822 674 2861 674 2834 674 2861 675 2822 675 2810 675 2544 676 2861 676 2810 676 2357 677 2861 677 2544 677 2532 678 2357 678 2544 678 2522 679 2357 679 2532 679 2544 680 2802 680 2790 680 2782 681 2544 681 2790 681 2554 682 2544 682 2782 682 2770 683 2554 683 2782 683 2619 684 2627 684 2751 684 2607 685 2619 685 2751 685 2751 686 2627 686 2639 686 2651 687 2751 687 2639 687 2739 688 2751 688 2651 688 2750 689 2618 689 2606 689 2626 690 2618 690 2750 690 2738 691 2739 691 2651 691 2650 692 2738 692 2651 692 2750 693 2738 693 2650 693 2638 694 2750 694 2650 694 2626 695 2750 695 2638 695 2750 696 2606 696 2598 696 2586 697 2750 697 2598 697 2578 698 2750 698 2586 698 2554 699 2770 699 2762 699 2750 700 2554 700 2762 700 2566 701 2554 701 2750 701 2578 702 2566 702 2750 702 2607 703 2751 703 2763 703 2771 704 2607 704 2763 704 2783 705 2607 705 2771 705 3028 706 2823 706 2835 706 2607 707 2783 707 2791 707 2803 708 2607 708 2791 708 3028 709 2607 709 2803 709 2811 710 3028 710 2803 710 2823 711 3028 711 2811 711 3028 712 2835 712 2845 712 2867 713 3028 713 2845 713 2877 714 3028 714 2867 714 3028 715 2877 715 2889 715 2901 716 3028 716 2889 716 2909 717 3028 717 2901 717 3028 718 2909 718 2921 718 2929 719 3028 719 2921 719 2941 720 3028 720 2929 720 3029 721 2960 721 2948 721 2972 722 2960 722 3029 722 3028 723 2941 723 2949 723 2961 724 3028 724 2949 724 3029 725 3028 725 2961 725 2973 726 3029 726 2961 726 2972 727 3029 727 2973 727 3029 728 2948 728 2940 728 2928 729 3029 729 2940 729 2920 730 3029 730 2928 730 3029 731 2920 731 2908 731 2900 732 3029 732 2908 732 2861 733 3029 733 2900 733 2888 734 2861 734 2900 734 2876 735 2861 735 2888 735 3029 736 3206 736 3190 736 3178 737 3029 737 3190 737 3029 738 3178 738 3162 738 3148 739 3029 739 3162 739 3140 740 3029 740 3148 740 3029 741 3140 741 3120 741 3112 742 3029 742 3120 742 3104 743 3029 743 3112 743 3029 744 3104 744 3096 744 3097 745 3029 745 3096 745 3028 746 3029 746 3097 746 3105 747 3028 747 3097 747 3113 748 3028 748 3105 748 3028 749 3113 749 3121 749 3141 750 3028 750 3121 750 3149 751 3028 751 3141 751 3028 752 3149 752 3163 752 3179 753 3028 753 3163 753 3191 754 3028 754 3179 754 3028 755 3191 755 3207 755 3221 756 3028 756 3207 756 3609 757 3028 757 3221 757 3609 758 3221 758 3245 758 3257 759 3609 759 3245 759 3273 760 3609 760 3257 760 3301 761 3315 761 4163 761 3609 762 3301 762 4163 762 3285 763 3301 763 3609 763 3273 764 3285 764 3609 764 4163 765 3315 765 3323 765 3335 766 4163 766 3323 766 3343 767 4163 767 3335 767 4163 768 3343 768 3580 768 3591 769 4163 769 3580 769 3625 713 4163 713 3591 713 4163 770 3625 770 3635 770 3647 771 4163 771 3635 771 3659 772 4163 772 3647 772 4163 773 3659 773 3667 773 3679 774 4163 774 3667 774 3687 775 4163 775 3679 775 3334 776 3579 776 3566 776 3590 777 3579 777 4162 777 3624 778 3590 778 4162 778 3334 779 3566 779 3554 779 3546 780 3334 780 3554 780 3534 781 3334 781 3546 781 3494 782 3350 782 3342 782 3334 783 3534 783 3526 783 3514 784 3334 784 3526 784 3342 785 3334 785 3514 785 3506 786 3342 786 3514 786 3494 787 3342 787 3506 787 3362 788 3350 788 3494 788 3482 789 3362 789 3494 789 3363 790 3362 790 3482 790 3483 791 3363 791 3482 791 3351 792 3363 792 3483 792 3495 793 3351 793 3483 793 3343 794 3351 794 3495 794 3507 795 3343 795 3495 795 3515 796 3343 796 3507 796 3343 797 3515 797 3527 797 3535 798 3343 798 3527 798 3547 799 3343 799 3535 799 3343 800 3547 800 3555 800 3567 801 3343 801 3555 801 3580 802 3343 802 3567 802 4162 803 3579 803 3334 803 3322 804 4162 804 3334 804 3314 805 4162 805 3322 805 4162 806 3314 806 3300 806 3284 807 4162 807 3300 807 3272 808 4162 808 3284 808 4162 809 3272 809 3256 809 3244 810 4162 810 3256 810 3029 811 4162 811 3244 811 3220 812 3029 812 3244 812 3206 813 3029 813 3220 813 3718 814 3910 814 3898 814 3890 815 3718 815 3898 815 3718 816 3890 816 3877 816 3868 817 3718 817 3877 817 3856 818 3718 818 3868 818 3849 819 3857 819 3707 819 3719 820 3849 820 3707 820 3837 821 3849 821 3719 821 3718 822 3856 822 3848 822 3836 823 3718 823 3848 823 3824 824 3718 824 3836 824 3825 825 3837 825 3719 825 3731 826 3825 826 3719 826 3824 827 3825 827 3731 827 3730 828 3824 828 3731 828 3718 829 3824 829 3730 829 4162 830 3947 830 3932 830 3922 831 4162 831 3932 831 3857 832 3869 832 3687 832 3699 833 3857 833 3687 833 3707 834 3857 834 3699 834 3687 835 3869 835 3878 835 3891 836 3687 836 3878 836 4163 837 3687 837 3891 837 3899 838 4163 838 3891 838 4163 839 3899 839 3911 839 3923 840 4163 840 3911 840 3933 841 4163 841 3923 841 4163 842 3933 842 3948 842 3959 843 4163 843 3948 843 3971 844 4163 844 3959 844 4163 845 3971 845 3993 845 4001 846 4163 846 3993 846 4013 847 4163 847 4001 847 4163 848 4013 848 4021 848 4033 849 4163 849 4021 849 4041 850 4163 850 4033 850 4162 851 4053 851 4065 851 4064 852 4162 852 4065 852 4052 853 4162 853 4064 853 4162 854 4052 854 4040 854 4032 855 4162 855 4040 855 4020 856 4162 856 4032 856 4162 857 4020 857 4012 857 4000 858 4162 858 4012 858 3992 859 4162 859 4000 859 4162 860 3992 860 3970 860 3958 861 4162 861 3970 861 3947 862 4162 862 3958 862 4162 863 3686 863 3678 863 3666 864 4162 864 3678 864 3658 865 4162 865 3666 865 3922 866 3910 866 3718 866 3706 867 3922 867 3718 867 4162 868 3922 868 3706 868 3698 869 4162 869 3706 869 3686 870 4162 870 3698 870 4162 871 3658 871 3646 871 3634 872 4162 872 3646 872 3624 873 4162 873 3634 873 4164 874 4201 874 4165 874 4163 875 4164 875 4165 875 4162 876 4164 876 4163 876 4041 877 4162 877 4163 877 4053 878 4162 878 4041 878 4401 879 4481 879 4500 879 4423 880 4401 880 4500 880 4201 881 4401 881 4423 881 4202 882 4201 882 4423 882 4165 883 4201 883 4202 883 4668 884 4641 884 4581 884 4500 885 4481 885 4509 885 4581 886 4500 886 4509 886 4545 887 4500 887 4581 887 4641 888 4545 888 4581 888 4548 889 4545 889 4641 889 4699 890 4672 890 4642 890 4588 891 4699 891 4642 891 4641 892 4699 892 4588 892 4578 893 4641 893 4588 893 4548 894 4641 894 4578 894 5321 895 5342 895 4829 895 4805 896 5321 896 4829 896 5225 897 5321 897 4805 897 4794 898 5225 898 4805 898 5199 899 5225 899 4794 899 4773 900 5199 900 4794 900 5182 901 5199 901 4773 901 4734 902 5182 902 4773 902 5063 903 5182 903 4734 903 4704 904 5063 904 4734 904 4961 905 5063 905 4704 905 4689 906 4961 906 4704 906 4947 907 4961 907 4689 907 4672 908 4947 908 4689 908 5521 909 4901 909 4888 909 4871 910 5521 910 4888 910 5342 911 5521 911 4871 911 4867 912 5342 912 4871 912 4829 913 5342 913 4867 913 4946 914 4901 914 5521 914 5660 915 4946 915 5521 915 4949 916 4946 916 5660 916 5665 917 4949 917 5660 917 4972 918 4949 918 5665 918 5680 919 4972 919 5665 919 4983 920 4972 920 5680 920 5718 921 4983 921 5680 921 4990 922 4983 922 5718 922 4996 923 4990 923 5718 923 5781 924 4996 924 5718 924 5015 925 4996 925 5781 925 5378 926 5034 926 5029 926 5020 927 5378 927 5029 927 5781 928 5378 928 5020 928 5018 929 5781 929 5020 929 5015 930 5781 930 5018 930 5051 931 5034 931 5378 931 5428 932 5051 932 5378 932 5052 933 5051 933 5428 933 5075 934 5052 934 5428 934 5452 935 5075 935 5428 935 5079 936 5075 936 5452 936 5452 937 5833 937 5097 937 5084 938 5452 938 5097 938 5079 939 5452 939 5084 939 5841 940 5844 940 5123 940 5119 941 5841 941 5123 941 5833 942 5841 942 5119 942 5098 943 5833 943 5119 943 5097 944 5833 944 5098 944 5844 945 5138 945 5131 945 5126 946 5844 946 5131 946 5123 947 5844 947 5126 947 5139 948 5138 948 5844 948 5846 949 5139 949 5844 949 5140 950 5139 950 5846 950 5140 951 5846 951 5847 951 5848 952 5140 952 5847 952 5141 953 5140 953 5848 953 5849 954 5141 954 5848 954 5142 955 5141 955 5849 955 5850 956 5142 956 5849 956 5143 957 5142 957 5850 957 5143 958 5850 958 5851 958 5852 959 5143 959 5851 959 5144 960 5143 960 5852 960 5853 961 5144 961 5852 961 5145 962 5144 962 5853 962 5854 963 5145 963 5853 963 5146 964 5145 964 5854 964 5855 965 5146 965 5854 965 5147 966 5146 966 5855 966 5856 967 5147 967 5855 967 5148 963 5147 963 5856 963 5857 968 5148 968 5856 968 5149 969 5148 969 5857 969 5858 970 5149 970 5857 970 5150 967 5149 967 5858 967 5150 971 5858 971 5859 971 5860 972 5150 972 5859 972 5151 973 5150 973 5860 973 5650 974 5151 974 5860 974 5642 975 5151 975 5650 975 5155 976 5651 976 5864 976 5865 977 5155 977 5864 977 5156 978 5155 978 5865 978 5867 979 5767 979 5773 979 5772 980 5867 980 5773 980 5766 981 5867 981 5772 981 5771 982 5759 982 5751 982 5633 983 5644 983 5623 983 5723 984 5704 984 5730 984 5704 985 5723 985 5715 985 5707 986 5704 986 5715 986 5701 987 5704 987 5707 987 5644 988 5633 988 5641 988 5647 989 5644 989 5641 989 5652 990 5644 990 5647 990 5657 991 5652 991 5647 991 5701 992 5652 992 5657 992 5697 993 5701 993 5657 993 5704 994 5701 994 5697 994 5730 995 5704 995 5710 995 5720 996 5730 996 5710 996 5727 997 5730 997 5720 997 5730 998 5727 998 5733 998 5740 999 5730 999 5733 999 5748 1000 5730 1000 5740 1000 5771 1001 5751 1001 5745 1001 5736 1002 5771 1002 5745 1002 5763 1003 5771 1003 5736 1003 5730 1004 5763 1004 5736 1004 5754 1005 5763 1005 5730 1005 5748 1006 5754 1006 5730 1006 5865 1007 5753 1007 5747 1007 5867 1008 5766 1008 5759 1008 5771 1009 5867 1009 5759 1009 5866 1010 5867 1010 5771 1010 5770 1011 5866 1011 5771 1011 5865 1012 5866 1012 5770 1012 5762 1013 5865 1013 5770 1013 5753 1014 5865 1014 5762 1014 5865 1015 5747 1015 5739 1015 5732 1016 5865 1016 5739 1016 5726 1017 5865 1017 5732 1017 5865 1018 5726 1018 5719 1018 5709 1019 5865 1019 5719 1019 5703 1020 5865 1020 5709 1020 5865 1021 5703 1021 5696 1021 5656 1022 5865 1022 5696 1022 5156 1023 5865 1023 5656 1023 5646 1024 5156 1024 5656 1024 5640 1025 5156 1025 5646 1025 5156 1026 5640 1026 5632 1026 5622 1027 5156 1027 5632 1027 5613 1028 5156 1028 5622 1028 5156 1029 5613 1029 5606 1029 5600 1030 5156 1030 5606 1030 5593 1031 5156 1031 5600 1031 5156 1032 5593 1032 5587 1032 5579 1033 5156 1033 5587 1033 5580 1034 5156 1034 5579 1034 5156 1035 5580 1035 5588 1035 5594 1036 5156 1036 5588 1036 5628 1037 5156 1037 5594 1037 5601 1038 5628 1038 5594 1038 5637 1039 5628 1039 5601 1039 5607 1040 5637 1040 5601 1040 5644 1041 5637 1041 5607 1041 5614 1042 5644 1042 5607 1042 5623 1043 5644 1043 5614 1043 5156 1044 5628 1044 5617 1044 5611 1045 5156 1045 5617 1045 5157 1046 5156 1046 5611 1046 5604 1047 5157 1047 5611 1047 5598 1048 5157 1048 5604 1048 5157 1049 5598 1049 5591 1049 5585 1050 5157 1050 5591 1050 5158 1051 5157 1051 5585 1051 5581 1052 5158 1052 5585 1052 5158 1053 5581 1053 5582 1053 5586 1054 5158 1054 5582 1054 5592 1055 5158 1055 5586 1055 5158 1056 5592 1056 5599 1056 5605 1057 5158 1057 5599 1057 5612 1058 5158 1058 5605 1058 5158 1059 5612 1059 5618 1059 5629 1060 5158 1060 5618 1060 5638 1061 5158 1061 5629 1061 5158 1062 5638 1062 5645 1062 5653 1063 5158 1063 5645 1063 5867 1064 5158 1064 5653 1064 5702 1065 5867 1065 5653 1065 5867 1066 5702 1066 5708 1066 5716 1067 5867 1067 5708 1067 5724 1068 5867 1068 5716 1068 5867 1069 5724 1069 5731 1069 5737 1070 5867 1070 5731 1070 5746 1071 5867 1071 5737 1071 5867 1072 5746 1072 5752 1072 5760 1073 5867 1073 5752 1073 5767 1074 5867 1074 5760 1074 5870 1075 5845 1075 5132 1075 5160 1076 5870 1076 5132 1076 5869 1077 5870 1077 5160 1077 5159 1078 5869 1078 5160 1078 5158 959 5869 959 5159 959 5132 1079 5845 1079 5843 1079 5838 1080 5132 1080 5843 1080 5116 1081 5132 1081 5838 1081 5832 1082 5116 1082 5838 1082 5093 1083 5116 1083 5832 1083 5826 1084 5093 1084 5832 1084 5085 1085 5093 1085 5826 1085 5817 1086 5085 1086 5826 1086 5061 1087 5085 1087 5817 1087 5803 1088 5061 1088 5817 1088 5044 1089 5061 1089 5803 1089 5044 1090 5803 1090 5797 1090 5794 1091 5044 1091 5797 1091 5042 1092 5044 1092 5794 1092 5792 1093 5042 1093 5794 1093 5026 1094 5042 1094 5792 1094 5776 1095 5026 1095 5792 1095 5011 1096 5026 1096 5776 1096 5711 1097 5011 1097 5776 1097 4988 1098 5011 1098 5711 1098 5692 1099 4988 1099 5711 1099 4980 1100 4988 1100 5692 1100 5675 1101 4980 1101 5692 1101 4970 1102 4980 1102 5675 1102 5553 1103 4970 1103 5675 1103 4945 1104 4970 1104 5553 1104 5544 1105 4945 1105 5553 1105 4902 1106 4945 1106 5544 1106 5527 1107 4902 1107 5544 1107 4898 1108 4902 1108 5527 1108 4889 1109 4898 1109 5527 1109 5412 1110 4889 1110 5527 1110 4868 1111 4889 1111 5412 1111 4830 1112 4868 1112 5412 1112 5260 1113 4830 1113 5412 1113 4825 1114 4830 1114 5260 1114 5245 1115 4825 1115 5260 1115 4795 1116 4825 1116 5245 1116 5210 1117 4795 1117 5245 1117 4793 1118 4795 1118 5210 1118 5167 1119 4793 1119 5210 1119 4754 1120 4793 1120 5167 1120 5055 1121 5023 1121 4727 1121 4728 1122 5055 1122 4727 1122 5167 1123 5055 1123 4728 1123 4751 1124 5167 1124 4728 1124 4754 1125 5167 1125 4751 1125 4696 1126 4724 1126 5023 1126 4818 1127 4696 1127 5023 1127 4692 1128 4696 1128 4818 1128 4670 1129 4692 1129 4818 1129 4729 1130 4670 1130 4818 1130 4651 1131 4670 1131 4729 1131 4626 1132 4651 1132 4729 1132 4662 1133 4626 1133 4729 1133 4613 1134 4626 1134 4662 1134 4662 1135 4557 1135 4571 1135 4613 1136 4662 1136 4571 1136 4557 1137 4662 1137 4629 1137 4539 1138 4557 1138 4629 1138 4522 1139 4557 1139 4539 1139 4426 1140 4512 1140 4448 1140 4327 1141 4426 1141 4448 1141 4539 1142 4512 1142 4426 1142 4501 1143 4539 1143 4426 1143 4522 1144 4539 1144 4501 1144 4188 1145 4186 1145 4189 1145 4191 1146 4188 1146 4189 1146 4190 1147 4188 1147 4191 1147 4238 1148 4190 1148 4191 1148 4237 1149 4190 1149 4238 1149 4327 1150 4237 1150 4238 1150 4326 1151 4237 1151 4327 1151 4448 1152 4326 1152 4327 1152 4186 1153 4176 1153 4175 1153 4187 1154 4186 1154 4175 1154 4189 1155 4186 1155 4187 1155 4175 1156 4176 1156 4174 1156 4172 1157 4175 1157 4174 1157 4173 1158 4175 1158 4172 1158 4170 1159 4173 1159 4172 1159 4171 1160 4173 1160 4170 1160 4168 1161 4171 1161 4170 1161 4169 1162 4171 1162 4168 1162 4166 1163 4169 1163 4168 1163 4167 1164 4169 1164 4166 1164 4160 1165 4167 1165 4166 1165 4161 1166 4167 1166 4160 1166 4134 1167 4161 1167 4160 1167 4117 1168 4161 1168 4134 1168 4117 1169 4134 1169 4116 1169 4114 1170 4117 1170 4116 1170 4115 1171 4117 1171 4114 1171 4112 1172 4115 1172 4114 1172 4113 1173 4115 1173 4112 1173 4094 1174 4113 1174 4112 1174 4111 1175 4113 1175 4094 1175 4067 1176 4111 1176 4094 1176 4066 1177 4111 1177 4067 1177 3748 1178 3733 1178 3761 1178 3779 1179 3748 1179 3761 1179 3778 1180 3748 1180 3779 1180 3781 1181 3778 1181 3779 1181 3780 1182 3778 1182 3781 1182 3838 1183 3780 1183 3781 1183 3826 1184 3780 1184 3838 1184 2330 1185 2503 1185 2524 1185 2512 1186 2330 1186 2524 1186 2330 1187 2512 1187 2490 1187 2482 1188 2330 1188 2490 1188 2470 1189 2330 1189 2482 1189 2330 1190 2470 1190 2462 1190 2450 1191 2330 1191 2462 1191 2442 1192 2330 1192 2450 1192 2331 1193 2430 1193 2418 1193 2419 1194 2331 1194 2418 1194 2431 1195 2331 1195 2419 1195 2331 1196 2431 1196 2443 1196 2451 1197 2331 1197 2443 1197 2463 1198 2331 1198 2451 1198 2331 1199 2463 1199 2471 1199 2483 1200 2331 1200 2471 1200 2491 1201 2331 1201 2483 1201 2824 1202 2503 1202 2836 1202 2503 1203 2824 1203 2812 1203 2804 1204 2503 1204 2812 1204 2792 1205 2503 1205 2804 1205 2503 1206 2556 1206 2546 1206 2534 1207 2503 1207 2546 1207 2524 1208 2503 1208 2534 1208 2503 1209 2792 1209 2784 1209 2772 1210 2503 1210 2784 1210 2556 1211 2503 1211 2772 1211 2764 1212 2556 1212 2772 1212 2752 1213 2556 1213 2764 1213 2331 1214 2491 1214 2513 1214 2525 1215 2331 1215 2513 1215 2535 1216 2331 1216 2525 1216 2331 1217 2535 1217 2547 1217 2557 1218 2331 1218 2547 1218 3436 1219 2331 1219 2557 1219 2805 1220 2581 1220 2589 1220 2569 1221 2581 1221 2805 1221 2805 1222 2589 1222 2601 1222 2609 1223 2805 1223 2601 1223 2621 1224 2805 1224 2609 1224 2753 1225 2629 1225 2641 1225 2653 1226 2753 1226 2641 1226 2741 1227 2753 1227 2653 1227 2740 1228 2741 1228 2653 1228 2652 1229 2740 1229 2653 1229 2752 1230 2740 1230 2652 1230 2752 1231 2652 1231 2640 1231 2628 1232 2752 1232 2640 1232 2620 1233 2752 1233 2628 1233 2621 1234 2773 1234 2785 1234 2793 1235 2621 1235 2785 1235 2805 1236 2621 1236 2793 1236 2621 1237 2629 1237 2753 1237 2765 1238 2621 1238 2753 1238 2773 1239 2621 1239 2765 1239 2557 1240 2569 1240 2805 1240 2813 1241 2557 1241 2805 1241 2825 1242 2557 1242 2813 1242 3436 1243 2879 1243 2891 1243 2557 1244 2825 1244 2837 1244 2847 1245 2557 1245 2837 1245 3436 1246 2557 1246 2847 1246 2869 1247 3436 1247 2847 1247 2879 1248 3436 1248 2869 1248 3436 1249 2891 1249 2903 1249 2911 1250 3436 1250 2903 1250 2923 1251 3436 1251 2911 1251 3436 1252 2923 1252 2931 1252 2943 1253 3436 1253 2931 1253 2951 1254 3436 1254 2943 1254 3150 1255 2942 1255 2930 1255 3222 1256 3208 1256 3437 1256 3246 1154 3222 1154 3437 1154 2930 1257 3192 1257 3180 1257 3164 1258 2930 1258 3180 1258 3150 1259 2930 1259 3164 1259 2951 1260 3123 1260 3143 1260 2962 1261 3142 1261 3122 1261 2975 1262 3107 1262 2963 1262 2962 1263 3122 1263 3114 1263 3106 1264 2962 1264 3114 1264 2974 1265 2962 1265 3106 1265 3098 1266 2974 1266 3106 1266 2975 1267 2974 1267 3098 1267 3099 1268 2975 1268 3098 1268 3107 1269 2975 1269 3099 1269 2951 1270 2963 1270 3107 1270 3115 1271 2951 1271 3107 1271 3123 1272 2951 1272 3115 1272 3150 1273 3142 1273 2962 1273 2950 1274 3150 1274 2962 1274 2942 1275 3150 1275 2950 1275 2951 1276 3143 1276 3151 1276 3165 1277 2951 1277 3151 1277 3181 1278 2951 1278 3165 1278 2951 1279 3181 1279 3193 1279 3209 1280 2951 1280 3193 1280 3436 1281 2951 1281 3209 1281 3223 1282 3436 1282 3209 1282 3436 1283 3223 1283 3247 1283 3259 1284 3436 1284 3247 1284 3275 1285 3436 1285 3259 1285 3436 1286 3275 1286 3287 1286 3303 1287 3436 1287 3287 1287 3317 1288 3436 1288 3303 1288 3237 1289 2902 1289 2890 1289 2910 1290 2902 1290 3237 1290 3437 1291 3208 1291 3192 1291 2930 1292 3437 1292 3192 1292 3237 1293 3437 1293 2930 1293 2922 1294 3237 1294 2930 1294 2910 1295 3237 1295 2922 1295 3237 1296 2890 1296 2878 1296 2868 1297 3237 1297 2878 1297 2503 1298 3237 1298 2868 1298 2846 1299 2503 1299 2868 1299 2836 1300 2503 1300 2846 1300 3436 1301 3317 1301 3325 1301 3337 1302 3436 1302 3325 1302 3345 1303 3436 1303 3337 1303 3436 1304 3345 1304 3353 1304 3365 1305 3436 1305 3353 1305 3364 1306 3436 1306 3365 1306 3439 1307 3496 1307 3438 1307 3436 1308 3439 1308 3438 1308 3437 1145 3439 1145 3436 1145 3364 1309 3437 1309 3436 1309 3352 1310 3437 1310 3364 1310 3437 1311 3352 1311 3344 1311 3336 1312 3437 1312 3344 1312 3324 1313 3437 1313 3336 1313 3437 1314 3324 1314 3316 1314 3302 1315 3437 1315 3316 1315 3286 1316 3437 1316 3302 1316 3437 1317 3286 1317 3274 1317 3258 1318 3437 1318 3274 1318 3246 1319 3437 1319 3258 1319 2752 1320 2620 1320 2608 1320 2600 1321 2752 1321 2608 1321 2588 1322 2752 1322 2600 1322 2752 1323 2588 1323 2580 1323 2568 1324 2752 1324 2580 1324 2556 1325 2752 1325 2568 1325 2308 1326 2093 1326 2307 1326 2328 1327 2308 1327 2307 1327 2329 1328 2308 1328 2328 1328 2330 1329 2329 1329 2328 1329 2331 1330 2329 1330 2330 1330 2442 1331 2331 1331 2330 1331 2430 1332 2331 1332 2442 1332 4818 1333 5023 1333 4920 1333 4807 1334 4818 1334 4920 1334 4729 1335 4818 1335 4807 1335 4766 1336 4729 1336 4807 1336 4662 1337 4729 1337 4766 1337 4709 1338 4662 1338 4766 1338 4629 1339 4662 1339 4709 1339 5378 1340 5781 1340 5783 1340 5807 1341 5378 1341 5783 1341 5428 1342 5378 1342 5807 1342 5816 1343 5428 1343 5807 1343 5452 1344 5428 1344 5816 1344 5820 1345 5452 1345 5816 1345 5823 1346 5452 1346 5820 1346 4641 1347 4668 1347 4675 1347 4779 1348 4641 1348 4675 1348 4699 1349 4641 1349 4779 1349 4864 1350 4699 1350 4779 1350 4672 1351 4699 1351 4864 1351 4907 1352 4672 1352 4864 1352 4947 1353 4672 1353 4907 1353 1689 1354 1483 1354 1589 1354 1705 1355 1689 1355 1589 1355 1781 1356 1689 1356 1705 1356 1746 1357 1781 1357 1705 1357 1849 1358 1781 1358 1746 1358 1800 1359 1849 1359 1746 1359 1875 1360 1849 1360 1800 1360 1129 1361 728 1361 726 1361 702 1362 1129 1362 726 1362 1081 1363 1129 1363 702 1363 693 1364 1081 1364 702 1364 1057 1365 1081 1365 693 1365 689 1366 1057 1366 693 1366 686 1367 1057 1367 689 1367 1874 1368 1845 1368 1838 1368 1733 1369 1874 1369 1838 1369 1812 1370 1874 1370 1733 1370 1650 1371 1812 1371 1733 1371 1840 1372 1812 1372 1650 1372 1607 1373 1840 1373 1650 1373 1567 1374 1840 1374 1607 1374 401 1375 419 1375 400 1375 405 1376 441 1376 435 1376 421 1377 405 1377 435 1377 404 1378 405 1378 421 1378 402 1379 403 1379 420 1379 434 1380 402 1380 420 1380 440 1381 402 1381 434 1381 418 1382 432 1382 398 1382 399 1383 418 1383 398 1383 416 1384 436 1384 447 1384 439 1385 416 1385 447 1385 401 1386 416 1386 439 1386 433 1387 401 1387 439 1387 419 1388 401 1388 433 1388 995 1389 527 1389 523 1389 405 1390 481 1390 455 1390 449 1391 405 1391 455 1391 441 1392 405 1392 449 1392 398 1393 432 1393 438 1393 446 1394 398 1394 438 1394 452 1395 398 1395 446 1395 501 1396 536 1396 538 1396 491 1397 510 1397 516 1397 502 1398 508 1398 995 1398 498 1399 502 1399 995 1399 995 1400 508 1400 514 1400 520 1401 995 1401 514 1401 996 1402 995 1402 520 1402 487 1403 481 1403 405 1403 996 1404 487 1404 405 1404 493 1405 487 1405 996 1405 398 1406 452 1406 478 1406 484 1407 398 1407 478 1407 995 1408 398 1408 484 1408 490 1409 995 1409 484 1409 496 1410 995 1410 490 1410 995 1411 512 1411 518 1411 522 1412 995 1412 518 1412 526 1413 995 1413 522 1413 536 1414 501 1414 497 1414 491 1415 536 1415 497 1415 530 1416 536 1416 491 1416 516 1417 530 1417 491 1417 996 1418 520 1418 524 1418 528 1419 996 1419 524 1419 534 1420 996 1420 528 1420 996 1421 525 1421 521 1421 515 1422 996 1422 521 1422 509 1423 996 1423 515 1423 995 1424 496 1424 500 1424 506 1425 995 1425 500 1425 512 1426 995 1426 506 1426 995 1427 526 1427 532 1427 533 1428 995 1428 532 1428 527 1429 995 1429 533 1429 996 1430 534 1430 535 1430 529 1431 996 1431 535 1431 525 1432 996 1432 529 1432 996 1433 509 1433 503 1433 499 1434 996 1434 503 1434 493 1435 996 1435 499 1435 476 1436 482 1436 485 1436 479 1437 476 1437 485 1437 456 1438 476 1438 479 1438 453 1439 456 1439 479 1439 450 1440 456 1440 453 1440 447 1441 450 1441 453 1441 442 1442 450 1442 447 1442 436 1443 442 1443 447 1443 485 1444 482 1444 488 1444 494 1445 485 1445 488 1445 491 1446 485 1446 494 1446 504 1447 491 1447 494 1447 510 1448 491 1448 504 1448 454 1449 451 1449 448 1449 448 1450 451 1450 443 1450 437 1451 448 1451 443 1451 440 1452 448 1452 437 1452 417 1453 440 1453 437 1453 402 1454 440 1454 417 1454 531 1455 517 1455 492 1455 537 1456 531 1456 492 1456 995 1457 540 1457 541 1457 505 1458 495 1458 486 1458 492 1459 505 1459 486 1459 511 1460 505 1460 492 1460 517 1461 511 1461 492 1461 538 1462 540 1462 995 1462 995 1463 541 1463 539 1463 537 1464 995 1464 539 1464 498 1465 995 1465 537 1465 492 1466 498 1466 537 1466 486 1467 495 1467 489 1467 483 1468 486 1468 489 1468 480 1469 486 1469 483 1469 477 1470 480 1470 483 1470 454 1471 480 1471 477 1471 457 1472 454 1472 477 1472 451 1473 454 1473 457 1473 995 1474 523 1474 519 1474 513 1475 995 1475 519 1475 538 1476 995 1476 513 1476 507 1477 538 1477 513 1477 501 1478 538 1478 507 1478 12 1479 300 1479 16 1479 300 1479 12 1479 358 1479 359 1479 300 1479 358 1479 302 1480 300 1480 359 1480 18 1479 302 1479 359 1479 18 1481 359 1481 134 1481 46 1479 18 1479 134 1479 20 1482 18 1482 46 1482 361 1479 28 1479 22 1479 306 1479 361 1479 22 1479 360 1479 361 1479 306 1479 304 1483 360 1483 306 1483 135 1479 360 1479 304 1479 20 1479 135 1479 304 1479 47 1479 135 1479 20 1479 46 1484 47 1484 20 1484 307 1485 278 1485 279 1485 361 1486 307 1486 279 1486 358 1487 274 1487 275 1487 301 1488 358 1488 275 1488 305 1489 276 1489 277 1489 305 1490 343 1490 342 1490 303 1491 305 1491 342 1491 276 1492 305 1492 303 1492 307 1493 361 1493 360 1493 351 1494 307 1494 360 1494 305 1495 307 1495 351 1495 349 1496 305 1496 351 1496 343 1497 305 1497 349 1497 303 1498 342 1498 348 1498 350 1499 303 1499 348 1499 301 1500 303 1500 350 1500 359 1501 301 1501 350 1501 358 1502 301 1502 359 1502 996 1479 26 1479 10 1479 995 1479 996 1479 10 1479 29 2 279 2 278 2 23 2 29 2 278 2 2368 1479 3082 1479 3084 1479 2372 1479 2368 1479 3084 1479 3044 2 2759 2 2371 2 3042 2 3089 2 3087 2 2957 2 3042 2 3087 2 3044 1503 3042 1503 2957 1503 2955 2 3044 2 2957 2 2759 2 3044 2 2955 2 2437 2 2435 2 2367 2 2371 1504 2437 1504 2367 1504 2633 2 2437 2 2371 2 2759 2 2633 2 2371 2 2635 2 2633 2 2759 2 2757 2 2635 2 2759 2 3478 1505 3470 1505 3379 1505 3501 1506 3478 1506 3379 1506 4127 1507 4088 1507 4080 1507 4072 1508 4127 1508 4080 1508 4049 1509 4127 1509 4072 1509 3738 1510 3715 1510 3843 1510 3746 1511 3738 1511 3843 1511 3755 1512 3746 1512 3843 1512 3820 1513 3755 1513 3843 1513 3812 1514 3755 1514 3820 1514 2412 1515 2404 1515 2367 1515 2435 1516 2412 1516 2367 1516 3804 1517 3726 1517 3742 1517 2734 1518 2726 1518 2635 1518 2757 1519 2734 1519 2635 1519 3804 1520 3742 1520 3751 1520 3759 1521 3804 1521 3751 1521 3768 1522 3804 1522 3759 1522 3804 1523 3768 1523 3774 1523 3775 1524 3804 1524 3774 1524 3812 1525 3804 1525 3775 1525 3764 1526 3812 1526 3775 1526 3755 1527 3812 1527 3764 1527 3087 1528 2996 1528 2988 1528 2980 1529 3087 1529 2988 1529 2957 1530 3087 1530 2980 1530 2710 1531 2682 1531 2674 1531 2666 1532 2710 1532 2674 1532 2635 1533 2726 1533 2718 1533 2710 1534 2635 1534 2718 1534 2658 1535 2635 1535 2710 1535 2666 1536 2658 1536 2710 1536 3382 1537 3390 1537 3450 1537 3374 1538 3382 1538 3450 1538 3694 1539 3726 1539 3804 1539 3796 1540 3694 1540 3804 1540 3787 1541 3694 1541 3796 1541 2366 1542 2400 1542 2408 1542 4126 1543 3978 1543 4008 1543 3454 1544 3445 1544 3418 1544 3410 1545 3454 1545 3418 1545 3394 1546 3454 1546 3410 1546 3379 1547 3470 1547 3462 1547 3454 1548 3379 1548 3462 1548 3386 1549 3379 1549 3454 1549 3394 1550 3386 1550 3454 1550 3674 1551 3808 1551 3816 1551 2367 1552 2404 1552 2396 1552 2388 1553 2367 1553 2396 1553 2379 1554 2367 1554 2388 1554 2366 1555 3522 1555 3542 1555 2662 1556 2778 1556 2798 1556 3832 1557 2366 1557 3816 1557 4126 1558 4008 1558 4028 1558 4060 1559 4126 1559 4028 1559 4076 1560 4126 1560 4060 1560 3450 1561 3390 1561 3406 1561 3414 1562 3450 1562 3406 1562 3444 1563 3450 1563 3414 1563 3428 1564 3444 1564 3414 1564 3445 1565 3444 1565 3428 1565 3429 1566 3445 1566 3428 1566 3418 1567 3445 1567 3429 1567 2367 1568 2379 1568 2378 1568 2384 1569 2367 1569 2378 1569 2366 1570 2367 1570 2384 1570 2392 1571 2366 1571 2384 1571 2400 1572 2366 1572 2392 1572 3936 1573 4126 1573 3918 1573 4127 1574 4107 1574 4108 1574 4097 1575 4127 1575 4108 1575 4088 1576 4127 1576 4097 1576 3068 1577 3000 1577 3008 1577 2686 1578 2714 1578 2678 1578 2678 1579 2714 1579 2722 1579 2730 1580 2678 1580 2722 1580 2670 1581 2678 1581 2730 1581 2662 1582 2670 1582 2730 1582 2746 1583 2662 1583 2730 1583 2778 1584 2662 1584 2746 1584 2366 1585 3832 1585 3864 1585 3885 1586 2366 1586 3864 1586 4126 1587 2366 1587 3885 1587 3906 1588 4126 1588 3885 1588 3918 1589 4126 1589 3906 1589 4126 1590 3936 1590 3951 1590 3966 1591 4126 1591 3951 1591 3978 1592 4126 1592 3966 1592 4126 1593 4076 1593 4084 1593 4092 1594 4126 1594 4084 1594 4127 1595 4126 1595 4092 1595 4101 1596 4127 1596 4092 1596 4107 1597 4127 1597 4101 1597 2366 1598 2408 1598 2424 1598 2456 1599 2366 1599 2424 1599 2476 1600 2366 1600 2456 1600 2984 1601 3076 1601 3092 1601 3128 1602 2984 1602 3092 1602 3156 1603 2984 1603 3128 1603 3490 1604 3522 1604 2366 1604 3694 1605 3787 1605 3786 1605 3792 1606 3694 1606 3786 1606 3674 1607 3694 1607 3792 1607 3800 1608 3674 1608 3792 1608 3808 1609 3674 1609 3800 1609 3068 1610 3076 1610 2984 1610 2992 1611 3068 1611 2984 1611 3000 1612 3068 1612 2992 1612 2366 1613 2476 1613 2506 1613 2518 1614 2366 1614 2506 1614 2536 1615 2366 1615 2518 1615 3330 1616 3466 1616 3474 1616 3310 1617 3330 1617 3474 1617 2366 1618 3542 1618 3562 1618 3574 1619 2366 1619 3562 1619 3594 1620 2366 1620 3574 1620 2366 1621 3594 1621 3628 1621 3642 1622 2366 1622 3628 1622 3816 1623 2366 1623 3642 1623 3654 1624 3816 1624 3642 1624 3674 1625 3816 1625 3654 1625 3004 1626 2996 1626 3087 1626 3072 1627 3004 1627 3087 1627 3064 1628 3004 1628 3072 1628 2366 1629 2536 1629 2548 1629 2562 1630 2366 1630 2548 1630 2574 1631 2366 1631 2562 1631 2936 1632 3198 1632 3224 1632 2984 1633 3156 1633 3174 1633 3198 1634 2984 1634 3174 1634 2968 1635 2984 1635 3198 1635 2936 1636 2968 1636 3198 1636 3008 1637 3014 1637 3052 1637 3060 1638 3008 1638 3052 1638 3068 1639 3008 1639 3060 1639 2366 1640 2848 1640 2870 1640 3474 1641 3490 1641 2366 1641 3292 1642 3474 1642 2366 1642 3310 1643 3474 1643 3292 1643 3330 1644 3374 1644 3450 1644 3458 1645 3330 1645 3450 1645 3466 1646 3330 1646 3458 1646 2693 1647 2682 1647 2710 1647 2701 1648 2693 1648 2710 1648 2692 1649 2693 1649 2701 1649 2700 1649 2692 1649 2701 1649 2686 1650 2692 1650 2700 1650 2706 1651 2686 1651 2700 1651 2714 1652 2686 1652 2706 1652 2662 1653 2798 1653 2818 1653 2830 1654 2662 1654 2818 1654 2646 1655 2662 1655 2830 1655 2848 1656 2646 1656 2830 1656 2614 1657 2646 1657 2848 1657 2366 1658 2614 1658 2848 1658 2594 1659 2614 1659 2366 1659 2574 1660 2594 1660 2366 1660 3004 1661 3064 1661 3056 1661 3048 1662 3004 1662 3056 1662 3015 1663 3004 1663 3048 1663 3039 1664 3015 1664 3048 1664 3014 1665 3015 1665 3039 1665 3038 1666 3014 1666 3039 1666 3052 1667 3014 1667 3038 1667 2366 1668 3224 1668 3248 1668 3268 1669 2366 1669 3248 1669 3292 1670 2366 1670 3268 1670 2366 1671 2870 1671 2884 1671 2896 1672 2366 1672 2884 1672 3224 1673 2366 1673 2896 1673 2916 1674 3224 1674 2896 1674 2936 1675 3224 1675 2916 1675 2369 2 2373 2 3085 2 3083 2 2369 2 3085 2 2368 1676 2369 1676 3083 1676 3082 1677 2368 1677 3083 1677 2370 1479 2366 1479 4126 1479 4130 1479 2370 1479 4126 1479 997 1678 406 1678 407 1678 998 1679 997 1679 407 1679 936 1680 1237 1680 1469 1680 549 1681 604 1681 471 1681 2127 1479 2342 1479 2346 1479 2132 1479 2127 1479 2346 1479 1795 1682 2127 1682 2132 1682 1409 1479 1795 1479 2132 1479 1469 1479 1795 1479 1409 1479 1469 1683 1409 1683 948 1683 467 1479 1469 1479 948 1479 936 1684 1469 1684 467 1684 203 1479 936 1479 467 1479 170 1479 936 1479 203 1479 604 1685 549 1685 673 1685 828 1479 604 1479 673 1479 936 1686 604 1686 828 1686 1013 1479 936 1479 828 1479 1237 1687 936 1687 1013 1687 37 1479 32 1479 362 1479 363 1479 37 1479 362 1479 63 1479 37 1479 363 1479 431 1688 63 1688 363 1688 91 1689 63 1689 431 1689 471 1479 91 1479 431 1479 115 1690 91 1690 471 1690 604 1479 115 1479 471 1479 131 1479 115 1479 604 1479 142 1479 131 1479 604 1479 274 2 13 2 17 2 275 2 274 2 17 2 362 1691 280 1691 281 1691 363 1692 362 1692 281 1692 617 1693 559 1693 475 1693 407 2 406 2 31 2 36 2 407 2 31 2 445 2 407 2 36 2 62 1694 445 1694 36 1694 475 2 445 2 62 2 1242 1695 955 1695 1482 1695 475 2 62 2 90 2 114 2 475 2 90 2 617 2 475 2 114 2 130 1696 617 1696 114 1696 141 2 617 2 130 2 2131 2 2345 2 2341 2 2126 2 2131 2 2341 2 1408 2 2131 2 2126 2 1797 2 1408 2 2126 2 947 2 1408 2 1797 2 1482 2 947 2 1797 2 466 2 947 2 1482 2 955 2 466 2 1482 2 202 2 466 2 955 2 169 2 202 2 955 2 955 2 1242 2 1020 2 836 1697 955 1697 1020 1697 617 1698 955 1698 836 1698 682 2 617 2 836 2 559 2 617 2 682 2 30 1479 997 1479 998 1479 35 1479 30 1479 998 1479 2733 1699 2756 1699 2634 1699 2725 1700 2733 1700 2634 1700 2364 1701 2395 1701 2403 1701 2411 1702 2364 1702 2403 1702 2434 1703 2364 1703 2411 1703 2979 1704 2987 1704 3086 1704 2956 1705 2979 1705 3086 1705 2634 1706 2657 1706 2709 1706 2717 1707 2634 1707 2709 1707 2725 1708 2634 1708 2717 1708 3714 1709 3803 1709 3811 1709 3819 1710 3714 1710 3811 1710 3842 1711 3714 1711 3819 1711 2681 1712 2729 1712 2721 1712 2713 1713 2681 1713 2721 1713 2705 1714 2681 1714 2713 1714 3803 1715 3714 1715 3737 1715 3745 1716 3803 1716 3737 1716 3754 1717 3803 1717 3745 1717 4071 1718 4079 1718 4124 1718 4048 1719 4071 1719 4124 1719 3378 1720 3461 1720 3469 1720 3477 1721 3378 1721 3469 1721 3500 1722 3378 1722 3477 1722 2709 1723 2657 1723 2665 1723 2673 1724 2709 1724 2665 1724 2698 1725 2709 1725 2673 1725 2681 1726 2698 1726 2673 1726 2699 1727 2698 1727 2681 1727 2705 1728 2699 1728 2681 1728 3763 1729 3831 1729 3815 1729 3763 1730 3815 1730 3807 1730 3799 1731 3763 1731 3807 1731 3791 1732 3763 1732 3799 1732 3763 1733 3791 1733 3785 1733 3784 1734 3763 1734 3785 1734 3754 1735 3763 1735 3784 1735 3795 1736 3754 1736 3784 1736 3803 1737 3754 1737 3795 1737 2365 1738 2399 1738 2391 1738 2364 1739 2377 1739 2376 1739 2387 1740 2364 1740 2376 1740 2395 1741 2364 1741 2387 1741 2364 1742 2365 1742 2391 1742 2383 1743 2364 1743 2391 1743 2377 1744 2364 1744 2383 1744 4125 1745 4083 1745 4075 1745 2681 1746 2690 1746 2777 1746 2745 1747 2681 1747 2777 1747 2729 1748 2681 1748 2745 1748 3059 1749 2967 1749 2935 1749 2915 1750 3059 1750 2935 1750 4125 1751 2677 1751 2669 1751 2661 1752 4125 1752 2669 1752 2645 1753 4125 1753 2661 1753 2365 1754 2517 1754 2505 1754 2475 1755 2365 1755 2505 1755 2455 1756 2365 1756 2475 1756 2365 1757 2455 1757 2423 1757 2407 1758 2365 1758 2423 1758 2399 1759 2365 1759 2407 1759 4124 1760 4079 1760 4087 1760 4096 1761 4124 1761 4087 1761 4105 1762 4124 1762 4096 1762 4125 1763 3905 1763 3884 1763 3091 1764 3075 1764 2883 1764 2865 1765 3091 1765 2883 1765 3127 1766 3091 1766 2865 1766 2883 1767 3075 1767 3067 1767 3059 1768 2883 1768 3067 1768 2895 1769 2883 1769 3059 1769 2915 1770 2895 1770 3059 1770 4125 1771 2645 1771 2613 1771 2593 1772 4125 1772 2613 1772 2365 1773 4125 1773 2593 1773 2573 1774 2365 1774 2593 1774 2561 1775 2365 1775 2573 1775 4124 1776 4105 1776 4106 1776 4100 1777 4124 1777 4106 1777 4125 1778 4124 1778 4100 1778 4091 1779 4125 1779 4100 1779 4083 1780 4125 1780 4091 1780 4125 1781 4075 1781 4059 1781 4027 1782 4125 1782 4059 1782 4007 1783 4125 1783 4027 1783 3051 1784 3007 1784 2999 1784 2991 1785 3051 1785 2999 1785 3059 1786 3051 1786 2991 1786 2983 1787 3059 1787 2991 1787 2967 1788 3059 1788 2983 1788 2365 1789 2561 1789 2543 1789 2531 1790 2365 1790 2543 1790 2517 1791 2365 1791 2531 1791 4125 1792 4007 1792 3977 1792 3965 1793 4125 1793 3977 1793 3946 1794 4125 1794 3965 1794 3863 1795 3773 1795 3767 1795 3449 1796 3405 1796 3389 1796 3086 1797 2987 1797 2995 1797 3003 1798 3086 1798 2995 1798 3071 1799 3086 1799 3003 1799 4125 1800 3946 1800 3931 1800 3917 1801 4125 1801 3931 1801 3905 1802 4125 1802 3917 1802 3884 1803 3863 1803 3767 1803 3329 1804 3489 1804 3473 1804 3309 1805 4125 1805 3329 1805 3863 1806 3831 1806 3763 1806 3772 1807 3863 1807 3763 1807 3773 1808 3863 1808 3772 1808 3884 1809 3767 1809 3758 1809 3750 1810 3884 1810 3758 1810 4125 1811 3884 1811 3750 1811 3741 1812 4125 1812 3750 1812 3725 1813 4125 1813 3741 1813 3521 1814 3489 1814 3329 1814 3453 1815 3461 1815 3378 1815 3385 1816 3453 1816 3378 1816 3393 1817 3453 1817 3385 1817 3012 1818 3047 1818 3003 1818 3003 1819 3047 1819 3055 1819 3063 1820 3003 1820 3055 1820 3071 1821 3003 1821 3063 1821 4125 1822 3725 1822 3693 1822 3673 1823 4125 1823 3693 1823 3653 1824 4125 1824 3673 1824 3449 1825 3389 1825 3381 1825 3373 1826 3449 1826 3381 1826 3457 1827 3449 1827 3373 1827 3329 1828 3457 1828 3373 1828 3465 1829 3457 1829 3329 1829 3473 1830 3465 1830 3329 1830 4125 1831 2843 1831 2829 1831 2817 1832 4125 1832 2829 1832 2677 1833 4125 1833 2817 1833 2797 1834 2677 1834 2817 1834 2685 1835 2677 1835 2797 1835 2777 1836 2685 1836 2797 1836 2691 1837 2685 1837 2777 1837 2690 1838 2691 1838 2777 1838 4125 1839 3653 1839 3641 1839 3623 1840 4125 1840 3641 1840 3589 1841 4125 1841 3623 1841 4125 1842 3589 1842 3573 1842 3561 1843 4125 1843 3573 1843 3329 1844 4125 1844 3561 1844 3541 1845 3329 1845 3561 1845 3521 1846 3329 1846 3541 1846 3453 1847 3393 1847 3409 1847 3417 1848 3453 1848 3409 1848 3442 1849 3453 1849 3417 1849 3426 1850 3442 1850 3417 1850 3443 1851 3442 1851 3426 1851 3427 1852 3443 1852 3426 1852 3449 1853 3443 1853 3427 1853 3413 1854 3449 1854 3427 1854 3405 1855 3449 1855 3413 1855 3013 1856 3007 1856 3051 1856 3037 1857 3013 1857 3051 1857 3012 1858 3013 1858 3037 1858 3036 1859 3012 1859 3037 1859 3047 1860 3012 1860 3036 1860 4125 1861 3309 1861 3291 1861 3267 1862 4125 1862 3291 1862 3243 1863 4125 1863 3267 1863 4125 1864 3243 1864 3219 1864 3197 1865 4125 1865 3219 1865 2843 1866 4125 1866 3197 1866 3173 1867 2843 1867 3197 1867 2865 1868 2843 1868 3173 1868 3155 1869 2865 1869 3173 1869 3127 1870 2865 1870 3155 1870 2365 1479 2358 1479 4118 1479 4125 1479 2365 1479 4118 1479 2360 1479 3078 1479 3081 1479 2363 1479 2360 1479 3081 1479 2359 2 2364 2 2434 2 2436 1871 2359 1871 2434 1871 2632 2 2634 2 2756 2 2758 2 2632 2 2756 2 2956 2 3086 2 3088 2 3033 2 2956 2 3088 2 2954 1872 2956 1872 3033 1872 3030 2 2954 2 3033 2 2758 2 2954 2 3030 2 2359 2 2758 2 3030 2 2632 2 2758 2 2359 2 2436 2 2632 2 2359 2 2361 2 2362 2 3080 2 3079 2 2361 2 3080 2 2362 1873 2363 1873 3081 1873 3080 1873 2362 1873 3081 1873 6483 2 6230 2 6231 2 6487 2 6483 2 6231 2 6108 1874 6090 1874 6109 1874 6088 1875 6105 1875 6104 1875 6074 1876 6088 1876 6104 1876 6107 1877 6106 1877 6089 1877 6075 1878 6107 1878 6089 1878 6069 1879 6107 1879 6075 1879 6093 1880 6073 1880 6062 1880 6070 1881 6093 1881 6062 1881 6108 1882 6093 1882 6070 1882 6076 1883 6108 1883 6070 1883 6090 1884 6108 1884 6076 1884 6091 1885 6077 1885 6111 1885 6110 1886 6091 1886 6111 1886 6104 1887 6054 1887 6060 1887 6068 1888 6104 1888 6060 1888 6074 1889 6104 1889 6068 1889 5514 1890 5977 1890 5976 1890 5982 1891 5514 1891 5976 1891 5986 1892 5514 1892 5982 1892 6008 1893 5973 1893 5971 1893 5514 1894 6011 1894 6007 1894 6001 1895 5514 1895 6007 1895 5513 1896 5988 1896 5994 1896 5514 1897 6001 1897 5995 1897 5989 1898 5514 1898 5995 1898 5513 1899 5514 1899 5989 1899 5984 1900 5988 1900 5513 1900 5513 1901 5994 1901 6000 1901 6006 1902 5513 1902 6000 1902 6010 1903 5513 1903 6006 1903 6009 1904 5514 1904 6013 1904 5514 1905 5991 1905 5987 1905 5983 1906 5514 1906 5987 1906 5977 1907 5514 1907 5983 1907 6018 1908 5999 1908 5993 1908 5513 1909 6010 1909 6016 1909 6022 1910 5513 1910 6016 1910 6104 1911 5513 1911 6022 1911 6028 1912 6104 1912 6022 1912 6054 1913 6104 1913 6028 1913 6111 1914 6077 1914 6071 1914 6063 1915 6111 1915 6071 1915 6057 1916 6111 1916 6063 1916 5514 1917 6009 1917 6003 1917 5997 1918 5514 1918 6003 1918 5991 1919 5514 1919 5997 1919 5973 1920 6008 1920 6012 1920 6018 1921 5973 1921 6012 1921 5979 1922 5973 1922 6018 1922 5993 1923 5979 1923 6018 1923 6033 1924 6027 1924 6024 1924 6030 1925 6033 1925 6024 1925 6053 1926 6033 1926 6030 1926 6056 1927 6053 1927 6030 1927 6059 1928 6053 1928 6056 1928 6062 1929 6059 1929 6056 1929 6067 1930 6059 1930 6062 1930 6073 1931 6067 1931 6062 1931 6111 1932 6057 1932 6031 1932 6025 1933 6111 1933 6031 1933 5514 1934 6111 1934 6025 1934 6019 1935 5514 1935 6025 1935 6013 1936 5514 1936 6019 1936 6024 1937 6027 1937 6021 1937 6015 1938 6024 1938 6021 1938 6018 1939 6024 1939 6015 1939 6005 1940 6018 1940 6015 1940 5999 1941 6018 1941 6005 1941 5513 1942 5989 1942 5985 1942 5981 1943 5513 1943 5985 1943 5975 1944 5513 1944 5981 1944 5513 1945 5975 1945 5974 1945 5980 1946 5513 1946 5974 1946 5984 1947 5513 1947 5980 1947 6055 1948 6058 1948 6061 1948 6061 1949 6058 1949 6066 1949 6072 1950 6061 1950 6066 1950 6069 1951 6061 1951 6072 1951 6092 1952 6069 1952 6072 1952 6107 1953 6069 1953 6092 1953 6017 1954 5972 1954 5978 1954 5992 1955 6017 1955 5978 1955 5514 1956 5971 1956 5969 1956 5968 1957 5514 1957 5969 1957 5514 1958 5968 1958 5970 1958 5972 1959 5514 1959 5970 1959 6011 1960 5514 1960 5972 1960 6017 1961 6011 1961 5972 1961 6004 1962 6014 1962 6023 1962 6017 1963 6004 1963 6023 1963 5998 1964 6004 1964 6017 1964 5992 1965 5998 1965 6017 1965 5514 1966 5986 1966 5990 1966 5996 1967 5514 1967 5990 1967 5971 1968 5514 1968 5996 1968 6002 1969 5971 1969 5996 1969 6008 1970 5971 1970 6002 1970 6023 1971 6014 1971 6020 1971 6026 1972 6023 1972 6020 1972 6029 1973 6023 1973 6026 1973 6032 1974 6029 1974 6026 1974 6055 1975 6029 1975 6032 1975 6052 1976 6055 1976 6032 1976 6058 1977 6055 1977 6052 1977 6106 1978 6107 1978 6457 1978 6456 2 6106 2 6457 2 6287 2 6106 2 6456 2 6484 2 6287 2 6456 2 6286 2 6287 2 6484 2 6481 2 6286 2 6484 2 6105 1979 6286 1979 6481 1979 6104 2 6105 2 6481 2 6208 1980 6150 1980 6206 1980 6208 1479 6492 1479 6498 1479 6151 1479 6208 1479 6498 1479 6150 1479 6208 1479 6151 1479 6148 1479 6482 1479 6486 1479 6202 1479 6148 1479 6486 1479 6149 1479 6148 1479 6202 1479 6204 1981 6149 1981 6202 1981 6374 1479 6149 1479 6204 1479 6488 1479 6374 1479 6204 1479 6462 1479 6374 1479 6488 1479 6490 1982 6462 1982 6488 1982 6463 1479 6462 1479 6490 1479 6490 1479 6206 1479 6150 1479 6375 1479 6490 1479 6150 1479 6463 1479 6490 1479 6375 1479 6151 1983 6235 1983 6234 1983 6209 1984 6151 1984 6234 1984 6203 1985 6231 1985 6230 1985 6148 1986 6203 1986 6230 1986 6159 1987 6207 1987 6161 1987 6205 1988 6207 1988 6233 1988 6232 1989 6205 1989 6233 1989 6209 1990 6207 1990 6159 1990 6150 1991 6209 1991 6159 1991 6151 1992 6209 1992 6150 1992 6167 1993 6161 1993 6207 1993 6205 1994 6167 1994 6207 1994 6166 1995 6167 1995 6205 1995 6203 1996 6148 1996 6149 1996 6158 1997 6203 1997 6149 1997 6205 1998 6203 1998 6158 1998 6160 1999 6205 1999 6158 1999 6166 2000 6205 2000 6160 2000 5513 1479 6480 1479 6496 1479 5514 1479 5513 1479 6496 1479 2339 2001 2338 2001 2057 2001 2076 2002 2339 2002 2057 2002 3420 2 3712 2 4119 2 3423 2 3376 2 3378 2 3500 2 3423 2 3378 2 3420 2 3423 2 3500 2 3502 2003 3420 2003 3500 2003 3712 2 3420 2 3502 2 4046 2 4048 2 4124 2 4119 2004 4046 2004 4124 2004 3844 2 4046 2 4119 2 3712 2 3844 2 4119 2 3842 2 3844 2 3712 2 3714 2 3842 2 3712 2 4123 1479 3399 1479 3396 1479 4120 1479 4123 1479 3396 1479 4122 2 4121 2 3397 2 3398 2 4122 2 3397 2 4123 2005 4122 2005 3398 2005 3399 2005 4123 2005 3398 2005 2332 1479 2339 1479 2076 1479 2050 1479 2332 1479 2076 1479 280 2 33 2 38 2 281 2 280 2 38 2 397 2006 994 2006 993 2006 396 2007 397 2007 993 2007 603 1479 548 1479 470 1479 356 1479 357 1479 8 1479 3 1479 356 1479 8 1479 430 1479 356 1479 3 1479 57 1479 430 1479 3 1479 470 1479 430 1479 57 1479 1236 1479 935 1479 1468 1479 470 2008 57 2008 85 2008 109 1479 470 1479 85 1479 603 1479 470 1479 109 1479 125 1479 603 1479 109 1479 138 1479 603 1479 125 1479 2052 1479 2334 1479 2337 1479 2056 1479 2052 1479 2337 1479 1403 1479 2052 1479 2056 1479 1794 1479 1403 1479 2056 1479 942 1479 1403 1479 1794 1479 1468 1479 942 1479 1794 1479 461 1479 942 1479 1468 1479 935 1479 461 1479 1468 1479 197 1479 461 1479 935 1479 166 1479 197 1479 935 1479 935 1479 1236 1479 1012 1479 827 2009 935 2009 1012 2009 603 1479 935 1479 827 1479 672 2010 603 2010 827 2010 548 1479 603 1479 672 1479 21 2 277 2 276 2 19 2 21 2 276 2 9 2 273 2 272 2 4 2 9 2 272 2 273 2011 357 2011 356 2011 272 2012 273 2012 356 2012 6229 2 6479 2 6474 2 6228 2 6229 2 6474 2 5512 2013 6103 2013 6102 2013 5511 2014 5512 2014 6102 2014 4150 2015 4151 2015 4409 2015 4390 2016 4150 2016 4409 2016 954 2 1241 2 1481 2 558 2 616 2 474 2 2057 2 2338 2 2333 2 2051 2 2057 2 2333 2 1796 2 2057 2 2051 2 1402 2017 1796 2017 2051 2017 1481 2 1796 2 1402 2 1481 2018 1402 2018 941 2018 460 2 1481 2 941 2 954 2 1481 2 460 2 196 2019 954 2019 460 2019 165 2 954 2 196 2 616 2 558 2 681 2 835 2 616 2 681 2 954 2020 616 2020 835 2020 1019 2 954 2 835 2 1241 2 954 2 1019 2 2 2 7 2 397 2 396 2 2 2 397 2 56 2 2 2 396 2 444 2021 56 2021 396 2021 84 2 56 2 444 2 474 2 84 2 444 2 108 2 84 2 474 2 616 2 108 2 474 2 124 2 108 2 616 2 137 2 124 2 616 2 2341 2022 2340 2022 2107 2022 2126 2023 2341 2023 2107 2023 5892 2 5950 2 6034 2 6102 2 6103 2 6477 2 6472 2 6102 2 6477 2 6064 2 6102 2 6472 2 6446 2024 6064 2024 6472 2024 6034 2 6064 2 6446 2 5268 2 5554 2 5030 2 6034 2025 6446 2025 6418 2025 6394 2 6034 2 6418 2 5892 2 6034 2 6394 2 6378 2 5892 2 6394 2 6367 2 5892 2 6378 2 5554 2 5268 2 5489 2 5672 2026 5554 2026 5489 2026 5892 2 5554 2 5672 2 5828 2027 5892 2027 5672 2027 5950 2 5892 2 5828 2 4384 2 4145 2 4150 2 4390 2 4384 2 4150 2 5103 2 4384 2 4390 2 4716 2028 5103 2028 4390 2028 5561 2 5103 2 4716 2 5030 2 5561 2 4716 2 6042 2 5561 2 5030 2 5554 2 6042 2 5030 2 6306 2029 6042 2029 5554 2029 6339 2 6306 2 5554 2 3104 2030 3094 2030 3096 2030 3102 2031 3094 2031 3104 2031 3112 2032 3102 2032 3104 2032 3110 2033 3102 2033 3112 2033 3120 2034 3110 2034 3112 2034 3118 2035 3110 2035 3120 2035 3140 2036 3118 2036 3120 2036 3138 2037 3118 2037 3140 2037 3148 2038 3138 2038 3140 2038 3146 2039 3138 2039 3148 2039 3162 2040 3146 2040 3148 2040 3160 2041 3146 2041 3162 2041 3178 2042 3160 2042 3162 2042 3176 2043 3160 2043 3178 2043 3190 2044 3176 2044 3178 2044 3188 2045 3176 2045 3190 2045 3206 2046 3188 2046 3190 2046 3204 2047 3188 2047 3206 2047 3220 2048 3204 2048 3206 2048 3212 2049 3204 2049 3220 2049 3239 2050 3212 2050 3220 2050 3244 2051 3239 2051 3220 2051 3256 2052 3239 2052 3244 2052 3254 2053 3239 2053 3256 2053 3272 2054 3254 2054 3256 2054 3270 2055 3254 2055 3272 2055 3284 2056 3270 2056 3272 2056 3282 2057 3270 2057 3284 2057 3300 2058 3282 2058 3284 2058 3298 2059 3282 2059 3300 2059 3314 2060 3298 2060 3300 2060 3312 2061 3298 2061 3314 2061 3322 2062 3312 2062 3314 2062 3320 2063 3312 2063 3322 2063 3334 2064 3320 2064 3322 2064 3332 2065 3320 2065 3334 2065 3342 2066 3332 2066 3334 2066 3340 2067 3332 2067 3342 2067 3350 2068 3340 2068 3342 2068 3348 2069 3340 2069 3350 2069 3362 2070 3348 2070 3350 2070 3358 2071 3348 2071 3362 2071 3359 2072 3358 2072 3362 2072 3363 2073 3359 2073 3362 2073 3351 2074 3359 2074 3363 2074 3349 2075 3359 2075 3351 2075 3343 2076 3349 2076 3351 2076 3341 2077 3349 2077 3343 2077 3335 2078 3341 2078 3343 2078 3333 2079 3341 2079 3335 2079 3323 2080 3333 2080 3335 2080 3321 2081 3333 2081 3323 2081 3315 2082 3321 2082 3323 2082 3313 2083 3321 2083 3315 2083 3301 2084 3313 2084 3315 2084 3299 2085 3313 2085 3301 2085 3285 2086 3299 2086 3301 2086 3283 2087 3299 2087 3285 2087 3273 2088 3283 2088 3285 2088 3271 2089 3283 2089 3273 2089 3257 2090 3271 2090 3273 2090 3255 2091 3271 2091 3257 2091 3245 2092 3255 2092 3257 2092 3240 2093 3255 2093 3245 2093 3216 2094 3240 2094 3245 2094 3221 2095 3216 2095 3245 2095 3207 2096 3216 2096 3221 2096 3205 2097 3216 2097 3207 2097 3191 2098 3205 2098 3207 2098 3189 2099 3205 2099 3191 2099 3179 2100 3189 2100 3191 2100 3177 2101 3189 2101 3179 2101 3163 2102 3177 2102 3179 2102 3161 2103 3177 2103 3163 2103 3149 2104 3161 2104 3163 2104 3147 2105 3161 2105 3149 2105 3141 2106 3147 2106 3149 2106 3139 2107 3147 2107 3141 2107 3121 2108 3139 2108 3141 2108 3119 2109 3139 2109 3121 2109 3113 2110 3119 2110 3121 2110 3111 2111 3119 2111 3113 2111 3105 2112 3111 2112 3113 2112 3103 2113 3111 2113 3105 2113 3097 2114 3103 2114 3105 2114 3095 2115 3103 2115 3097 2115 3094 2116 3095 2116 3097 2116 3096 2117 3094 2117 3097 2117 3035 2118 3034 2118 3036 2118 3037 2073 3035 2073 3036 2073 3424 2119 3425 2119 3427 2119 3426 2117 3424 2117 3427 2117 3267 2120 3241 2120 3243 2120 3266 2121 3241 2121 3267 2121 3291 2122 3266 2122 3267 2122 3290 2123 3266 2123 3291 2123 3309 2124 3290 2124 3291 2124 3308 2125 3290 2125 3309 2125 3329 2126 3308 2126 3309 2126 3328 2127 3308 2127 3329 2127 3373 2128 3328 2128 3329 2128 3372 2129 3328 2129 3373 2129 3381 2130 3372 2130 3373 2130 3380 2131 3372 2131 3381 2131 3389 2132 3380 2132 3381 2132 3388 2133 3380 2133 3389 2133 3405 2134 3388 2134 3389 2134 3404 2135 3388 2135 3405 2135 3413 2136 3404 2136 3405 2136 3412 2137 3404 2137 3413 2137 3427 2138 3412 2138 3413 2138 3425 2139 3412 2139 3427 2139 3241 2140 3217 2140 3219 2140 3243 2141 3241 2141 3219 2141 3051 2142 3035 2142 3037 2142 3050 2143 3035 2143 3051 2143 3059 2144 3050 2144 3051 2144 3058 2145 3050 2145 3059 2145 3067 2146 3058 2146 3059 2146 3066 2147 3058 2147 3067 2147 3075 2148 3066 2148 3067 2148 3074 2149 3066 2149 3075 2149 3091 2150 3074 2150 3075 2150 3090 2151 3074 2151 3091 2151 3127 2152 3090 2152 3091 2152 3126 2153 3090 2153 3127 2153 3155 2154 3126 2154 3127 2154 3154 2155 3126 2155 3155 2155 3173 2156 3154 2156 3155 2156 3172 2157 3154 2157 3173 2157 3197 2158 3172 2158 3173 2158 3196 2159 3172 2159 3197 2159 3219 2160 3196 2160 3197 2160 3217 2161 3196 2161 3219 2161 3086 2162 3070 2162 3088 2162 3070 2163 3086 2163 3071 2163 3063 2164 3070 2164 3071 2164 3062 2165 3070 2165 3063 2165 3055 2166 3062 2166 3063 2166 3054 2167 3062 2167 3055 2167 3047 2168 3054 2168 3055 2168 3046 2169 3054 2169 3047 2169 3036 2170 3046 2170 3047 2170 3034 2171 3046 2171 3036 2171 3417 2172 3424 2172 3426 2172 3416 2173 3424 2173 3417 2173 3409 2174 3416 2174 3417 2174 3408 2175 3416 2175 3409 2175 3393 2176 3408 2176 3409 2176 3392 2177 3408 2177 3393 2177 3385 2178 3392 2178 3393 2178 3384 2179 3392 2179 3385 2179 3378 2180 3384 2180 3385 2180 3376 2181 3384 2181 3378 2181 3306 1479 3356 1479 3361 1479 3168 1479 3158 1479 3133 1479 3130 1479 3168 1479 3133 1479 3356 1479 3306 1479 3296 1479 3294 1479 3356 1479 3296 1479 3130 1479 3356 1479 3294 1479 3170 1479 3130 1479 3294 1479 3168 2182 3130 2182 3170 2182 3131 2 3132 2 3360 2 3357 2 3131 2 3360 2 3132 2183 3133 2183 3158 2183 3185 2184 3132 2184 3158 2184 3279 2185 3306 2185 3361 2185 3360 2186 3279 2186 3361 2186 3263 2187 3279 2187 3360 2187 3132 2188 3185 2188 3201 2188 3218 2189 3132 2189 3201 2189 3360 2190 3132 2190 3218 2190 3242 2191 3360 2191 3218 2191 3263 2192 3360 2192 3242 2192 5573 1479 5273 1479 5041 1479 5960 1479 5905 1479 6038 1479 4389 1479 4149 1479 4146 1479 4385 1479 4389 1479 4146 1479 4718 2193 4389 2193 4385 2193 5104 2194 4718 2194 4385 2194 5041 1479 4718 1479 5104 1479 5041 2195 5104 2195 5562 2195 6043 1479 5041 1479 5562 1479 5573 1479 5041 1479 6043 1479 6307 1479 5573 1479 6043 1479 6340 1479 5573 1479 6307 1479 5905 1479 5960 1479 5836 1479 5681 2196 5905 2196 5836 2196 5573 2197 5905 2197 5681 2197 5496 1479 5573 1479 5681 1479 5273 1479 5573 1479 5496 1479 6473 1479 6478 1479 6147 1479 6146 1479 6473 1479 6147 1479 6447 1479 6473 1479 6146 1479 6078 1479 6447 1479 6146 1479 6419 2198 6447 2198 6078 2198 6038 1479 6419 1479 6078 1479 6395 1479 6419 1479 6038 1479 5905 1479 6395 1479 6038 1479 6379 1479 6395 1479 5905 1479 6368 1479 6379 1479 5905 1479 4147 2 4148 2 4388 2 4386 2 4147 2 4388 2 4148 2199 4149 2199 4389 2199 4388 2199 4148 2199 4389 2199 3136 1479 3134 1479 3159 1479 3169 1479 3136 1479 3159 1479 3297 1479 3307 1479 3366 1479 3370 1479 3297 1479 3366 1479 3295 1479 3297 1479 3370 1479 3136 1479 3295 1479 3370 1479 3171 1479 3295 1479 3136 1479 3169 2200 3171 2200 3136 2200 3137 2 3371 2 3367 2 3135 2 3137 2 3367 2 2347 2 2343 2 2128 2 2133 2 2347 2 2128 2 3367 2201 3366 2201 3307 2201 3280 2202 3367 2202 3307 2202 3186 2203 3159 2203 3134 2203 3135 2204 3186 2204 3134 2204 3202 2205 3186 2205 3135 2205 3367 2206 3280 2206 3264 2206 3249 2207 3367 2207 3264 2207 3135 2208 3367 2208 3249 2208 3225 2209 3135 2209 3249 2209 3202 2210 3135 2210 3225 2210 2343 2211 2342 2211 2127 2211 2128 2212 2343 2212 2127 2212 6289 2 6110 2 6111 2 6497 2 6289 2 6111 2 6288 2213 6289 2213 6497 2213 6494 2214 6288 2214 6497 2214 6109 2 6288 2 6494 2 6459 2 6109 2 6494 2 6108 2 6109 2 6459 2 6458 2 6108 2 6459 2 3084 71 3085 71 3137 71 3136 71 3084 71 3137 71 2134 71 2347 71 2133 71 3045 71 2372 71 3084 71 3136 71 3045 71 3084 71 3435 2215 3045 2215 3136 2215 3370 71 3435 71 3136 71 2346 71 2373 71 2372 71 2344 71 2129 71 2130 71 2370 2216 4130 2216 4462 2216 2129 2217 2370 2217 4462 2217 2373 71 2346 71 2347 71 2134 2218 2373 2218 2347 2218 3085 71 2373 71 2134 71 4467 2219 3085 2219 2134 2219 3137 71 3085 71 4467 71 3371 71 3137 71 4467 71 2370 2220 2129 2220 2344 2220 2345 71 2370 71 2344 71 2371 71 2370 71 2345 71 2345 71 2131 71 2132 71 2346 71 2345 71 2132 71 2371 71 2345 71 2346 71 2372 71 2371 71 2346 71 3044 71 2371 71 2372 71 3045 71 3044 71 2372 71 4158 71 4465 71 4464 71 4157 71 4158 71 4464 71 4132 71 4131 71 3434 71 3435 71 4132 71 3434 71 3402 71 4132 71 3435 71 3370 2221 3402 2221 3435 2221 3403 71 3402 71 3370 71 4159 71 4467 71 4466 71 3403 71 3370 71 3371 71 4467 2222 3403 2222 3371 2222 4133 71 3403 71 4467 71 4159 71 4133 71 4467 71 4132 71 4133 71 4159 71 4158 71 4132 71 4159 71 4131 71 4132 71 4158 71 4157 71 4131 71 4158 71 4130 71 4131 71 4157 71 4156 71 4130 71 4157 71 4462 2223 4130 2223 4156 2223 4463 71 4462 71 4156 71 6489 2 6232 2 6233 2 6491 2 6489 2 6233 2 6234 2 6235 2 6499 2 6493 2 6234 2 6499 2 6147 2224 6229 2224 6228 2224 6146 2225 6147 2225 6228 2225 4049 2 4131 2 4127 2 4131 2226 4049 2226 4047 2226 3845 2 4131 2 4047 2 3434 2 4131 2 3845 2 3501 2 3379 2 3377 2 3432 2 3501 2 3377 2 3503 2 3501 2 3432 2 3434 2227 3503 2227 3432 2227 3713 2 3503 2 3434 2 3845 2 3713 2 3434 2 3715 2 3713 2 3845 2 3843 2 3715 2 3845 2 3403 2 4133 2 4129 2 3401 2 3403 2 4129 2 3401 2228 4129 2228 4128 2228 3400 2229 3401 2229 4128 2229 3402 1479 3400 1479 4128 1479 4132 1479 3402 1479 4128 1479 1557 2230 1278 2230 1430 2230 1019 2231 1101 2231 1103 2231 1019 2232 1103 2232 1105 2232 1109 2233 1019 2233 1105 2233 1115 2234 1019 2234 1109 2234 1019 2235 1115 2235 1118 2235 1120 2236 1019 2236 1118 2236 1124 2237 1019 2237 1120 2237 1019 2238 1124 2238 1130 2238 1146 2239 1019 2239 1130 2239 1187 2240 1019 2240 1146 2240 1263 2241 1278 2241 1241 2241 1019 2242 1263 2242 1241 2242 1218 2243 1263 2243 1019 2243 1187 2244 1218 2244 1019 2244 681 2245 1010 2245 1021 2245 1045 2246 681 2246 1021 2246 1058 2247 681 2247 1045 2247 835 2248 1077 2248 1079 2248 681 2249 1058 2249 1065 2249 1071 2250 681 2250 1065 2250 835 2251 681 2251 1071 2251 1074 2252 835 2252 1071 2252 1077 2253 835 2253 1074 2253 835 2254 1079 2254 1082 2254 1084 2255 835 2255 1082 2255 1087 2256 835 2256 1084 2256 835 2257 1087 2257 1089 2257 1095 2258 835 2258 1089 2258 1019 2259 835 2259 1095 2259 1098 2260 1019 2260 1095 2260 1101 2261 1019 2261 1098 2261 1000 2262 1138 2262 1173 2262 1002 2263 1010 2263 681 2263 558 2264 1002 2264 681 2264 1000 2265 1002 2265 558 2265 1241 2266 1278 2266 1557 2266 1727 2267 1241 2267 1557 2267 1481 2268 1241 2268 1727 2268 1913 2269 1481 2269 1727 2269 1796 2270 1481 2270 1913 2270 2076 2271 1796 2271 1913 2271 2057 2272 1796 2272 2076 2272 1138 2273 1000 2273 558 2273 474 2274 1138 2274 558 2274 1040 2275 1138 2275 474 2275 444 2276 1040 2276 474 2276 1006 2277 1040 2277 444 2277 396 2278 1006 2278 444 2278 993 2279 1006 2279 396 2279 5371 2280 5508 2280 5336 2280 5828 2281 5421 2281 5424 2281 5828 2282 5424 2282 5426 2282 5429 2283 5828 2283 5426 2283 5431 2284 5828 2284 5429 2284 5828 2285 5431 2285 5434 2285 5437 2286 5828 2286 5434 2286 5443 2287 5828 2287 5437 2287 5828 2288 5443 2288 5450 2288 5463 2289 5828 2289 5450 2289 5487 2290 5828 2290 5463 2290 5506 2291 5508 2291 5950 2291 5828 2292 5506 2292 5950 2292 5498 2293 5506 2293 5828 2293 5487 2294 5498 2294 5828 2294 5489 2295 5291 2295 5322 2295 5363 2296 5489 2296 5322 2296 5379 2297 5489 2297 5363 2297 5672 2298 5393 2298 5399 2298 5489 2299 5379 2299 5384 2299 5388 2300 5489 2300 5384 2300 5672 2301 5489 2301 5388 2301 5390 2302 5672 2302 5388 2302 5393 2303 5672 2303 5390 2303 5672 2304 5399 2304 5403 2304 5405 2305 5672 2305 5403 2305 5407 2306 5672 2306 5405 2306 5672 2307 5407 2307 5410 2307 5413 2308 5672 2308 5410 2308 5828 2309 5672 2309 5413 2309 5419 2310 5828 2310 5413 2310 5421 2311 5828 2311 5419 2311 5231 2312 4954 2312 5081 2312 5246 2313 5291 2313 5489 2313 5268 2314 5246 2314 5489 2314 5231 2315 5246 2315 5268 2315 5950 2316 5508 2316 5371 2316 5468 2317 5950 2317 5371 2317 6034 2318 5950 2318 5468 2318 5502 2319 6034 2319 5468 2319 6064 2320 6034 2320 5502 2320 5511 2321 6064 2321 5502 2321 6102 2322 6064 2322 5511 2322 4954 2323 5231 2323 5268 2323 5030 2324 4954 2324 5268 2324 4784 2325 4954 2325 5030 2325 4716 2326 4784 2326 5030 2326 4600 2327 4784 2327 4716 2327 4390 2328 4600 2328 4716 2328 4409 2329 4600 2329 4390 2329 6112 2330 5515 2330 5516 2330 6113 2331 6112 2331 5516 2331 1139 2332 1001 2332 1174 2332 682 2333 1088 2333 1085 2333 682 2334 1085 2334 1083 2334 1080 2335 682 2335 1083 2335 1078 2336 682 2336 1080 2336 682 2337 1078 2337 1075 2337 1072 2338 682 2338 1075 2338 1066 2339 682 2339 1072 2339 682 2340 1066 2340 1059 2340 1046 2341 682 2341 1059 2341 1022 2342 682 2342 1046 2342 1003 2343 1001 2343 559 2343 682 2344 1003 2344 559 2344 1011 2345 1003 2345 682 2345 1022 2346 1011 2346 682 2346 1020 2347 1219 2347 1188 2347 1147 2348 1020 2348 1188 2348 1131 2349 1020 2349 1147 2349 836 2350 1116 2350 1110 2350 1020 2351 1131 2351 1125 2351 1121 2352 1020 2352 1125 2352 836 2353 1020 2353 1121 2353 1119 2354 836 2354 1121 2354 1116 2355 836 2355 1119 2355 836 2356 1110 2356 1106 2356 1104 2357 836 2357 1106 2357 1102 2358 836 2358 1104 2358 836 2359 1102 2359 1099 2359 1096 2360 836 2360 1099 2360 682 2361 836 2361 1096 2361 1090 2362 682 2362 1096 2362 1088 2363 682 2363 1090 2363 1279 2364 1558 2364 1431 2364 1264 2365 1219 2365 1020 2365 1242 2366 1264 2366 1020 2366 1279 2367 1264 2367 1242 2367 559 2368 1001 2368 1139 2368 1041 2369 559 2369 1139 2369 475 2370 559 2370 1041 2370 1007 2371 475 2371 1041 2371 445 2372 475 2372 1007 2372 998 2373 445 2373 1007 2373 407 2374 445 2374 998 2374 1558 2375 1279 2375 1242 2375 1482 2376 1558 2376 1242 2376 1728 2377 1558 2377 1482 2377 1797 2378 1728 2378 1482 2378 1914 2379 1728 2379 1797 2379 2126 2380 1914 2380 1797 2380 2107 2381 1914 2381 2126 2381 4955 2382 5232 2382 5082 2382 5490 2383 5408 2383 5406 2383 5490 2384 5406 2384 5404 2384 5400 2385 5490 2385 5404 2385 5394 2386 5490 2386 5400 2386 5490 2387 5394 2387 5391 2387 5389 2388 5490 2388 5391 2388 5385 2389 5490 2389 5389 2389 5490 2390 5385 2390 5380 2390 5364 2391 5490 2391 5380 2391 5323 2392 5490 2392 5364 2392 5247 2393 5232 2393 5269 2393 5490 2394 5247 2394 5269 2394 5292 2395 5247 2395 5490 2395 5323 2396 5292 2396 5490 2396 5829 2397 5499 2397 5488 2397 5464 2398 5829 2398 5488 2398 5451 2399 5829 2399 5464 2399 5673 2400 5432 2400 5430 2400 5829 2401 5451 2401 5444 2401 5438 2402 5829 2402 5444 2402 5673 2403 5829 2403 5438 2403 5435 2404 5673 2404 5438 2404 5432 2405 5673 2405 5435 2405 5673 2406 5430 2406 5427 2406 5425 2407 5673 2407 5427 2407 5422 2408 5673 2408 5425 2408 5673 2409 5422 2409 5420 2409 5414 2410 5673 2410 5420 2410 5490 2411 5673 2411 5414 2411 5411 2412 5490 2412 5414 2412 5408 2413 5490 2413 5411 2413 5509 2414 5372 2414 5337 2414 5507 2415 5499 2415 5829 2415 5951 2416 5507 2416 5829 2416 5509 2417 5507 2417 5951 2417 5269 2418 5232 2418 4955 2418 4785 2419 5269 2419 4955 2419 5031 2420 5269 2420 4785 2420 4601 2421 5031 2421 4785 2421 4717 2422 5031 2422 4601 2422 4440 2423 4717 2423 4601 2423 4459 2424 4717 2424 4440 2424 5372 2425 5509 2425 5951 2425 6035 2426 5372 2426 5951 2426 5469 2427 5372 2427 6035 2427 6065 2428 5469 2428 6035 2428 5503 2429 5469 2429 6065 2429 6113 2430 5503 2430 6065 2430 5516 2431 5503 2431 6113 2431 4459 2432 4440 2432 4152 2432 4153 2433 4459 2433 4152 2433 6370 2434 6371 2434 5893 2434 5509 2435 6370 2435 5893 2435 5337 2436 6370 2436 5509 2436 5232 2437 5555 2437 6343 2437 6342 2438 5232 2438 6343 2438 5082 2439 5232 2439 6342 2439 5555 2440 5364 2440 5380 2440 5323 2441 5364 2441 5555 2441 5444 2442 5893 2442 5438 2442 5893 2443 5444 2443 5451 2443 5464 2444 5893 2444 5451 2444 5488 2445 5893 2445 5464 2445 5893 2446 5488 2446 5499 2446 5507 2447 5893 2447 5499 2447 5509 2448 5893 2448 5507 2448 5893 2449 5425 2449 5427 2449 5430 2450 5893 2450 5427 2450 5555 2451 5232 2451 5247 2451 5292 2452 5555 2452 5247 2452 5323 2453 5555 2453 5292 2453 5893 2454 5394 2454 5400 2454 5404 2455 5893 2455 5400 2455 5406 2456 5893 2456 5404 2456 5893 2457 5430 2457 5432 2457 5435 2458 5893 2458 5432 2458 5438 2459 5893 2459 5435 2459 5555 2460 5380 2460 5385 2460 5389 2461 5555 2461 5385 2461 5893 2462 5555 2462 5389 2462 5391 2463 5893 2463 5389 2463 5394 2464 5893 2464 5391 2464 5893 2465 5406 2465 5408 2465 5411 2466 5893 2466 5408 2466 5414 2467 5893 2467 5411 2467 5893 2468 5414 2468 5420 2468 5422 2469 5893 2469 5420 2469 5425 2470 5893 2470 5422 2470 6343 2471 6371 2471 6370 2471 6342 2472 6343 2472 6370 2472 5508 2473 5892 2473 6367 2473 6366 2474 5508 2474 6367 2474 5336 2475 5508 2475 6366 2475 6338 2476 6339 2476 5554 2476 5231 2477 6338 2477 5554 2477 5081 2478 6338 2478 5231 2478 5892 2479 5463 2479 5450 2479 5487 2480 5463 2480 5892 2480 5384 2481 5554 2481 5388 2481 5554 2482 5384 2482 5379 2482 5363 2483 5554 2483 5379 2483 5322 2484 5554 2484 5363 2484 5554 2485 5322 2485 5291 2485 5246 2486 5554 2486 5291 2486 5231 2487 5554 2487 5246 2487 5554 2488 5405 2488 5403 2488 5399 2489 5554 2489 5403 2489 5892 2490 5508 2490 5506 2490 5498 2491 5892 2491 5506 2491 5487 2492 5892 2492 5498 2492 5554 2493 5431 2493 5429 2493 5426 2494 5554 2494 5429 2494 5424 2495 5554 2495 5426 2495 5554 2496 5399 2496 5393 2496 5390 2497 5554 2497 5393 2497 5388 2498 5554 2498 5390 2498 5892 2499 5450 2499 5443 2499 5437 2500 5892 2500 5443 2500 5554 2501 5892 2501 5437 2501 5434 2502 5554 2502 5437 2502 5431 2503 5554 2503 5434 2503 5554 2504 5424 2504 5421 2504 5419 2505 5554 2505 5421 2505 5413 2506 5554 2506 5419 2506 5554 2507 5413 2507 5410 2507 5407 2508 5554 2508 5410 2508 5405 2509 5554 2509 5407 2509 6367 2510 6339 2510 6338 2510 6366 2511 6367 2511 6338 2511 1001 2512 617 2512 141 2512 140 2513 1001 2513 141 2513 1174 2514 1001 2514 140 2514 168 2515 169 2515 955 2515 1279 2516 168 2516 955 2516 1431 2517 168 2517 1279 2517 617 2518 1046 2518 1059 2518 1022 2519 1046 2519 617 2519 1125 2520 955 2520 1121 2520 955 2521 1125 2521 1131 2521 1147 2522 955 2522 1131 2522 1188 2523 955 2523 1147 2523 955 2524 1188 2524 1219 2524 1264 2525 955 2525 1219 2525 1279 2526 955 2526 1264 2526 617 2527 1001 2527 1003 2527 1011 2528 617 2528 1003 2528 1022 2529 617 2529 1011 2529 955 2530 1078 2530 1080 2530 1083 2531 955 2531 1080 2531 1085 2532 955 2532 1083 2532 617 2533 1059 2533 1066 2533 1072 2534 617 2534 1066 2534 955 2535 617 2535 1072 2535 1075 2536 955 2536 1072 2536 1078 2537 955 2537 1075 2537 955 2538 1104 2538 1106 2538 1110 2539 955 2539 1106 2539 955 2540 1085 2540 1088 2540 1090 2541 955 2541 1088 2541 1096 2542 955 2542 1090 2542 955 2543 1096 2543 1099 2543 1102 2544 955 2544 1099 2544 1104 2545 955 2545 1102 2545 955 2546 1110 2546 1116 2546 1119 2547 955 2547 1116 2547 1121 2548 955 2548 1119 2548 141 2549 169 2549 168 2549 140 2550 141 2550 168 2550 136 2551 137 2551 616 2551 1000 2552 136 2552 616 2552 1173 2553 136 2553 1000 2553 1278 2554 954 2554 165 2554 164 2434 1278 2434 165 2434 1430 2555 1278 2555 164 2555 954 2556 1146 2556 1130 2556 1187 2557 1146 2557 954 2557 1065 2558 616 2558 1071 2558 616 2559 1065 2559 1058 2559 1045 2560 616 2560 1058 2560 1021 2561 616 2561 1045 2561 616 2562 1021 2562 1010 2562 1002 2563 616 2563 1010 2563 1000 2564 616 2564 1002 2564 616 2565 1084 2565 1082 2565 1079 2566 616 2566 1082 2566 954 2567 1278 2567 1263 2567 1218 2568 954 2568 1263 2568 1187 2569 954 2569 1218 2569 616 2570 1115 2570 1109 2570 1105 2571 616 2571 1109 2571 1103 2572 616 2572 1105 2572 616 2573 1079 2573 1077 2573 1074 2574 616 2574 1077 2574 1071 2575 616 2575 1074 2575 954 2576 1130 2576 1124 2576 1120 2577 954 2577 1124 2577 616 2578 954 2578 1120 2578 1118 2579 616 2579 1120 2579 1115 2580 616 2580 1118 2580 616 2581 1103 2581 1101 2581 1098 2582 616 2582 1101 2582 1095 2583 616 2583 1098 2583 616 2584 1095 2584 1089 2584 1087 2585 616 2585 1089 2585 1084 2586 616 2586 1087 2586 165 2587 137 2587 136 2587 164 2588 165 2588 136 2588 4127 2073 4131 2073 4130 2073 4126 2073 4127 2073 4130 2073 4157 2117 4153 2117 4152 2117 4156 2117 4157 2117 4152 2117 6497 2589 6111 2589 5514 2589 6496 27 6497 27 5514 27 6112 71 6501 71 6500 71 5515 71 6112 71 6500 71 6476 1479 5512 1479 5511 1479 6471 1479 6476 1479 5511 1479 2340 1479 2344 1479 2130 1479 2107 1479 2340 1479 2130 1479 825 2 198 2 167 2 825 2590 1404 2590 943 2590 462 2 825 2 943 2 198 2 825 2 462 2 2053 2591 1200 2591 1417 2591 1776 2 2053 2 1417 2 2055 2 2053 2 1776 2 2053 2 1404 2 825 2 972 2 2053 2 825 2 1200 2592 2053 2592 972 2592 58 2 4 2 272 2 298 2 58 2 272 2 86 2 58 2 298 2 316 2 86 2 298 2 110 2 86 2 316 2 551 2 110 2 316 2 126 2593 110 2593 551 2593 139 2594 126 2594 551 2594 551 2595 316 2595 472 2595 572 2 551 2 472 2 825 2596 551 2596 572 2596 724 2597 825 2597 572 2597 972 2 825 2 724 2 123 1479 136 1479 1173 1479 1138 1479 123 1479 1173 1479 1006 1479 993 1479 1 1479 55 2598 1006 2598 1 2598 1040 1479 1006 1479 55 1479 83 2599 1040 2599 55 2599 1138 1479 1040 1479 83 1479 107 2600 1138 2600 83 2600 123 1479 1138 1479 107 1479 136 2601 145 2601 164 2601 64 2602 92 2602 552 2602 38 2603 64 2603 552 2603 552 2 92 2 116 2 132 2604 552 2604 116 2604 143 2605 552 2605 132 2605 1201 2 826 2 1418 2 1410 2 2133 2 2128 2 1777 2 1410 2 2128 2 949 2 1410 2 1777 2 1418 2 949 2 1777 2 468 2 949 2 1418 2 826 2 468 2 1418 2 204 2 468 2 826 2 171 2 204 2 826 2 299 2 281 2 38 2 317 2606 299 2606 38 2606 826 2 1201 2 973 2 725 2607 826 2607 973 2607 552 2 826 2 725 2 573 2 552 2 725 2 38 2608 552 2608 573 2608 473 2 38 2 573 2 317 2 38 2 473 2 61 1479 35 1479 998 1479 1007 1479 61 1479 998 1479 89 2609 61 2609 1007 2609 1041 1479 89 1479 1007 1479 113 2610 89 2610 1041 2610 1139 1479 113 1479 1041 1479 129 2611 113 2611 1139 2611 1174 1479 129 1479 1139 1479 140 1479 129 1479 1174 1479 168 1479 151 1479 140 1479 6420 2 5957 2 6448 2 6474 2612 6036 2612 6192 2612 6210 2 6474 2 6192 2 6228 2 6474 2 6210 2 5105 2613 4386 2613 4388 2613 4737 2614 5105 2614 4388 2614 5563 2615 5105 2615 4737 2615 5094 2616 5563 2616 4737 2616 6044 2 5563 2 5094 2 5683 2 6044 2 5094 2 6308 2 6044 2 5683 2 6341 2 6308 2 5683 2 5957 2 6420 2 6396 2 6380 2617 5957 2617 6396 2617 6369 2618 5957 2618 6380 2618 6474 2619 6448 2619 5957 2619 5936 2 6474 2 5957 2 6036 2620 6474 2620 5936 2620 5683 2621 5094 2621 5309 2621 5536 2622 5683 2622 5309 2622 5957 2623 5683 2623 5536 2623 5784 2 5957 2 5536 2 5936 2 5957 2 5784 2 6445 1479 6471 1479 5511 1479 5502 2624 6445 2624 5511 2624 6417 1479 6445 1479 5502 1479 5468 1479 6417 1479 5502 1479 6393 2625 6417 2625 5468 2625 5371 2626 6393 2626 5468 2626 6377 1479 6393 1479 5371 1479 5336 1479 6377 1479 5371 1479 6366 1479 6377 1479 5336 1479 6338 2627 6355 2627 6366 2627 5684 2628 6314 2628 6345 2628 5684 2629 5111 2629 5569 2629 6050 2630 5684 2630 5569 2630 6314 2 5684 2 6050 2 4466 2 5111 2 5684 2 5537 2631 4466 2631 5684 2631 5310 2 4466 2 5537 2 4466 2632 5310 2632 5095 2632 4738 2 4466 2 5095 2 4461 2 4466 2 4738 2 5958 2 6193 2 6037 2 5937 2 5958 2 6037 2 5684 2633 5958 2633 5937 2633 5785 2634 5684 2634 5937 2634 5537 2 5684 2 5785 2 6454 2 6508 2 6237 2 6211 2 6454 2 6237 2 6426 2635 6454 2635 6211 2635 6193 2 6426 2 6211 2 6402 2 6426 2 6193 2 5958 2 6402 2 6193 2 6386 2636 6402 2636 5958 2636 6373 2637 6386 2637 5958 2637 6383 1479 6370 1479 5337 1479 5372 1479 6383 1479 5337 1479 5503 1479 5516 1479 6505 1479 6451 1479 5503 1479 6505 1479 5469 1479 5503 1479 6451 1479 6423 2638 5469 2638 6451 2638 5372 2639 5469 2639 6423 2639 6399 2640 5372 2640 6423 2640 6383 2641 5372 2641 6399 2641 6370 1479 6361 1479 6342 1479 6454 2642 6509 2642 6508 2642 6455 2643 6509 2643 6454 2643 6426 2644 6455 2644 6454 2644 6427 2645 6455 2645 6426 2645 6402 2646 6427 2646 6426 2646 6403 2647 6427 2647 6402 2647 6386 2648 6403 2648 6402 2648 6387 2649 6403 2649 6386 2649 6373 2650 6387 2650 6386 2650 6365 2651 6387 2651 6373 2651 6365 2652 6373 2652 6364 2652 6345 2653 6365 2653 6364 2653 6315 2654 6365 2654 6345 2654 6315 2655 6345 2655 6314 2655 6050 2656 6315 2656 6314 2656 6051 2657 6315 2657 6050 2657 5569 2658 6051 2658 6050 2658 5570 2659 6051 2659 5569 2659 5111 2660 5570 2660 5569 2660 5112 2661 5570 2661 5111 2661 4466 2662 5112 2662 5111 2662 4467 2663 5112 2663 4466 2663 1410 2664 2134 2664 2133 2664 1411 2665 2134 2665 1410 2665 949 2666 1411 2666 1410 2666 950 2666 1411 2666 949 2666 468 2667 950 2667 949 2667 469 2668 950 2668 468 2668 204 2669 469 2669 468 2669 205 2670 469 2670 204 2670 171 2671 205 2671 204 2671 155 2672 205 2672 171 2672 155 2673 171 2673 154 2673 143 2674 155 2674 154 2674 133 2675 155 2675 143 2675 133 2676 143 2676 132 2676 116 2677 133 2677 132 2677 117 2678 133 2678 116 2678 92 2679 117 2679 116 2679 93 2680 117 2680 92 2680 64 2681 93 2681 92 2681 65 2681 93 2681 64 2681 38 2682 65 2682 64 2682 39 2682 65 2682 38 2682 58 2683 5 2683 4 2683 59 2684 5 2684 58 2684 86 2685 59 2685 58 2685 87 2685 59 2685 86 2685 110 2686 87 2686 86 2686 111 2687 87 2687 110 2687 126 2688 111 2688 110 2688 127 2689 111 2689 126 2689 139 2690 127 2690 126 2690 149 2691 127 2691 139 2691 149 2692 139 2692 148 2692 167 2693 149 2693 148 2693 199 2694 149 2694 167 2694 199 2695 167 2695 198 2695 462 2696 199 2696 198 2696 463 2696 199 2696 462 2696 943 2697 463 2697 462 2697 944 2698 463 2698 943 2698 1404 2699 944 2699 943 2699 1405 2699 944 2699 1404 2699 2053 2700 1405 2700 1404 2700 2054 2701 1405 2701 2053 2701 5105 2702 4387 2702 4386 2702 5106 2703 4387 2703 5105 2703 5563 2704 5106 2704 5105 2704 5564 2705 5106 2705 5563 2705 6044 2706 5564 2706 5563 2706 6045 2706 5564 2706 6044 2706 6308 2707 6045 2707 6044 2707 6309 2708 6045 2708 6308 2708 6341 2709 6309 2709 6308 2709 6359 2710 6309 2710 6341 2710 6359 2711 6341 2711 6358 2711 6369 2712 6359 2712 6358 2712 6381 2713 6359 2713 6369 2713 6381 2714 6369 2714 6380 2714 6396 2715 6381 2715 6380 2715 6397 2716 6381 2716 6396 2716 6420 2717 6397 2717 6396 2717 6421 2718 6397 2718 6420 2718 6448 2719 6421 2719 6420 2719 6449 2720 6421 2720 6448 2720 6474 2721 6449 2721 6448 2721 6475 2722 6449 2722 6474 2722 6403 1479 6387 1479 5691 1479 5815 2723 6403 2723 5691 2723 6427 1479 6403 1479 5815 1479 6427 1479 5815 1479 5926 1479 5928 1479 6427 1479 5926 1479 6455 2724 6427 2724 5928 2724 5959 2725 6455 2725 5928 2725 6509 2726 6455 2726 5959 2726 6381 1479 6397 1479 5791 1479 5787 1479 6381 1479 5791 1479 6359 2727 6381 2727 5787 2727 5619 2728 6359 2728 5787 2728 6309 1479 6359 1479 5619 1479 6309 2729 5619 2729 5456 2729 5409 1479 6309 1479 5456 1479 6045 2730 6309 2730 5409 2730 5242 1479 6045 1479 5409 1479 5564 1479 6045 1479 5242 1479 111 2731 127 2731 818 2731 694 2732 111 2732 818 2732 87 2733 111 2733 694 2733 469 1479 205 1479 1100 1479 1268 2734 469 2734 1100 2734 950 1479 469 1479 1268 1479 6475 1479 5964 1479 5963 1479 5962 1479 6475 1479 5963 1479 6449 2735 6475 2735 5962 2735 5948 1479 6449 1479 5962 1479 6421 2736 6449 2736 5948 2736 5946 2737 6421 2737 5948 2737 6397 1479 6421 1479 5946 1479 5904 1479 6397 1479 5946 1479 5791 1479 6397 1479 5904 1479 5564 2738 5242 2738 5014 2738 4973 1479 5564 1479 5014 1479 5106 1479 5564 1479 4973 1479 4693 2739 5106 2739 4973 2739 4387 1479 5106 1479 4693 1479 950 2740 1268 2740 1498 2740 1539 1479 950 1479 1498 1479 1411 1479 950 1479 1539 1479 1821 1479 1411 1479 1539 1479 2134 2741 1411 2741 1821 2741 6509 1479 5959 1479 5967 1479 5966 1479 6509 1479 5967 1479 6475 2742 6509 2742 5966 2742 5965 2743 6475 2743 5966 2743 5964 1479 6475 1479 5965 1479 199 2744 463 2744 1204 2744 1192 1479 199 1479 1204 1479 149 1479 199 1479 1192 1479 987 2745 149 2745 1192 2745 127 1479 149 1479 987 1479 832 1479 127 1479 987 1479 818 2746 127 2746 832 2746 133 1479 117 1479 718 1479 722 2747 133 2747 718 2747 155 2748 133 2748 722 2748 890 2749 155 2749 722 2749 205 1479 155 1479 890 1479 1053 2750 205 2750 890 2750 1100 1479 205 1479 1053 1479 6315 2751 6051 2751 5306 2751 5318 2752 6315 2752 5306 2752 6365 2753 6315 2753 5318 2753 5522 2754 6365 2754 5318 2754 6387 2755 6365 2755 5522 2755 5677 1479 6387 1479 5522 1479 5691 1479 6387 1479 5677 1479 2054 1479 2318 1479 2058 1479 1981 1479 2054 1479 2058 1479 1405 1479 2054 1479 1981 1479 1700 2756 1405 2756 1981 2756 944 1479 1405 1479 1700 1479 1667 1479 944 1479 1700 1479 463 1479 944 1479 1667 1479 1344 2757 463 2757 1667 2757 1204 2758 463 2758 1344 2758 39 1479 545 1479 546 1479 547 1479 39 1479 546 1479 65 2759 39 2759 547 2759 561 2760 65 2760 547 2760 93 1479 65 1479 561 1479 563 1479 93 1479 561 1479 117 1479 93 1479 563 1479 605 2761 117 2761 563 2761 718 2762 117 2762 605 2762 4467 1479 4185 1479 4458 1479 4534 1479 4467 1479 4458 1479 5112 2763 4467 2763 4534 2763 4812 1479 5112 1479 4534 1479 5570 1479 5112 1479 4812 1479 4847 1479 5570 1479 4812 1479 6051 2764 5570 2764 4847 2764 5166 1479 6051 1479 4847 1479 5306 2765 6051 2765 5166 2765 4387 1479 4693 1479 4391 1479 2852 1479 4387 1479 4391 1479 2054 1479 4387 1479 2852 1479 2348 1479 2054 1479 2852 1479 2318 1479 2054 1479 2348 1479 39 2766 5 2766 543 2766 544 1479 39 1479 543 1479 545 1479 39 1479 544 1479 2134 2767 1821 2767 2125 2767 3607 1479 2134 1479 2125 1479 4467 1479 2134 1479 3607 1479 4143 1479 4467 1479 3607 1479 4185 1479 4467 1479 4143 1479 87 1479 694 1479 583 1479 581 1479 87 1479 583 1479 59 2768 87 2768 581 2768 550 2769 59 2769 581 2769 5 2770 59 2770 550 2770 542 1479 5 1479 550 1479 543 1479 5 1479 542 1479 2316 1479 4194 1479 4195 1479 2494 1479 2317 1479 2316 1479 3228 1479 2494 1479 2316 1479 3980 1479 3228 1479 2316 1479 4195 1479 3980 1479 2316 1479 4196 1479 3980 1479 4195 1479 2314 1479 2313 1479 3027 1479 2315 2771 2314 2771 3027 2771 3618 1479 4192 1479 4193 1479 4194 2772 3618 2772 4193 2772 3027 1479 3618 1479 4194 1479 2316 1479 3027 1479 4194 1479 2315 1479 3027 1479 2316 1479 6345 2773 6364 2773 6373 2773 5108 2774 4463 2774 4440 2774 4601 2775 5108 2775 4440 2775 5566 1479 5108 1479 4601 1479 4785 1479 5566 1479 4601 1479 6047 1479 5566 1479 4785 1479 4955 1479 6047 1479 4785 1479 6311 2776 6047 2776 4955 2776 5082 1479 6311 1479 4955 1479 6342 1479 6311 1479 5082 1479 143 2777 154 2777 171 2777 201 1479 168 1479 1431 1479 1558 1479 201 1479 1431 1479 1914 1479 2107 1479 2130 1479 1407 1479 1914 1479 2130 1479 1728 1479 1914 1479 1407 1479 946 1479 1728 1479 1407 1479 1558 2778 1728 2778 946 2778 465 2776 1558 2776 946 2776 201 2779 1558 2779 465 2779 4155 2 4159 2 4466 2 4461 2 4155 2 4466 2 4156 1479 4152 1479 4440 1479 4463 1479 4156 1479 4440 1479 167 2 148 2 139 2 1401 2780 2050 2780 2076 2780 1913 1479 1401 1479 2076 1479 940 1479 1401 1479 1913 1479 1727 1479 940 1479 1913 1479 459 1479 940 1479 1727 1479 1557 1479 459 1479 1727 1479 195 1479 459 1479 1557 1479 1430 1479 195 1479 1557 1479 164 1479 195 1479 1430 1479 994 1479 6 1479 1 1479 993 1479 994 1479 1 1479 6369 2 6358 2 6341 2 6305 1479 6338 1479 5081 1479 4954 1479 6305 1479 5081 1479 4600 1479 4409 1479 4383 1479 5102 2781 4600 2781 4383 2781 4784 1479 4600 1479 5102 1479 5560 1479 4784 1479 5102 1479 4954 1479 4784 1479 5560 1479 6041 1479 4954 1479 5560 1479 6305 1479 4954 1479 6041 1479 2336 2 2335 2 2053 2 2055 2 2336 2 2053 2 4151 1479 4144 1479 4383 1479 4409 1479 4151 1479 4383 1479 6503 2 6236 2 6237 2 6508 2 6503 2 6237 2 5515 1479 6500 1479 6505 1479 5516 1479 5515 1479 6505 1479 1776 2782 2056 2782 2055 2782 1794 2783 2056 2783 1776 2783 1417 2784 1794 2784 1776 2784 1468 2785 1794 2785 1417 2785 1200 2786 1468 2786 1417 2786 1236 2787 1468 2787 1200 2787 972 2788 1236 2788 1200 2788 1012 2789 1236 2789 972 2789 724 2790 1012 2790 972 2790 827 2791 1012 2791 724 2791 572 2792 827 2792 724 2792 672 2793 827 2793 572 2793 472 2794 672 2794 572 2794 548 2795 672 2795 472 2795 316 2796 548 2796 472 2796 470 2797 548 2797 316 2797 298 2798 470 2798 316 2798 430 2799 470 2799 298 2799 272 2800 430 2800 298 2800 356 2801 430 2801 272 2801 6210 2802 6146 2802 6228 2802 6078 2803 6146 2803 6210 2803 6192 2804 6078 2804 6210 2804 6038 2805 6078 2805 6192 2805 6036 2806 6038 2806 6192 2806 5960 2807 6038 2807 6036 2807 5936 2808 5960 2808 6036 2808 5836 2809 5960 2809 5936 2809 5784 2810 5836 2810 5936 2810 5681 2811 5836 2811 5784 2811 5536 2812 5681 2812 5784 2812 5496 2813 5681 2813 5536 2813 5309 2814 5496 2814 5536 2814 5273 2815 5496 2815 5309 2815 5094 2816 5273 2816 5309 2816 5041 2817 5273 2817 5094 2817 4737 2818 5041 2818 5094 2818 4718 2819 5041 2819 4737 2819 4388 2820 4718 2820 4737 2820 4389 2821 4718 2821 4388 2821 2337 2822 2336 2822 2055 2822 2056 2823 2337 2823 2055 2823 6152 2824 6153 2824 6237 2824 6236 2825 6152 2825 6237 2825 299 2826 363 2826 281 2826 431 2827 363 2827 299 2827 317 2828 431 2828 299 2828 471 2829 431 2829 317 2829 473 2830 471 2830 317 2830 549 2831 471 2831 473 2831 573 2832 549 2832 473 2832 673 2833 549 2833 573 2833 725 2834 673 2834 573 2834 828 2835 673 2835 725 2835 973 2836 828 2836 725 2836 1013 2837 828 2837 973 2837 1201 2838 1013 2838 973 2838 1237 2839 1013 2839 1201 2839 1418 2840 1237 2840 1201 2840 1469 2841 1237 2841 1418 2841 1777 2842 1469 2842 1418 2842 1795 2843 1469 2843 1777 2843 2128 2844 1795 2844 1777 2844 2127 2845 1795 2845 2128 2845 4738 2846 4460 2846 4461 2846 4719 2847 4460 2847 4738 2847 5095 2848 4719 2848 4738 2848 5043 2849 4719 2849 5095 2849 5310 2850 5043 2850 5095 2850 5274 2851 5043 2851 5310 2851 5537 2852 5274 2852 5310 2852 5497 2853 5274 2853 5537 2853 5785 2854 5497 2854 5537 2854 5682 2855 5497 2855 5785 2855 5937 2856 5682 2856 5785 2856 5837 2857 5682 2857 5937 2857 6037 2858 5837 2858 5937 2858 5961 2859 5837 2859 6037 2859 6193 2860 5961 2860 6037 2860 6039 2861 5961 2861 6193 2861 6211 2862 6039 2862 6193 2862 6079 2863 6039 2863 6211 2863 6237 2864 6079 2864 6211 2864 6153 2865 6079 2865 6237 2865 4460 2866 4154 2866 4155 2866 4461 2867 4460 2867 4155 2867 5065 2 2092 2 4425 2 1526 2 2007 2 2092 2 1487 2 1526 2 2092 2 1458 2 1815 2 1720 2 1816 2 1654 2 1721 2 5065 2 4425 2 4511 2 4617 2 5065 2 4511 2 4698 2 5065 2 4617 2 4987 2 5028 2 5054 2 5065 2 4987 2 5054 2 4925 2 4987 2 5065 2 5065 2 5064 2 1447 2 1448 2 5065 2 1447 2 2092 2 5065 2 1448 2 1459 2 2092 2 1448 2 1487 2 2092 2 1459 2 1591 2 1654 2 1816 2 5065 2 4698 2 4792 2 4861 2 5065 2 4792 2 4925 2 5065 2 4861 2 5053 2 5027 2 4424 2 5064 2 5053 2 4424 2 4424 2 5027 2 4986 2 4924 2 4424 2 4986 2 4510 2 4424 2 4924 2 4697 2 4860 2 4791 2 1897 2 1815 2 1458 2 1458 2 1720 2 1653 2 1590 2 1458 2 1653 2 1486 2 1458 2 1590 2 1525 2 1486 2 1590 2 1526 2 1591 2 1816 2 1898 2 1526 2 1816 2 2007 2 1526 2 1898 2 4924 2 4860 2 4697 2 4616 2 4924 2 4697 2 4510 2 4924 2 4616 2 1447 2 5064 2 4424 2 2091 2 1447 2 4424 2 1458 2 1447 2 2091 2 2006 2 1458 2 2091 2 1897 2 1458 2 2006 2 5461 2868 5477 2868 5476 2868 5462 2869 5477 2869 5461 2869 5397 2870 5462 2870 5461 2870 5398 2870 5462 2870 5397 2870 5346 2871 5398 2871 5397 2871 5347 2872 5398 2872 5346 2872 5289 2873 5347 2873 5346 2873 5290 2874 5347 2874 5289 2874 5220 2875 5290 2875 5289 2875 5221 2876 5290 2876 5220 2876 5129 2877 5221 2877 5220 2877 5130 2878 5221 2878 5129 2878 4930 2879 5130 2879 5129 2879 4931 2880 5130 2880 4930 2880 4764 2881 4931 2881 4930 2881 4765 2882 4931 2882 4764 2882 4586 2883 4765 2883 4764 2883 4587 2884 4765 2884 4586 2884 4436 2885 4587 2885 4586 2885 4437 2886 4587 2886 4436 2886 5477 2117 5475 2117 5474 2117 5476 2117 5477 2117 5474 2117 4584 2887 4413 2887 4412 2887 4585 2888 4413 2888 4584 2888 4762 2889 4585 2889 4584 2889 4763 2890 4585 2890 4762 2890 4928 2891 4763 2891 4762 2891 4929 2892 4763 2892 4928 2892 5127 2893 4929 2893 4928 2893 5128 2894 4929 2894 5127 2894 5218 2895 5128 2895 5127 2895 5219 2896 5128 2896 5218 2896 5287 2897 5219 2897 5218 2897 5288 2898 5219 2898 5287 2898 5344 2899 5288 2899 5287 2899 5345 2900 5288 2900 5344 2900 5395 2901 5345 2901 5344 2901 5396 2902 5345 2902 5395 2902 5459 2903 5396 2903 5395 2903 5460 2903 5396 2903 5459 2903 5474 2904 5460 2904 5459 2904 5475 2905 5460 2905 5474 2905 4413 27 2080 27 2079 27 4412 27 4413 27 2079 27 1047 2906 1033 2906 1032 2906 1048 2907 1033 2907 1047 2907 1111 2908 1048 2908 1047 2908 1112 2908 1048 2908 1111 2908 1163 2909 1112 2909 1111 2909 1164 2910 1112 2910 1163 2910 1220 2911 1164 2911 1163 2911 1221 2912 1164 2912 1220 2912 1289 2913 1221 2913 1220 2913 1290 2914 1221 2914 1289 2914 1380 2915 1290 2915 1289 2915 1381 2916 1290 2916 1380 2916 1583 2917 1381 2917 1380 2917 1584 2918 1381 2918 1583 2918 1747 2919 1584 2919 1583 2919 1748 2920 1584 2920 1747 2920 1927 2921 1748 2921 1747 2921 1928 2922 1748 2922 1927 2922 2079 2923 1928 2923 1927 2923 2080 2924 1928 2924 2079 2924 1033 2073 1035 2073 1034 2073 1032 2073 1033 2073 1034 2073 1929 2925 2104 2925 2103 2925 1930 2926 2104 2926 1929 2926 1749 2927 1930 2927 1929 2927 1750 2928 1930 2928 1749 2928 1585 2929 1750 2929 1749 2929 1586 2929 1750 2929 1585 2929 1382 2930 1586 2930 1585 2930 1383 2931 1586 2931 1382 2931 1291 2932 1383 2932 1382 2932 1292 2933 1383 2933 1291 2933 1222 2934 1292 2934 1291 2934 1223 2935 1292 2935 1222 2935 1165 2936 1223 2936 1222 2936 1166 2936 1223 2936 1165 2936 1113 2937 1166 2937 1165 2937 1114 2938 1166 2938 1113 2938 1049 2939 1114 2939 1113 2939 1050 2939 1114 2939 1049 2939 1034 2940 1050 2940 1049 2940 1035 2941 1050 2941 1034 2941 2104 71 4437 71 4436 71 2103 71 2104 71 4436 71 4667 2 4451 2 4462 2 5107 2 4667 2 4462 2 4914 2 4667 2 5107 2 5565 2942 4914 2942 5107 2942 5188 2 4914 2 5565 2 6046 2 5188 2 5565 2 5313 2 5188 2 6046 2 6310 2943 5313 2943 6046 2943 5492 2 5313 2 6310 2 6360 2 5492 2 6310 2 5625 2 5492 2 6360 2 6382 2944 5625 2944 6360 2944 5742 2 5625 2 6382 2 6398 2 5742 2 6382 2 5809 2 5742 2 6398 2 6422 2 5809 2 6398 2 5876 2945 5809 2945 6422 2945 6450 2 5876 2 6422 2 5897 2 5876 2 6450 2 6504 2 5897 2 6450 2 5896 2 5897 2 6504 2 6470 2 5896 2 6504 2 5875 2 5896 2 6470 2 6444 2946 5875 2946 6470 2946 5808 2 5875 2 6444 2 6416 2947 5808 2947 6444 2947 5741 2 5808 2 6416 2 6392 2 5741 2 6416 2 5624 2 5741 2 6392 2 6376 2 5624 2 6392 2 5491 2 5624 2 6376 2 6354 2 5491 2 6376 2 5312 2 5491 2 6354 2 6304 2948 5312 2948 6354 2948 5187 2 5312 2 6304 2 6040 2949 5187 2949 6304 2949 4913 2 5187 2 6040 2 5559 2950 4913 2950 6040 2950 4666 2 4913 2 5559 2 5101 2 4666 2 5559 2 4398 2951 4666 2951 5101 2951 4382 2952 4398 2952 5101 2952 2065 2 4398 2 4382 2 2049 2 2065 2 4382 2 1846 2 2065 2 2049 2 1400 2 1846 2 2049 2 1600 2 1846 2 1400 2 939 2 1600 2 1400 2 1322 2953 1600 2953 939 2953 458 2 1322 2 939 2 1197 2 1322 2 458 2 194 2 1197 2 458 2 1017 2 1197 2 194 2 144 2 1017 2 194 2 884 2 1017 2 144 2 122 2 884 2 144 2 767 2 884 2 122 2 106 2954 767 2954 122 2954 700 2 767 2 106 2 82 2 700 2 106 2 633 2 700 2 82 2 54 2 633 2 82 2 612 2955 633 2955 54 2955 0 2 612 2 54 2 613 2 612 2 0 2 34 2 613 2 0 2 634 2 613 2 34 2 60 2 634 2 34 2 701 2 634 2 60 2 88 2 701 2 60 2 768 2 701 2 88 2 112 2 768 2 88 2 885 2 768 2 112 2 128 2956 885 2956 112 2956 1018 2957 885 2957 128 2957 150 2 1018 2 128 2 1198 2 1018 2 150 2 200 2 1198 2 150 2 1323 2 1198 2 200 2 464 2 1323 2 200 2 1601 2 1323 2 464 2 945 2 1601 2 464 2 1847 2 1601 2 945 2 1406 2958 1847 2958 945 2958 2118 2 1847 2 1406 2 2129 2 2118 2 1406 2 4451 2 2118 2 2129 2 4462 2 4451 2 2129 2 6487 2117 6509 2117 6475 2117 6483 2117 6487 2117 6475 2117 6497 2117 6495 2117 6494 2117 6478 2117 6473 2117 6472 2117 6477 2117 6478 2117 6472 2117 6482 2117 6481 2117 6486 2117 6476 2117 6471 2117 6470 2117 6504 2117 6476 2117 6470 2117 6477 2117 6480 2117 6481 2117 6482 2117 6477 2117 6481 2117 6478 2117 6477 2117 6482 2117 6483 2117 6478 2117 6482 2117 6479 2117 6478 2117 6483 2117 6475 2117 6479 2117 6483 2117 6474 2117 6479 2117 6475 2117 6500 2117 6504 2117 6505 2117 6485 2117 6490 2117 6488 2117 6492 2117 6491 2117 6490 2117 6509 2117 6493 2117 6499 2117 6490 2117 6485 2117 6495 2117 6497 2117 6490 2117 6495 2117 6492 2117 6490 2117 6497 2117 6498 2117 6492 2117 6497 2117 6491 2117 6492 2117 6493 2117 6509 2117 6491 2117 6493 2117 6489 2117 6491 2117 6509 2117 6487 2117 6489 2117 6509 2117 6488 2117 6489 2117 6487 2117 6486 2117 6488 2117 6487 2117 6485 2117 6488 2117 6486 2117 6481 2117 6485 2117 6486 2117 6484 2117 6485 2117 6481 2117 6506 2117 6507 2117 6502 2117 6501 2117 6506 2117 6502 2117 6503 2117 6508 2117 6509 2117 6499 2117 6503 2117 6509 2117 6502 2117 6503 2117 6499 2117 6498 2117 6502 2117 6499 2117 6501 2117 6502 2117 6498 2117 6497 2117 6501 2117 6498 2117 6500 2117 6501 2117 6497 2117 6496 2117 6500 2117 6497 2117 6504 2117 6500 2117 6496 2117 6480 2117 6504 2117 6496 2117 6476 2117 6504 2117 6480 2117 6477 2117 6476 2117 6480 2117 5101 2959 4383 2959 4382 2959 5102 2960 4383 2960 5101 2960 5559 2961 5102 2961 5101 2961 5560 2962 5102 2962 5559 2962 6040 2963 5560 2963 5559 2963 6041 2964 5560 2964 6040 2964 6304 2965 6041 2965 6040 2965 6305 2966 6041 2966 6304 2966 6338 2967 6305 2967 6304 2967 6354 2968 6338 2968 6304 2968 6355 2969 6338 2969 6354 2969 6366 2970 6355 2970 6354 2970 6376 2971 6366 2971 6354 2971 6377 2972 6366 2972 6376 2972 6392 2973 6377 2973 6376 2973 6393 2974 6377 2974 6392 2974 6416 2975 6393 2975 6392 2975 6417 2976 6393 2976 6416 2976 6444 2977 6417 2977 6416 2977 6445 2978 6417 2978 6444 2978 6470 2979 6445 2979 6444 2979 6471 2980 6445 2980 6470 2980 4387 27 4147 27 4386 27 2335 2981 4387 2981 2054 2981 2053 27 2335 27 2054 27 2334 27 2052 27 2051 27 2333 27 2334 27 2051 27 3421 27 3396 27 3031 27 3421 27 3420 27 4119 27 4120 27 3421 27 4119 27 3396 27 3421 27 4120 27 4144 27 4382 27 4383 27 4384 27 4385 27 4146 27 4145 27 4384 27 4146 27 2049 27 2332 27 2050 27 3078 27 3130 27 3079 27 4387 27 3131 27 3357 27 3031 27 2359 27 3030 27 3079 27 3130 27 3131 27 4387 2982 3079 2982 3131 2982 2361 27 3079 27 4387 27 2335 2983 2361 2983 4387 2983 2360 27 2361 27 2335 27 4118 27 2358 27 4382 27 4144 27 4118 27 4382 27 4119 27 4118 27 4144 27 4145 27 4119 27 4144 27 4120 27 4119 27 4145 27 4146 27 4120 27 4145 27 4121 27 4120 27 4146 27 2332 2984 2049 2984 4382 2984 2358 2985 2332 2985 4382 2985 2333 27 2332 27 2358 27 2359 27 2333 27 2358 27 2360 27 2335 27 2334 27 2333 27 2360 27 2334 27 3078 2986 2360 2986 2333 2986 2359 27 3078 27 2333 27 3130 27 3078 27 2359 27 3031 27 3130 27 2359 27 3356 2987 3130 2987 3031 2987 3396 27 3356 27 3031 27 3357 27 3356 27 3396 27 3397 27 3357 27 3396 27 4387 2988 3357 2988 3397 2988 4121 27 4387 27 3397 27 4147 27 4387 27 4121 27 4146 27 4147 27 4121 27 54 2989 1 2989 0 2989 55 2990 1 2990 54 2990 82 2991 55 2991 54 2991 83 2992 55 2992 82 2992 106 2993 83 2993 82 2993 107 2994 83 2994 106 2994 122 2995 107 2995 106 2995 123 2995 107 2995 122 2995 136 2996 123 2996 122 2996 144 2997 136 2997 122 2997 145 2998 136 2998 144 2998 164 2999 145 2999 144 2999 194 3000 164 3000 144 3000 195 3001 164 3001 194 3001 458 3002 195 3002 194 3002 459 3003 195 3003 458 3003 939 3004 459 3004 458 3004 940 3005 459 3005 939 3005 1400 3006 940 3006 939 3006 1401 3007 940 3007 1400 3007 2049 3008 1401 3008 1400 3008 2050 3008 1401 3008 2049 3008 39 2073 23 2073 5 2073 29 2073 33 2073 28 2073 11 2073 15 2073 14 2073 39 2073 38 2073 33 2073 29 2073 39 2073 33 2073 23 2073 39 2073 29 2073 32 2073 27 2073 24 2073 25 2073 32 2073 24 2073 31 2073 26 2073 27 2073 32 2073 31 2073 27 2073 36 2073 31 2073 32 2073 37 2073 36 2073 32 2073 30 2073 35 2073 34 2073 0 2073 30 2073 34 2073 5 2073 17 2073 13 2073 6 2073 0 2073 1 2073 16 2073 19 2073 18 2073 15 2073 11 2073 12 2073 16 2073 15 2073 12 2073 25 2073 15 2073 16 2073 18 2073 25 2073 16 2073 20 2073 25 2073 18 2073 2 2073 3 2073 8 2073 7 2073 2 2073 8 2073 9 2073 4 2073 5 2073 13 2073 9 2073 5 2073 8 2073 9 2073 13 2073 12 2073 8 2073 13 2073 7 2073 8 2073 12 2073 11 2073 7 2073 12 2073 6 2073 7 2073 11 2073 10 2073 6 2073 11 2073 0 2073 6 2073 10 2073 26 2073 0 2073 10 2073 30 2073 0 2073 26 2073 31 2073 30 2073 26 2073 19 2073 16 2073 17 2073 5 2073 19 2073 17 2073 21 2073 19 2073 5 2073 23 2073 21 2073 5 2073 20 2073 21 2073 23 2073 22 2073 20 2073 23 2073 25 2073 20 2073 22 2073 28 2073 25 2073 22 2073 32 2073 25 2073 28 2073 33 2073 32 2073 28 2073 1406 3009 2130 3009 2129 3009 1407 3009 2130 3009 1406 3009 945 3010 1407 3010 1406 3010 946 3010 1407 3010 945 3010 464 3011 946 3011 945 3011 465 3012 946 3012 464 3012 200 3013 465 3013 464 3013 201 3014 465 3014 200 3014 168 3015 201 3015 200 3015 150 3016 168 3016 200 3016 151 3017 168 3017 150 3017 140 3018 151 3018 150 3018 128 3019 140 3019 150 3019 129 3020 140 3020 128 3020 112 3021 129 3021 128 3021 113 3021 129 3021 112 3021 88 3022 113 3022 112 3022 89 3022 113 3022 88 3022 60 3023 89 3023 88 3023 61 3024 89 3024 60 3024 34 3025 61 3025 60 3025 35 3026 61 3026 34 3026 6450 3027 6505 3027 6504 3027 6451 2643 6505 2643 6450 2643 6422 3028 6451 3028 6450 3028 6423 3029 6451 3029 6422 3029 6398 3030 6423 3030 6422 3030 6399 3031 6423 3031 6398 3031 6382 3032 6399 3032 6398 3032 6383 3033 6399 3033 6382 3033 6370 3034 6383 3034 6382 3034 6360 3035 6370 3035 6382 3035 6361 3036 6370 3036 6360 3036 6342 3037 6361 3037 6360 3037 6310 3038 6342 3038 6360 3038 6311 3039 6342 3039 6310 3039 6046 3040 6311 3040 6310 3040 6047 3041 6311 3041 6046 3041 5565 3042 6047 3042 6046 3042 5566 3043 6047 3043 5565 3043 5107 3044 5566 3044 5565 3044 5108 3045 5566 3045 5107 3045 4462 3046 5108 3046 5107 3046 4463 3047 5108 3047 4462 3047 6372 3048 6373 3048 5958 3048 5906 3049 6372 3049 5958 3049 5574 3050 5684 3050 6345 3050 6344 3051 5574 3051 6345 3051 5906 3052 5958 3052 5684 3052 5574 3053 5906 3053 5684 3053 6344 3054 6345 3054 6373 3054 6372 3055 6344 3055 6373 3055 5905 3056 5957 3056 6369 3056 6368 3057 5905 3057 6369 3057 6340 3058 6341 3058 5683 3058 5573 3059 6340 3059 5683 3059 5573 3060 5683 3060 5957 3060 5905 3061 5573 3061 5957 3061 6368 3062 6369 3062 6341 3062 6340 3063 6368 3063 6341 3063 604 3064 552 3064 143 3064 142 3065 604 3065 143 3065 170 2516 171 2516 826 2516 936 3066 170 3066 826 3066 936 3067 826 3067 552 3067 604 3068 936 3068 552 3068 142 3069 143 3069 171 3069 170 2550 142 2550 171 2550 138 3070 139 3070 551 3070 603 3071 138 3071 551 3071 935 3072 825 3072 167 3072 166 3073 935 3073 167 3073 603 3074 551 3074 825 3074 935 3075 603 3075 825 3075 166 3076 167 3076 139 3076 138 3076 166 3076 139 3076 4128 2073 4129 2073 4133 2073 4132 2073 4128 2073 4133 2073 4158 2117 4159 2117 4155 2117 4154 2117 4158 2117 4155 2117 6498 27 6499 27 6235 27 6151 3077 6498 3077 6235 3077 6152 3078 6236 3078 6503 3078 6502 71 6152 71 6503 71 6371 2 6343 2 6362 2 6372 3079 6363 3079 6344 3079 5555 3080 5269 3080 5031 3080 4459 2 4153 2 4157 2 4464 2 4459 2 4157 2 4717 2 4459 2 4464 2 5109 2 4717 2 4464 2 5031 2 4717 2 5109 2 5951 2 5893 2 6035 2 5031 3081 5109 3081 5567 3081 6048 2 5031 2 5567 2 5555 2 5031 2 6048 2 6312 2 5555 2 6048 2 6343 2 5555 2 6312 2 6506 2 6501 2 6112 2 6113 2 6506 2 6112 2 6452 2 6506 2 6113 2 6065 3082 6452 3082 6113 3082 6424 3083 6452 3083 6065 3083 6035 2 6424 2 6065 2 6400 2 6424 2 6035 2 5893 2 6400 2 6035 2 6384 3084 6400 3084 5893 3084 6371 2 6384 2 5893 2 5893 2 5951 2 5829 2 5673 2 5893 2 5829 2 5555 3085 5893 3085 5673 3085 5490 2 5555 2 5673 2 5269 3086 5555 3086 5490 3086 5906 3087 5961 3087 6039 3087 5274 3088 5574 3088 5043 3088 6153 1479 6152 1479 6502 1479 6507 1479 6153 1479 6502 1479 6079 1479 6153 1479 6507 1479 6453 3089 6079 3089 6507 3089 6039 1479 6079 1479 6453 1479 4465 1479 4158 1479 4154 1479 4460 1479 4465 1479 4154 1479 5110 1479 4465 1479 4460 1479 4719 3090 5110 3090 4460 3090 5568 1479 5110 1479 4719 1479 5043 1479 5568 1479 4719 1479 6049 1479 5568 1479 5043 1479 5574 3091 6049 3091 5043 3091 6313 1479 6049 1479 5574 1479 6344 1479 6313 1479 5574 1479 6039 1479 6453 1479 6425 1479 6401 3092 6039 3092 6425 3092 5906 1479 6039 1479 6401 1479 6385 1479 5906 1479 6401 1479 6372 1479 5906 1479 6385 1479 5574 1479 5274 1479 5497 1479 5682 3093 5574 3093 5497 3093 5906 1479 5574 1479 5682 1479 5837 1479 5906 1479 5682 1479 5961 3094 5906 3094 5837 3094 6452 2642 6507 2642 6506 2642 6453 2643 6507 2643 6452 2643 6424 2644 6453 2644 6452 2644 6425 2645 6453 2645 6424 2645 6400 2646 6425 2646 6424 2646 6401 2647 6425 2647 6400 2647 6384 2648 6401 2648 6400 2648 6385 2649 6401 2649 6384 2649 6372 3095 6385 3095 6384 3095 6371 3096 6372 3096 6384 3096 6363 3097 6372 3097 6371 3097 6362 2652 6363 2652 6371 2652 6344 3098 6363 3098 6362 3098 6343 3099 6344 3099 6362 3099 6313 2655 6344 2655 6343 2655 6313 3100 6343 3100 6312 3100 6048 3101 6313 3101 6312 3101 6049 2657 6313 2657 6048 2657 5567 2659 6049 2659 6048 2659 5568 2659 6049 2659 5567 2659 5109 3102 5568 3102 5567 3102 5110 2661 5568 2661 5109 2661 4464 2663 5110 2663 5109 2663 4465 2663 5110 2663 4464 2663 5103 2703 4385 2703 4384 2703 5104 2703 4385 2703 5103 2703 5561 2704 5104 2704 5103 2704 5562 2705 5104 2705 5561 2705 6042 2706 5562 2706 5561 2706 6043 2706 5562 2706 6042 2706 6306 3103 6043 3103 6042 3103 6307 2708 6043 2708 6306 2708 6340 2709 6307 2709 6306 2709 6339 2709 6340 2709 6306 2709 6357 3104 6340 3104 6339 3104 6356 2711 6357 2711 6339 2711 6368 3105 6357 3105 6356 3105 6367 3106 6368 3106 6356 3106 6379 3107 6368 3107 6367 3107 6379 2714 6367 2714 6378 2714 6394 2715 6379 2715 6378 2715 6395 2716 6379 2716 6394 2716 6418 2717 6395 2717 6394 2717 6419 3108 6395 3108 6418 3108 6446 2719 6419 2719 6418 2719 6447 2720 6419 2720 6446 2720 6472 2721 6447 2721 6446 2721 6473 3109 6447 3109 6472 3109 1408 3110 2132 3110 2131 3110 1409 2665 2132 2665 1408 2665 947 3111 1409 3111 1408 3111 948 2666 1409 2666 947 2666 466 3112 948 3112 947 3112 467 2668 948 2668 466 2668 202 2670 467 2670 466 2670 203 2670 467 2670 202 2670 170 2671 203 2671 202 2671 169 3113 170 3113 202 3113 153 3114 170 3114 169 3114 152 2673 153 2673 169 2673 142 2674 153 2674 152 2674 141 2674 142 2674 152 2674 131 3115 142 3115 141 3115 131 2676 141 2676 130 2676 114 2677 131 2677 130 2677 115 2678 131 2678 114 2678 90 2679 115 2679 114 2679 91 2680 115 2680 90 2680 62 2681 91 2681 90 2681 63 2681 91 2681 62 2681 36 2682 63 2682 62 2682 37 2682 63 2682 36 2682 56 2683 3 2683 2 2683 57 2683 3 2683 56 2683 84 2685 57 2685 56 2685 85 2685 57 2685 84 2685 108 2686 85 2686 84 2686 109 3116 85 3116 108 3116 124 2688 109 2688 108 2688 125 2689 109 2689 124 2689 138 3117 125 3117 124 3117 137 3118 138 3118 124 3118 147 3119 138 3119 137 3119 146 2692 147 2692 137 2692 166 3120 147 3120 146 3120 165 2693 166 2693 146 2693 197 3121 166 3121 165 3121 197 2695 165 2695 196 2695 460 3122 197 3122 196 3122 461 2696 197 2696 460 2696 941 2697 461 2697 460 2697 942 2698 461 2698 941 2698 1402 2699 942 2699 941 2699 1403 2699 942 2699 1402 2699 2051 3123 1403 3123 1402 3123 2052 2701 1403 2701 2051 2701 6340 3124 6357 3124 6368 3124 170 3125 153 3125 142 3125 138 3126 147 3126 166 3126 6339 3127 6367 3127 6356 3127 169 2 141 2 152 2 137 3128 165 3128 146 3128 3401 2117 3400 2117 3402 2117 3403 2117 3401 2117 3402 2117 3366 2073 3367 2073 3371 2073 3370 2073 3366 2073 3371 2073 3828 3129 3829 3129 3827 3129 3826 3130 3828 3130 3827 3130 3924 3131 3934 3131 3938 3131 3926 3132 3924 3132 3938 3132 3912 3133 3924 3133 3926 3133 3914 3134 3912 3134 3926 3134 3900 3135 3912 3135 3914 3135 3902 3136 3900 3136 3914 3136 3892 3137 3900 3137 3902 3137 3894 3138 3892 3138 3902 3138 3879 3139 3892 3139 3894 3139 3881 3140 3879 3140 3894 3140 3870 3141 3879 3141 3881 3141 3872 3142 3870 3142 3881 3142 3858 3143 3870 3143 3872 3143 3860 3144 3858 3144 3872 3144 3850 3145 3858 3145 3860 3145 3852 3146 3850 3146 3860 3146 3838 3147 3850 3147 3852 3147 3840 3148 3838 3148 3852 3148 3826 3149 3838 3149 3840 3149 3828 3150 3826 3150 3840 3150 3953 3151 3938 3151 3934 3151 3949 3151 3953 3151 3934 3151 4054 3152 4066 3152 4068 3152 4056 3153 4054 3153 4068 3153 4042 3154 4054 3154 4056 3154 4044 3155 4042 3155 4056 3155 4034 3156 4042 3156 4044 3156 4036 3156 4034 3156 4044 3156 4022 3157 4034 3157 4036 3157 4024 3158 4022 3158 4036 3158 4014 3159 4022 3159 4024 3159 4016 3160 4014 3160 4024 3160 4002 3161 4014 3161 4016 3161 4004 3162 4002 3162 4016 3162 3994 3163 4002 3163 4004 3163 3996 3164 3994 3164 4004 3164 3972 3165 3994 3165 3996 3165 3974 3166 3972 3166 3996 3166 3960 3167 3972 3167 3974 3167 3962 3168 3960 3168 3974 3168 3949 3169 3960 3169 3962 3169 3953 3170 3949 3170 3962 3170 4069 3171 4068 3171 4066 3171 4067 2073 4069 2073 4066 2073 3961 3172 3950 3172 3954 3172 3963 3173 3961 3173 3954 3173 3973 3174 3961 3174 3963 3174 3975 3175 3973 3175 3963 3175 3995 3176 3973 3176 3975 3176 3997 3177 3995 3177 3975 3177 4003 3178 3995 3178 3997 3178 4005 3179 4003 3179 3997 3179 4015 3180 4003 3180 4005 3180 4017 3181 4015 3181 4005 3181 4023 3182 4015 3182 4017 3182 4025 3183 4023 3183 4017 3183 4035 3184 4023 3184 4025 3184 4037 3185 4035 3185 4025 3185 4043 3186 4035 3186 4037 3186 4045 3187 4043 3187 4037 3187 4055 3188 4043 3188 4045 3188 4057 3189 4055 3189 4045 3189 4067 3190 4055 3190 4057 3190 4069 3191 4067 3191 4057 3191 3939 3192 3954 3192 3950 3192 3935 3193 3939 3193 3950 3193 3839 3194 3827 3194 3829 3194 3841 3195 3839 3195 3829 3195 3851 3196 3839 3196 3841 3196 3853 3197 3851 3197 3841 3197 3859 3198 3851 3198 3853 3198 3861 3199 3859 3199 3853 3199 3871 3200 3859 3200 3861 3200 3873 3201 3871 3201 3861 3201 3880 3202 3871 3202 3873 3202 3882 3203 3880 3203 3873 3203 3893 3204 3880 3204 3882 3204 3895 3205 3893 3205 3882 3205 3901 3206 3893 3206 3895 3206 3903 3207 3901 3207 3895 3207 3913 3208 3901 3208 3903 3208 3915 3209 3913 3209 3903 3209 3925 3210 3913 3210 3915 3210 3927 3211 3925 3211 3915 3211 3935 3212 3925 3212 3927 3212 3939 3213 3935 3213 3927 3213 3915 3214 3903 3214 3845 3214 3927 3215 3915 3215 3845 3215 4047 3216 3997 3216 3975 3216 4005 3217 3997 3217 4047 3217 4047 3218 3975 3218 3963 3218 3954 3219 4047 3219 3963 3219 3845 3220 4047 3220 3954 3220 3939 3221 3845 3221 3954 3221 3927 3222 3845 3222 3939 3222 3845 3223 3903 3223 3895 3223 3882 3224 3845 3224 3895 3224 3821 3225 3845 3225 3882 3225 3873 3226 3821 3226 3882 3226 3813 3227 3821 3227 3873 3227 3861 3228 3813 3228 3873 3228 3805 3229 3813 3229 3861 3229 3853 3230 3805 3230 3861 3230 3797 3231 3805 3231 3853 3231 3841 3232 3797 3232 3853 3232 3789 3233 3797 3233 3841 3233 3829 3234 3789 3234 3841 3234 3788 3235 3789 3235 3829 3235 3828 3236 3788 3236 3829 3236 3793 3237 3788 3237 3828 3237 3840 3238 3793 3238 3828 3238 3801 3239 3793 3239 3840 3239 3852 3240 3801 3240 3840 3240 3809 3241 3801 3241 3852 3241 3860 3242 3809 3242 3852 3242 3817 3243 3809 3243 3860 3243 3872 3244 3817 3244 3860 3244 3833 3245 3817 3245 3872 3245 3881 3246 3833 3246 3872 3246 3865 3247 3833 3247 3881 3247 3894 3248 3865 3248 3881 3248 3886 3249 3865 3249 3894 3249 3902 3250 3886 3250 3894 3250 3907 3251 3886 3251 3902 3251 3914 3252 3907 3252 3902 3252 3919 3253 3907 3253 3914 3253 3926 3254 3919 3254 3914 3254 3937 3255 3919 3255 3926 3255 3938 3256 3937 3256 3926 3256 3952 3257 3937 3257 3938 3257 3953 3258 3952 3258 3938 3258 3967 3259 3952 3259 3953 3259 3962 3260 3967 3260 3953 3260 3979 3261 3967 3261 3962 3261 3974 3262 3979 3262 3962 3262 4009 3263 3979 3263 3974 3263 3996 3264 4009 3264 3974 3264 4029 3265 4009 3265 3996 3265 4004 3266 4029 3266 3996 3266 4061 3267 4029 3267 4004 3267 4016 3268 4061 3268 4004 3268 4077 3269 4061 3269 4016 3269 4024 3270 4077 3270 4016 3270 4085 3271 4077 3271 4024 3271 4036 3272 4085 3272 4024 3272 4093 3273 4085 3273 4036 3273 4044 3274 4093 3274 4036 3274 4102 3275 4093 3275 4044 3275 4056 3276 4102 3276 4044 3276 4109 3277 4102 3277 4056 3277 4068 3278 4109 3278 4056 3278 4110 3236 4109 3236 4068 3236 4069 3235 4110 3235 4068 3235 4098 3279 4110 3279 4069 3279 4057 3280 4098 3280 4069 3280 4089 3281 4098 3281 4057 3281 4045 3282 4089 3282 4057 3282 4081 3283 4089 3283 4045 3283 4037 3284 4081 3284 4045 3284 4073 3285 4081 3285 4037 3285 4025 3286 4073 3286 4037 3286 4047 3287 4073 3287 4025 3287 4017 3288 4047 3288 4025 3288 4005 3289 4047 3289 4017 3289 4049 3290 4073 3290 4047 3290 4073 3291 4049 3291 4072 3291 4080 3292 4073 3292 4072 3292 4081 3293 4073 3293 4080 3293 4088 3294 4081 3294 4080 3294 4089 3295 4081 3295 4088 3295 4097 3296 4089 3296 4088 3296 4098 3297 4089 3297 4097 3297 4108 3298 4098 3298 4097 3298 4110 3299 4098 3299 4108 3299 3845 3300 3820 3300 3843 3300 3820 3301 3845 3301 3821 3301 3813 3302 3820 3302 3821 3302 3812 3303 3820 3303 3813 3303 3805 3304 3812 3304 3813 3304 3804 3305 3812 3305 3805 3305 3797 3306 3804 3306 3805 3306 3796 3307 3804 3307 3797 3307 3789 3308 3796 3308 3797 3308 3787 3309 3796 3309 3789 3309 4107 3310 4109 3310 4110 3310 4108 3311 4107 3311 4110 3311 4101 3312 4109 3312 4107 3312 4102 3313 4109 3313 4101 3313 4092 3314 4102 3314 4101 3314 4093 3315 4102 3315 4092 3315 4084 3316 4093 3316 4092 3316 4085 3317 4093 3317 4084 3317 4076 3318 4085 3318 4084 3318 4077 3319 4085 3319 4076 3319 4060 3320 4077 3320 4076 3320 4061 3321 4077 3321 4060 3321 4028 3322 4061 3322 4060 3322 4029 3323 4061 3323 4028 3323 4008 3324 4029 3324 4028 3324 4009 3325 4029 3325 4008 3325 3978 3326 4009 3326 4008 3326 3979 3327 4009 3327 3978 3327 3966 3328 3979 3328 3978 3328 3967 3329 3979 3329 3966 3329 3951 3330 3967 3330 3966 3330 3952 3331 3967 3331 3951 3331 3936 3332 3937 3332 3952 3332 3951 3333 3936 3333 3952 3333 3918 3334 3937 3334 3936 3334 3919 3335 3937 3335 3918 3335 3906 3336 3919 3336 3918 3336 3907 3337 3919 3337 3906 3337 3885 3338 3907 3338 3906 3338 3886 3339 3907 3339 3885 3339 3864 3340 3886 3340 3885 3340 3865 3341 3886 3341 3864 3341 3832 3342 3865 3342 3864 3342 3833 3343 3865 3343 3832 3343 3816 3344 3833 3344 3832 3344 3817 3345 3833 3345 3816 3345 3808 3346 3817 3346 3816 3346 3809 3347 3817 3347 3808 3347 3800 3348 3809 3348 3808 3348 3801 3349 3809 3349 3800 3349 3792 3350 3801 3350 3800 3350 3793 3351 3801 3351 3792 3351 3786 3352 3793 3352 3792 3352 3788 3353 3793 3353 3786 3353 3787 2073 3789 2073 3788 2073 3786 2073 3787 2073 3788 2073 3637 3354 3627 3354 3631 3354 3639 3173 3637 3173 3631 3173 3649 3355 3637 3355 3639 3355 3651 3175 3649 3175 3639 3175 3661 3356 3649 3356 3651 3356 3663 3357 3661 3357 3651 3357 3669 3358 3661 3358 3663 3358 3671 3359 3669 3359 3663 3359 3681 3360 3669 3360 3671 3360 3683 3361 3681 3361 3671 3361 3689 3362 3681 3362 3683 3362 3691 3363 3689 3363 3683 3363 3701 3364 3689 3364 3691 3364 3703 3185 3701 3185 3691 3185 3709 3365 3701 3365 3703 3365 3711 3187 3709 3187 3703 3187 3721 3366 3709 3366 3711 3366 3723 3367 3721 3367 3711 3367 3733 3368 3721 3368 3723 3368 3735 3191 3733 3191 3723 3191 3597 3193 3631 3193 3627 3193 3593 3192 3597 3192 3627 3192 3497 3369 3485 3369 3487 3369 3499 3370 3497 3370 3487 3370 3509 3371 3497 3371 3499 3371 3511 3372 3509 3372 3499 3372 3517 3373 3509 3373 3511 3373 3519 3374 3517 3374 3511 3374 3529 3375 3517 3375 3519 3375 3531 3376 3529 3376 3519 3376 3537 3377 3529 3377 3531 3377 3539 3378 3537 3378 3531 3378 3549 3379 3537 3379 3539 3379 3551 3380 3549 3380 3539 3380 3557 3381 3549 3381 3551 3381 3559 3207 3557 3207 3551 3207 3569 3382 3557 3382 3559 3382 3571 3383 3569 3383 3559 3383 3582 3384 3569 3384 3571 3384 3584 3385 3582 3385 3571 3385 3593 3386 3582 3386 3584 3386 3597 3213 3593 3213 3584 3213 3486 3387 3487 3387 3485 3387 3484 2117 3486 2117 3485 2117 3581 3388 3592 3388 3596 3388 3583 3389 3581 3389 3596 3389 3568 3390 3581 3390 3583 3390 3570 3134 3568 3134 3583 3134 3556 3391 3568 3391 3570 3391 3558 3392 3556 3392 3570 3392 3548 3393 3556 3393 3558 3393 3550 3138 3548 3138 3558 3138 3536 3394 3548 3394 3550 3394 3538 3395 3536 3395 3550 3395 3528 3396 3536 3396 3538 3396 3530 3397 3528 3397 3538 3397 3516 3398 3528 3398 3530 3398 3518 3399 3516 3399 3530 3399 3508 3400 3516 3400 3518 3400 3510 3401 3508 3401 3518 3401 3496 3402 3508 3402 3510 3402 3498 3148 3496 3148 3510 3148 3484 3403 3496 3403 3498 3403 3486 3404 3484 3404 3498 3404 3630 3405 3596 3405 3592 3405 3626 3151 3630 3151 3592 3151 3720 3406 3732 3406 3734 3406 3722 3407 3720 3407 3734 3407 3708 3408 3720 3408 3722 3408 3710 3409 3708 3409 3722 3409 3700 3410 3708 3410 3710 3410 3702 3156 3700 3156 3710 3156 3688 3411 3700 3411 3702 3411 3690 3158 3688 3158 3702 3158 3680 3412 3688 3412 3690 3412 3682 3413 3680 3413 3690 3413 3668 3414 3680 3414 3682 3414 3670 3415 3668 3415 3682 3415 3660 3416 3668 3416 3670 3416 3662 3417 3660 3417 3670 3417 3648 3418 3660 3418 3662 3418 3650 3166 3648 3166 3662 3166 3636 3419 3648 3419 3650 3419 3638 3168 3636 3168 3650 3168 3626 3169 3636 3169 3638 3169 3630 3420 3626 3420 3638 3420 3735 3421 3734 3421 3732 3421 3733 2073 3735 2073 3732 2073 3713 3422 3663 3422 3651 3422 3671 3423 3663 3423 3713 3423 3631 3424 3597 3424 3503 3424 3713 3220 3631 3220 3503 3220 3639 3425 3631 3425 3713 3425 3651 3426 3639 3426 3713 3426 3503 3427 3597 3427 3584 3427 3571 3428 3503 3428 3584 3428 3559 3214 3503 3214 3571 3214 3503 3429 3559 3429 3551 3429 3539 3430 3503 3430 3551 3430 3479 3225 3503 3225 3539 3225 3531 3431 3479 3431 3539 3431 3471 3432 3479 3432 3531 3432 3519 3433 3471 3433 3531 3433 3463 3434 3471 3434 3519 3434 3511 3435 3463 3435 3519 3435 3455 3436 3463 3436 3511 3436 3499 3437 3455 3437 3511 3437 3447 3438 3455 3438 3499 3438 3487 3234 3447 3234 3499 3234 3446 3235 3447 3235 3487 3235 3486 3236 3446 3236 3487 3236 3451 3237 3446 3237 3486 3237 3498 3439 3451 3439 3486 3439 3459 3440 3451 3440 3498 3440 3510 3441 3459 3441 3498 3441 3467 3442 3459 3442 3510 3442 3518 3443 3467 3443 3510 3443 3475 3444 3467 3444 3518 3444 3530 3445 3475 3445 3518 3445 3491 3245 3475 3245 3530 3245 3538 3446 3491 3446 3530 3446 3523 3447 3491 3447 3538 3447 3550 3448 3523 3448 3538 3448 3543 3449 3523 3449 3550 3449 3558 3250 3543 3250 3550 3250 3563 3251 3543 3251 3558 3251 3570 3252 3563 3252 3558 3252 3575 3253 3563 3253 3570 3253 3583 3450 3575 3450 3570 3450 3595 3255 3575 3255 3583 3255 3596 3451 3595 3451 3583 3451 3629 3257 3595 3257 3596 3257 3630 3258 3629 3258 3596 3258 3643 3259 3629 3259 3630 3259 3638 3260 3643 3260 3630 3260 3655 3452 3643 3452 3638 3452 3650 3453 3655 3453 3638 3453 3675 3454 3655 3454 3650 3454 3662 3455 3675 3455 3650 3455 3695 3456 3675 3456 3662 3456 3670 3457 3695 3457 3662 3457 3727 3458 3695 3458 3670 3458 3682 3268 3727 3268 3670 3268 3743 3459 3727 3459 3682 3459 3690 3460 3743 3460 3682 3460 3752 3461 3743 3461 3690 3461 3702 3462 3752 3462 3690 3462 3760 3463 3752 3463 3702 3463 3710 3464 3760 3464 3702 3464 3769 3465 3760 3465 3710 3465 3722 3276 3769 3276 3710 3276 3776 3466 3769 3466 3722 3466 3734 3278 3776 3278 3722 3278 3777 3236 3776 3236 3734 3236 3735 3235 3777 3235 3734 3235 3765 3467 3777 3467 3735 3467 3723 3468 3765 3468 3735 3468 3756 3469 3765 3469 3723 3469 3711 3470 3756 3470 3723 3470 3747 3471 3756 3471 3711 3471 3703 3472 3747 3472 3711 3472 3739 3285 3747 3285 3703 3285 3691 3286 3739 3286 3703 3286 3713 3473 3739 3473 3691 3473 3683 3474 3713 3474 3691 3474 3671 3289 3713 3289 3683 3289 3715 3290 3739 3290 3713 3290 3739 3291 3715 3291 3738 3291 3746 3475 3739 3475 3738 3475 3747 3476 3739 3476 3746 3476 3755 3477 3747 3477 3746 3477 3756 3295 3747 3295 3755 3295 3764 3478 3756 3478 3755 3478 3765 3479 3756 3479 3764 3479 3775 3480 3765 3480 3764 3480 3777 3481 3765 3481 3775 3481 3503 3482 3478 3482 3501 3482 3478 3483 3503 3483 3479 3483 3471 3484 3478 3484 3479 3484 3470 3485 3478 3485 3471 3485 3463 3486 3470 3486 3471 3486 3462 3305 3470 3305 3463 3305 3455 3487 3462 3487 3463 3487 3454 3488 3462 3488 3455 3488 3447 3489 3454 3489 3455 3489 3445 3490 3454 3490 3447 3490 3774 2117 3776 2117 3777 2117 3775 2117 3774 2117 3777 2117 3768 3491 3776 3491 3774 3491 3769 3313 3776 3313 3768 3313 3759 3492 3769 3492 3768 3492 3760 3493 3769 3493 3759 3493 3751 3494 3760 3494 3759 3494 3752 3495 3760 3495 3751 3495 3742 3496 3752 3496 3751 3496 3743 3497 3752 3497 3742 3497 3726 3498 3743 3498 3742 3498 3727 3499 3743 3499 3726 3499 3694 3500 3727 3500 3726 3500 3695 3323 3727 3323 3694 3323 3674 3501 3695 3501 3694 3501 3675 3502 3695 3502 3674 3502 3654 3503 3675 3503 3674 3503 3655 3504 3675 3504 3654 3504 3642 3505 3655 3505 3654 3505 3643 3329 3655 3329 3642 3329 3628 3330 3643 3330 3642 3330 3629 3331 3643 3331 3628 3331 3594 3332 3595 3332 3629 3332 3628 3333 3594 3333 3629 3333 3574 3334 3595 3334 3594 3334 3575 3506 3595 3506 3574 3506 3562 3507 3575 3507 3574 3507 3563 3508 3575 3508 3562 3508 3542 3509 3563 3509 3562 3509 3543 3339 3563 3339 3542 3339 3522 3510 3543 3510 3542 3510 3523 3511 3543 3511 3522 3511 3490 3512 3523 3512 3522 3512 3491 3513 3523 3513 3490 3513 3474 3514 3491 3514 3490 3514 3475 3515 3491 3515 3474 3515 3466 3516 3475 3516 3474 3516 3467 3347 3475 3347 3466 3347 3458 3517 3467 3517 3466 3517 3459 3518 3467 3518 3458 3518 3450 3519 3459 3519 3458 3519 3451 3520 3459 3520 3450 3520 3444 3521 3451 3521 3450 3521 3446 3353 3451 3353 3444 3353 3445 2073 3447 2073 3446 2073 3444 2073 3445 2073 3446 2073 5766 3522 5772 3522 6284 3522 6280 3523 5766 3523 6284 3523 5759 3524 5766 3524 6280 3524 6276 3525 5759 3525 6280 3525 5751 3526 5759 3526 6276 3526 6272 3527 5751 3527 6276 3527 5745 3528 5751 3528 6272 3528 6264 3529 5745 3529 6272 3529 5736 3530 5745 3530 6264 3530 6260 3531 5736 3531 6264 3531 5730 3532 5736 3532 6260 3532 6252 3533 5730 3533 6260 3533 5723 3534 5730 3534 6252 3534 6248 3535 5723 3535 6252 3535 5715 3536 5723 3536 6248 3536 6240 3537 5715 3537 6248 3537 5707 3538 5715 3538 6240 3538 6222 3539 5707 3539 6240 3539 5701 3540 5707 3540 6222 3540 6217 3541 5701 3541 6222 3541 6285 3542 6284 3542 5772 3542 5773 3543 6285 3543 5772 3543 5708 3544 5702 3544 6218 3544 6223 3545 5708 3545 6218 3545 5716 3546 5708 3546 6223 3546 6241 3547 5716 3547 6223 3547 5724 3548 5716 3548 6241 3548 6249 3549 5724 3549 6241 3549 5731 3550 5724 3550 6249 3550 6253 3551 5731 3551 6249 3551 5737 3552 5731 3552 6253 3552 6261 3553 5737 3553 6253 3553 5746 3554 5737 3554 6261 3554 6265 3555 5746 3555 6261 3555 5752 3556 5746 3556 6265 3556 6273 3557 5752 3557 6265 3557 5760 3558 5752 3558 6273 3558 6277 3559 5760 3559 6273 3559 5767 3560 5760 3560 6277 3560 6281 3561 5767 3561 6277 3561 5773 3562 5767 3562 6281 3562 6285 3563 5773 3563 6281 3563 6200 27 6218 27 5702 27 5653 27 6200 27 5702 27 5586 3564 5582 3564 6121 3564 6129 3565 5586 3565 6121 3565 5592 3566 5586 3566 6129 3566 6133 3567 5592 3567 6129 3567 5599 3568 5592 3568 6133 3568 6137 3569 5599 3569 6133 3569 5605 3570 5599 3570 6137 3570 6145 3571 5605 3571 6137 3571 5612 3572 5605 3572 6145 3572 6157 3573 5612 3573 6145 3573 5618 3574 5612 3574 6157 3574 6171 3575 5618 3575 6157 3575 5629 3576 5618 3576 6171 3576 6175 3577 5629 3577 6171 3577 5638 3578 5629 3578 6175 3578 6183 3579 5638 3579 6175 3579 5645 3580 5638 3580 6183 3580 6191 3581 5645 3581 6183 3581 5653 3582 5645 3582 6191 3582 6200 3583 5653 3583 6191 3583 6120 3584 6121 3584 5582 3584 5581 3585 6120 3585 5582 3585 5644 3586 5652 3586 6199 3586 6190 3587 5644 3587 6199 3587 5637 3588 5644 3588 6190 3588 6182 3589 5637 3589 6190 3589 5628 3590 5637 3590 6182 3590 6174 3591 5628 3591 6182 3591 5617 3592 5628 3592 6174 3592 6170 3593 5617 3593 6174 3593 5611 3594 5617 3594 6170 3594 6156 3594 5611 3594 6170 3594 5604 3595 5611 3595 6156 3595 6144 3596 5604 3596 6156 3596 5598 3597 5604 3597 6144 3597 6136 3598 5598 3598 6144 3598 5591 3599 5598 3599 6136 3599 6132 3600 5591 3600 6136 3600 5585 3601 5591 3601 6132 3601 6128 3602 5585 3602 6132 3602 5581 3603 5585 3603 6128 3603 6120 3604 5581 3604 6128 3604 6217 3605 6199 3605 5652 3605 5701 71 6217 71 5652 71 6273 3606 6289 3606 6277 3606 6288 3607 6264 3607 6272 3607 6276 3608 6288 3608 6272 3608 6280 3609 6288 3609 6276 3609 6288 3610 6280 3610 6284 3610 6285 3611 6288 3611 6284 3611 6289 3612 6288 3612 6285 3612 6281 3613 6289 3613 6285 3613 6277 3614 6289 3614 6281 3614 6289 3615 6273 3615 6265 3615 6261 3616 6289 3616 6265 3616 6269 3617 6289 3617 6261 3617 6253 3618 6269 3618 6261 3618 6257 3619 6269 3619 6253 3619 6249 3620 6257 3620 6253 3620 6245 3621 6257 3621 6249 3621 6241 3622 6245 3622 6249 3622 6227 3623 6245 3623 6241 3623 6223 3624 6227 3624 6241 3624 6219 3625 6227 3625 6223 3625 6218 3626 6219 3626 6223 3626 6201 3627 6219 3627 6218 3627 6200 3628 6201 3628 6218 3628 6187 3629 6201 3629 6200 3629 6191 3630 6187 3630 6200 3630 6179 3631 6187 3631 6191 3631 6183 3632 6179 3632 6191 3632 6165 3633 6179 3633 6183 3633 6175 3634 6165 3634 6183 3634 6141 3635 6165 3635 6175 3635 6171 3636 6141 3636 6175 3636 6125 3637 6141 3637 6171 3637 6157 3638 6125 3638 6171 3638 6117 3639 6125 3639 6157 3639 6145 3640 6117 3640 6157 3640 6101 3641 6117 3641 6145 3641 6137 3642 6101 3642 6145 3642 6097 3643 6101 3643 6137 3643 6133 3644 6097 3644 6137 3644 6087 3645 6097 3645 6133 3645 6129 3646 6087 3646 6133 3646 6083 3647 6087 3647 6129 3647 6121 3648 6083 3648 6129 3648 6082 3649 6083 3649 6121 3649 6120 3650 6082 3650 6121 3650 6086 3651 6082 3651 6120 3651 6128 3652 6086 3652 6120 3652 6096 3653 6086 3653 6128 3653 6132 3654 6096 3654 6128 3654 6100 3655 6096 3655 6132 3655 6136 3656 6100 3656 6132 3656 6116 3657 6100 3657 6136 3657 6144 3658 6116 3658 6136 3658 6124 3659 6116 3659 6144 3659 6156 3660 6124 3660 6144 3660 6140 3661 6124 3661 6156 3661 6170 3662 6140 3662 6156 3662 6164 3663 6140 3663 6170 3663 6174 3664 6164 3664 6170 3664 6178 3665 6164 3665 6174 3665 6182 3666 6178 3666 6174 3666 6186 3667 6178 3667 6182 3667 6190 3668 6186 3668 6182 3668 6198 3669 6186 3669 6190 3669 6199 3670 6198 3670 6190 3670 6216 3628 6198 3628 6199 3628 6217 3627 6216 3627 6199 3627 6226 3671 6216 3671 6217 3671 6222 3672 6226 3672 6217 3672 6244 3673 6226 3673 6222 3673 6240 3674 6244 3674 6222 3674 6256 3675 6244 3675 6240 3675 6248 3676 6256 3676 6240 3676 6268 3677 6256 3677 6248 3677 6252 3678 6268 3678 6248 3678 6288 3679 6268 3679 6252 3679 6260 3680 6288 3680 6252 3680 6264 3681 6288 3681 6260 3681 6289 3682 6091 3682 6110 3682 6091 3683 6289 3683 6269 3683 6257 3684 6091 3684 6269 3684 6077 3685 6091 3685 6257 3685 6245 3686 6077 3686 6257 3686 6071 3687 6077 3687 6245 3687 6227 3688 6071 3688 6245 3688 6063 3689 6071 3689 6227 3689 6219 3690 6063 3690 6227 3690 6057 3691 6063 3691 6219 3691 6109 3692 6268 3692 6288 3692 6268 3693 6109 3693 6090 3693 6076 3694 6268 3694 6090 3694 6256 3695 6268 3695 6076 3695 6070 3696 6256 3696 6076 3696 6244 3697 6256 3697 6070 3697 6062 3698 6244 3698 6070 3698 6226 3699 6244 3699 6062 3699 6056 3700 6226 3700 6062 3700 6216 3701 6226 3701 6056 3701 6024 3702 6198 3702 6030 3702 6186 3703 6198 3703 6024 3703 6018 3704 6186 3704 6024 3704 6178 3705 6186 3705 6018 3705 6012 3706 6178 3706 6018 3706 6164 3707 6178 3707 6012 3707 6008 3708 6164 3708 6012 3708 6140 3709 6164 3709 6008 3709 6002 3710 6140 3710 6008 3710 6124 3711 6140 3711 6002 3711 5996 3712 6124 3712 6002 3712 6116 3713 6124 3713 5996 3713 5990 3714 6116 3714 5996 3714 6100 3715 6116 3715 5990 3715 5986 3716 6100 3716 5990 3716 6096 3717 6100 3717 5986 3717 5982 3718 6096 3718 5986 3718 6086 3719 6096 3719 5982 3719 5976 3720 6086 3720 5982 3720 6082 3721 6086 3721 5976 3721 5977 3722 6083 3722 6082 3722 5976 3723 5977 3723 6082 3723 5983 3724 6083 3724 5977 3724 6087 3725 6083 3725 5983 3725 5987 3726 6087 3726 5983 3726 6097 3727 6087 3727 5987 3727 5991 3728 6097 3728 5987 3728 6101 3729 6097 3729 5991 3729 5997 3730 6101 3730 5991 3730 6117 3731 6101 3731 5997 3731 6003 3732 6117 3732 5997 3732 6125 3733 6117 3733 6003 3733 6009 3734 6125 3734 6003 3734 6141 3735 6125 3735 6009 3735 6013 3736 6141 3736 6009 3736 6165 3737 6141 3737 6013 3737 6019 3738 6165 3738 6013 3738 6179 3739 6165 3739 6019 3739 6025 3740 6179 3740 6019 3740 6187 3741 6179 3741 6025 3741 6031 3742 6187 3742 6025 3742 6201 3743 6187 3743 6031 3743 6057 3744 6219 3744 6201 3744 6031 71 6057 71 6201 71 6030 27 6198 27 6216 27 6056 27 6030 27 6216 27 6207 2073 6209 2073 6208 2073 6206 2073 6207 2073 6208 2073 6207 27 6206 27 6490 27 6491 27 6207 27 6490 27 6233 27 6207 27 6491 27 6493 71 6492 71 6208 71 6209 71 6493 71 6208 71 6234 71 6493 71 6209 71 3209 3745 3214 3745 3223 3745 3211 3746 3214 3746 3209 3746 3193 3747 3211 3747 3209 3747 3195 3748 3211 3748 3193 3748 3181 3749 3195 3749 3193 3749 3183 3750 3195 3750 3181 3750 3165 3751 3183 3751 3181 3751 3167 3752 3183 3752 3165 3752 3151 3753 3167 3753 3165 3753 3153 3754 3167 3754 3151 3754 3143 3755 3153 3755 3151 3755 3145 3756 3153 3756 3143 3756 3123 3757 3145 3757 3143 3757 3125 3758 3145 3758 3123 3758 3115 3759 3125 3759 3123 3759 3117 3760 3125 3760 3115 3760 3107 3761 3117 3761 3115 3761 3109 3762 3117 3762 3107 3762 3099 3763 3109 3763 3107 3763 3101 3764 3109 3764 3099 3764 3100 3765 3101 3765 3099 3765 3098 2117 3100 2117 3099 2117 3106 3766 3100 3766 3098 3766 3108 3767 3100 3767 3106 3767 3114 3768 3108 3768 3106 3768 3116 3769 3108 3769 3114 3769 3122 3770 3116 3770 3114 3770 3124 3771 3116 3771 3122 3771 3142 3772 3124 3772 3122 3772 3144 3773 3124 3773 3142 3773 3150 3774 3144 3774 3142 3774 3152 3775 3144 3775 3150 3775 3164 3776 3152 3776 3150 3776 3166 3777 3152 3777 3164 3777 3180 3778 3166 3778 3164 3778 3182 3779 3166 3779 3180 3779 3192 3780 3182 3780 3180 3780 3194 3781 3182 3781 3192 3781 3208 3782 3194 3782 3192 3782 3210 3783 3194 3783 3208 3783 3222 3784 3210 3784 3208 3784 3213 3785 3210 3785 3222 3785 3251 3786 3213 3786 3222 3786 3246 3787 3251 3787 3222 3787 3258 3788 3251 3788 3246 3788 3260 3789 3251 3789 3258 3789 3274 3790 3260 3790 3258 3790 3276 3791 3260 3791 3274 3791 3286 3792 3276 3792 3274 3792 3288 3793 3276 3793 3286 3793 3302 3794 3288 3794 3286 3794 3304 3795 3288 3795 3302 3795 3316 3796 3304 3796 3302 3796 3318 3797 3304 3797 3316 3797 3324 3798 3318 3798 3316 3798 3326 3799 3318 3799 3324 3799 3336 3800 3326 3800 3324 3800 3338 3801 3326 3801 3336 3801 3344 3802 3338 3802 3336 3802 3346 3803 3338 3803 3344 3803 3352 3804 3346 3804 3344 3804 3354 3805 3346 3805 3352 3805 3364 3806 3354 3806 3352 3806 3368 3807 3354 3807 3364 3807 3369 3808 3368 3808 3364 3808 3365 2073 3369 2073 3364 2073 3353 3809 3369 3809 3365 3809 3355 3810 3369 3810 3353 3810 3345 3811 3355 3811 3353 3811 3347 3812 3355 3812 3345 3812 3337 3813 3347 3813 3345 3813 3339 3814 3347 3814 3337 3814 3325 3815 3339 3815 3337 3815 3327 3816 3339 3816 3325 3816 3317 3817 3327 3817 3325 3817 3319 3818 3327 3818 3317 3818 3303 3819 3319 3819 3317 3819 3305 3820 3319 3820 3303 3820 3287 3821 3305 3821 3303 3821 3289 3822 3305 3822 3287 3822 3275 3823 3289 3823 3287 3823 3277 3824 3289 3824 3275 3824 3259 3825 3277 3825 3275 3825 3261 3826 3277 3826 3259 3826 3247 3827 3261 3827 3259 3827 3252 3828 3261 3828 3247 3828 3214 3829 3252 3829 3247 3829 3223 3830 3214 3830 3247 3830 3048 3831 3041 3831 3039 3831 3049 3832 3041 3832 3048 3832 3056 3833 3049 3833 3048 3833 3057 3834 3049 3834 3056 3834 3064 3835 3057 3835 3056 3835 3065 3836 3057 3836 3064 3836 3072 3837 3065 3837 3064 3837 3073 3838 3065 3838 3072 3838 3087 3839 3073 3839 3072 3839 3089 3840 3073 3840 3087 3840 3379 3841 3387 3841 3377 3841 3387 3842 3379 3842 3386 3842 3394 3843 3387 3843 3386 3843 3395 3844 3387 3844 3394 3844 3410 3845 3395 3845 3394 3845 3411 3846 3395 3846 3410 3846 3418 3847 3411 3847 3410 3847 3419 3848 3411 3848 3418 3848 3429 3849 3419 3849 3418 3849 3431 3850 3419 3850 3429 3850 3226 3851 3250 3851 3248 3851 3224 3852 3226 3852 3248 3852 3414 3853 3430 3853 3428 3853 3415 3854 3430 3854 3414 3854 3406 3855 3415 3855 3414 3855 3407 3856 3415 3856 3406 3856 3390 3857 3407 3857 3406 3857 3391 3858 3407 3858 3390 3858 3382 3859 3391 3859 3390 3859 3383 3860 3391 3860 3382 3860 3374 3861 3383 3861 3382 3861 3375 3862 3383 3862 3374 3862 3330 3863 3375 3863 3374 3863 3331 3864 3375 3864 3330 3864 3310 3865 3331 3865 3330 3865 3311 3866 3331 3866 3310 3866 3292 3867 3311 3867 3310 3867 3293 3868 3311 3868 3292 3868 3268 3869 3293 3869 3292 3869 3269 3870 3293 3870 3268 3870 3248 3871 3269 3871 3268 3871 3250 3872 3269 3872 3248 3872 3430 3873 3431 3873 3429 3873 3428 2117 3430 2117 3429 2117 3041 3874 3040 3874 3038 3874 3039 2073 3041 2073 3038 2073 3198 3875 3226 3875 3224 3875 3199 3876 3226 3876 3198 3876 3174 3877 3199 3877 3198 3877 3175 3878 3199 3878 3174 3878 3156 3879 3175 3879 3174 3879 3157 3880 3175 3880 3156 3880 3128 3881 3157 3881 3156 3881 3129 3882 3157 3882 3128 3882 3092 3883 3129 3883 3128 3883 3093 3884 3129 3884 3092 3884 3076 3885 3093 3885 3092 3885 3077 3886 3093 3886 3076 3886 3068 3887 3077 3887 3076 3887 3069 3888 3077 3888 3068 3888 3060 3889 3069 3889 3068 3889 3061 3890 3069 3890 3060 3890 3052 3891 3061 3891 3060 3891 3053 3892 3061 3892 3052 3892 3038 3893 3053 3893 3052 3893 3040 3894 3053 3894 3038 3894 3227 3895 3187 3895 3203 3895 3253 3896 3265 3896 3281 3896 3295 3897 3253 3897 3281 3897 3227 3898 3253 3898 3295 3898 3171 3899 3227 3899 3295 3899 3187 3900 3227 3900 3171 3900 3186 3901 3169 3901 3159 3901 3169 3902 3187 3902 3171 3902 3187 3903 3169 3903 3186 3903 3202 3904 3187 3904 3186 3904 3203 3905 3187 3905 3202 3905 3225 3906 3203 3906 3202 3906 3227 3907 3203 3907 3225 3907 3249 3908 3253 3908 3227 3908 3225 3909 3249 3909 3227 3909 3281 3910 3297 3910 3295 3910 3297 3911 3280 3911 3307 3911 3280 3912 3297 3912 3281 3912 3265 3913 3280 3913 3281 3913 3264 3914 3280 3914 3265 3914 3253 3915 3264 3915 3265 3915 3249 3916 3264 3916 3253 3916 3433 2 3043 2 3045 2 3435 2 3433 2 3045 2 3433 2073 3435 2073 3434 2073 3432 2073 3433 2073 3434 2073 3043 3917 3089 3917 3042 3917 3377 3918 3261 3918 3252 3918 3377 3919 3433 3919 3432 3919 3377 3920 3305 3920 3289 3920 3277 3921 3377 3921 3289 3921 3261 3922 3377 3922 3277 3922 3089 3923 3043 3923 3433 3923 3377 3924 3089 3924 3433 3924 3214 3925 3089 3925 3377 3925 3252 3926 3214 3926 3377 3926 3089 3927 3214 3927 3211 3927 3195 3928 3089 3928 3211 3928 3183 3929 3089 3929 3195 3929 3089 3930 3183 3930 3167 3930 3153 3931 3089 3931 3167 3931 3073 3932 3089 3932 3153 3932 3145 3933 3073 3933 3153 3933 3065 3934 3073 3934 3145 3934 3125 3935 3065 3935 3145 3935 3057 3936 3065 3936 3125 3936 3117 3937 3057 3937 3125 3937 3049 3938 3057 3938 3117 3938 3109 3939 3049 3939 3117 3939 3041 3940 3049 3940 3109 3940 3101 3941 3041 3941 3109 3941 3040 3942 3041 3942 3101 3942 3100 3943 3040 3943 3101 3943 3053 3944 3040 3944 3100 3944 3108 3945 3053 3945 3100 3945 3061 3946 3053 3946 3108 3946 3116 3947 3061 3947 3108 3947 3069 3948 3061 3948 3116 3948 3124 3949 3069 3949 3116 3949 3077 3950 3069 3950 3124 3950 3144 3951 3077 3951 3124 3951 3093 3952 3077 3952 3144 3952 3152 3953 3093 3953 3144 3953 3129 3954 3093 3954 3152 3954 3166 3955 3129 3955 3152 3955 3157 3956 3129 3956 3166 3956 3182 3957 3157 3957 3166 3957 3175 3958 3157 3958 3182 3958 3194 3959 3175 3959 3182 3959 3199 3960 3175 3960 3194 3960 3210 3961 3199 3961 3194 3961 3226 3962 3199 3962 3210 3962 3213 3963 3226 3963 3210 3963 3250 3964 3226 3964 3213 3964 3251 3965 3250 3965 3213 3965 3269 3966 3250 3966 3251 3966 3260 3967 3269 3967 3251 3967 3293 3968 3269 3968 3260 3968 3276 3969 3293 3969 3260 3969 3311 3970 3293 3970 3276 3970 3288 3971 3311 3971 3276 3971 3331 3972 3311 3972 3288 3972 3304 3973 3331 3973 3288 3973 3375 3974 3331 3974 3304 3974 3318 3975 3375 3975 3304 3975 3383 3976 3375 3976 3318 3976 3326 3977 3383 3977 3318 3977 3391 3978 3383 3978 3326 3978 3338 3979 3391 3979 3326 3979 3407 3980 3391 3980 3338 3980 3346 3981 3407 3981 3338 3981 3415 3982 3407 3982 3346 3982 3354 3983 3415 3983 3346 3983 3430 3984 3415 3984 3354 3984 3368 3985 3430 3985 3354 3985 3431 3986 3430 3986 3368 3986 3369 3943 3431 3943 3368 3943 3419 3987 3431 3987 3369 3987 3355 3988 3419 3988 3369 3988 3411 3989 3419 3989 3355 3989 3347 3990 3411 3990 3355 3990 3395 3991 3411 3991 3347 3991 3339 3992 3395 3992 3347 3992 3387 3993 3395 3993 3339 3993 3327 3994 3387 3994 3339 3994 3377 3995 3387 3995 3327 3995 3319 3996 3377 3996 3327 3996 3305 3997 3377 3997 3319 3997 3044 2117 3045 2117 3043 2117 3042 2117 3044 2117 3043 2117 5647 3998 6352 3998 5657 3998 6349 3999 6352 3999 5647 3999 5641 4000 6349 4000 5647 4000 6337 4001 6349 4001 5641 4001 5633 4002 6337 4002 5641 4002 6335 4003 6337 4003 5633 4003 5623 4004 6335 4004 5633 4004 6331 4005 6335 4005 5623 4005 5614 4006 6331 4006 5623 4006 6327 4007 6331 4007 5614 4007 5607 4008 6327 4008 5614 4008 6325 4009 6327 4009 5607 4009 5601 4010 6325 4010 5607 4010 6321 4011 6325 4011 5601 4011 5594 4012 6321 4012 5601 4012 6319 4013 6321 4013 5594 4013 5588 4014 6319 4014 5594 4014 6317 4015 6319 4015 5588 4015 5580 4016 6317 4016 5588 4016 6303 4017 6317 4017 5580 4017 6302 4018 6303 4018 5580 4018 5579 4019 6302 4019 5580 4019 5587 4020 6302 4020 5579 4020 6316 4021 6302 4021 5587 4021 5593 4022 6316 4022 5587 4022 6318 4023 6316 4023 5593 4023 5600 4024 6318 4024 5593 4024 6320 4025 6318 4025 5600 4025 5606 4026 6320 4026 5600 4026 6324 4027 6320 4027 5606 4027 5613 4028 6324 4028 5606 4028 6326 4029 6324 4029 5613 4029 5622 4030 6326 4030 5613 4030 6330 4031 6326 4031 5622 4031 5632 4032 6330 4032 5622 4032 6334 4033 6330 4033 5632 4033 5640 4034 6334 4034 5632 4034 6336 4035 6334 4035 5640 4035 5646 4036 6336 4036 5640 4036 6348 4037 6336 4037 5646 4037 5656 4038 6348 4038 5646 4038 6351 4039 6348 4039 5656 4039 6389 4040 6351 4040 5656 4040 5696 4041 6389 4041 5656 4041 5703 4042 6389 4042 5696 4042 6404 4043 6389 4043 5703 4043 5709 4044 6404 4044 5703 4044 6408 4045 6404 4045 5709 4045 5719 4046 6408 4046 5709 4046 6410 4047 6408 4047 5719 4047 5726 4048 6410 4048 5719 4048 6414 4049 6410 4049 5726 4049 5732 4050 6414 4050 5726 4050 6430 4051 6414 4051 5732 4051 5739 4052 6430 4052 5732 4052 6432 4053 6430 4053 5739 4053 5747 4054 6432 4054 5739 4054 6436 4055 6432 4055 5747 4055 5753 4056 6436 4056 5747 4056 6438 4057 6436 4057 5753 4057 5762 4058 6438 4058 5753 4058 6440 4059 6438 4059 5762 4059 5770 4060 6440 4060 5762 4060 6442 4061 6440 4061 5770 4061 6443 4062 6442 4062 5770 4062 5771 4063 6443 4063 5770 4063 5763 4064 6443 4064 5771 4064 6441 4065 6443 4065 5763 4065 5754 4066 6441 4066 5763 4066 6439 4067 6441 4067 5754 4067 5748 4068 6439 4068 5754 4068 6437 4069 6439 4069 5748 4069 5740 4070 6437 4070 5748 4070 6433 4071 6437 4071 5740 4071 5733 4072 6433 4072 5740 4072 6431 4073 6433 4073 5733 4073 5727 4074 6431 4074 5733 4074 6415 4075 6431 4075 5727 4075 5720 4076 6415 4076 5727 4076 6411 4077 6415 4077 5720 4077 5710 4078 6411 4078 5720 4078 6409 4079 6411 4079 5710 4079 5704 4080 6409 4080 5710 4080 6405 4081 6409 4081 5704 4081 5697 4082 6405 4082 5704 4082 6390 4083 6405 4083 5697 4083 6352 4084 6390 4084 5697 4084 5657 27 6352 27 5697 27 6291 4085 6290 4085 5968 4085 5969 4086 6291 4086 5968 4086 6026 4087 6350 4087 6032 4087 6346 4088 6350 4088 6026 4088 6020 4089 6346 4089 6026 4089 6332 4090 6346 4090 6020 4090 6014 4091 6332 4091 6020 4091 6328 4092 6332 4092 6014 4092 6004 4093 6328 4093 6014 4093 6322 4094 6328 4094 6004 4094 5998 4095 6322 4095 6004 4095 6300 4096 6322 4096 5998 4096 5992 4097 6300 4097 5998 4097 6298 4098 6300 4098 5992 4098 5978 4099 6298 4099 5992 4099 6296 4100 6298 4100 5978 4100 5972 4101 6296 4101 5978 4101 6294 4102 6296 4102 5972 4102 5970 4103 6294 4103 5972 4103 6292 4104 6294 4104 5970 4104 5968 4105 6292 4105 5970 4105 6290 4106 6292 4106 5968 4106 6350 27 6388 27 6052 27 6032 27 6350 27 6052 27 6391 71 6353 71 6033 71 6053 71 6391 71 6033 71 5971 4107 6291 4107 5969 4107 6293 4108 6291 4108 5971 4108 5973 4109 6293 4109 5971 4109 6295 4110 6293 4110 5973 4110 5979 4111 6295 4111 5973 4111 6297 4112 6295 4112 5979 4112 5993 4113 6297 4113 5979 4113 6299 4114 6297 4114 5993 4114 5999 4115 6299 4115 5993 4115 6301 4116 6299 4116 5999 4116 6005 4117 6301 4117 5999 4117 6323 4118 6301 4118 6005 4118 6015 4119 6323 4119 6005 4119 6329 4120 6323 4120 6015 4120 6021 4121 6329 4121 6015 4121 6333 4122 6329 4122 6021 4122 6027 4123 6333 4123 6021 4123 6347 4124 6333 4124 6027 4124 6033 4125 6347 4125 6027 4125 6353 4126 6347 4126 6033 4126 6107 4127 6434 4127 6457 4127 6434 4128 6107 4128 6092 4128 6072 4129 6434 4129 6092 4129 6428 4130 6434 4130 6072 4130 6066 4131 6428 4131 6072 4131 6412 4132 6428 4132 6066 4132 6058 4133 6412 4133 6066 4133 6406 4134 6412 4134 6058 4134 6052 4135 6406 4135 6058 4135 6388 4136 6406 4136 6052 4136 6059 4137 6391 4137 6053 4137 6407 4138 6391 4138 6059 4138 6067 4139 6407 4139 6059 4139 6413 4140 6407 4140 6067 4140 6073 4141 6413 4141 6067 4141 6429 4142 6413 4142 6073 4142 6093 4143 6429 4143 6073 4143 6435 4144 6429 4144 6093 4144 6108 4145 6435 4145 6093 4145 6458 4146 6435 4146 6108 4146 6469 4147 6465 4147 6467 4147 6468 4148 6466 4148 6464 4148 6462 4149 6468 4149 6464 4149 6469 4150 6468 4150 6462 4150 6463 4151 6469 4151 6462 4151 6465 4152 6469 4152 6463 4152 6159 4153 6375 4153 6150 4153 6375 4154 6465 4154 6463 4154 6465 4155 6375 4155 6159 4155 6161 4156 6465 4156 6159 4156 6467 4157 6465 4157 6161 4157 6167 4158 6467 4158 6161 4158 6469 4159 6467 4159 6167 4159 6166 4160 6468 4160 6469 4160 6167 4161 6166 4161 6469 4161 6464 4162 6374 4162 6462 4162 6374 4163 6158 4163 6149 4163 6158 4164 6374 4164 6464 4164 6466 4165 6158 4165 6464 4165 6160 4166 6158 4166 6466 4166 6468 4167 6160 4167 6466 4167 6166 4168 6160 4168 6468 4168 6460 4169 6461 4169 6495 4169 6485 4170 6460 4170 6495 4170 6458 4171 6459 4171 6461 4171 6460 4172 6458 4172 6461 4172 6428 4173 6457 4173 6434 4173 6457 4174 6428 4174 6412 4174 6406 4175 6457 4175 6412 4175 6388 4176 6457 4176 6406 4176 6457 4177 6388 4177 6350 4177 6346 4178 6457 4178 6350 4178 6332 4179 6457 4179 6346 4179 6457 4180 6332 4180 6328 4180 6322 4181 6457 4181 6328 4181 6300 4182 6457 4182 6322 4182 6408 4183 6457 4183 6404 4183 6457 4184 6408 4184 6410 4184 6414 4185 6457 4185 6410 4185 6430 4186 6457 4186 6414 4186 6300 4187 6330 4187 6334 4187 6336 4188 6300 4188 6334 4188 6457 4189 6430 4189 6432 4189 6436 4190 6457 4190 6432 4190 6438 4191 6457 4191 6436 4191 6300 4192 6336 4192 6348 4192 6351 4193 6300 4193 6348 4193 6457 4194 6300 4194 6351 4194 6389 4195 6457 4195 6351 4195 6404 4196 6457 4196 6389 4196 6457 4197 6438 4197 6440 4197 6442 4198 6457 4198 6440 4198 6443 4199 6457 4199 6442 4199 6458 4200 6443 4200 6441 4200 6439 4201 6458 4201 6441 4201 6437 4202 6458 4202 6439 4202 6457 4203 6443 4203 6458 4203 6460 4204 6457 4204 6458 4204 6456 4205 6457 4205 6460 4205 6458 4206 6437 4206 6433 4206 6431 4207 6458 4207 6433 4207 6435 4208 6458 4208 6431 4208 6415 4209 6435 4209 6431 4209 6429 4210 6435 4210 6415 4210 6411 4211 6429 4211 6415 4211 6413 4212 6429 4212 6411 4212 6409 4213 6413 4213 6411 4213 6407 4214 6413 4214 6409 4214 6405 4215 6407 4215 6409 4215 6391 4216 6407 4216 6405 4216 6390 4177 6391 4177 6405 4177 6353 4217 6391 4217 6390 4217 6352 4218 6353 4218 6390 4218 6347 4219 6353 4219 6352 4219 6349 4220 6347 4220 6352 4220 6333 4221 6347 4221 6349 4221 6337 4222 6333 4222 6349 4222 6329 4223 6333 4223 6337 4223 6335 4224 6329 4224 6337 4224 6323 4225 6329 4225 6335 4225 6331 4226 6323 4226 6335 4226 6301 4227 6323 4227 6331 4227 6327 4228 6301 4228 6331 4228 6299 4229 6301 4229 6327 4229 6325 4230 6299 4230 6327 4230 6297 4231 6299 4231 6325 4231 6321 4232 6297 4232 6325 4232 6295 4233 6297 4233 6321 4233 6319 4234 6295 4234 6321 4234 6293 4235 6295 4235 6319 4235 6317 4236 6293 4236 6319 4236 6291 4237 6293 4237 6317 4237 6303 4238 6291 4238 6317 4238 6290 4239 6291 4239 6303 4239 6302 4240 6290 4240 6303 4240 6292 4241 6290 4241 6302 4241 6316 4222 6292 4222 6302 4222 6294 4242 6292 4242 6316 4242 6318 4243 6294 4243 6316 4243 6296 4244 6294 4244 6318 4244 6320 4245 6296 4245 6318 4245 6298 4246 6296 4246 6320 4246 6324 4247 6298 4247 6320 4247 6300 4248 6298 4248 6324 4248 6326 4249 6300 4249 6324 4249 6330 4250 6300 4250 6326 4250 6495 4251 6461 4251 6459 4251 6494 27 6495 27 6459 27 6456 71 6460 71 6485 71 6484 71 6456 71 6485 71 3135 2117 3134 2117 3136 2117 3137 2117 3135 2117 3136 2117 3082 2073 3083 2073 3085 2073 3084 2073 3082 2073 3085 2073 3398 2117 3397 2117 3396 2117 3399 2117 3398 2117 3396 2117 3361 2073 3356 2073 3357 2073 3360 2073 3361 2073 3357 2073 3132 2117 3131 2117 3130 2117 3133 2117 3132 2117 3130 2117 3081 2073 3078 2073 3079 2073 3080 2073 3081 2073 3079 2073 3279 4252 3296 4252 3306 4252 3296 4253 3278 4253 3294 4253 3278 4254 3296 4254 3279 4254 3263 4255 3278 4255 3279 4255 3262 4256 3278 4256 3263 4256 3242 4257 3262 4257 3263 4257 3238 4258 3262 4258 3242 4258 3218 4259 3215 4259 3238 4259 3242 4260 3218 4260 3238 4260 3184 4261 3168 4261 3170 4261 3168 4262 3185 4262 3158 4262 3185 4263 3168 4263 3184 4263 3200 4264 3185 4264 3184 4264 3201 4265 3185 4265 3200 4265 3215 4266 3201 4266 3200 4266 3218 4266 3201 4266 3215 4266 3184 4267 3215 4267 3200 4267 3215 4268 3184 4268 3170 4268 3294 4269 3215 4269 3170 4269 3238 4270 3215 4270 3294 4270 3278 4271 3238 4271 3294 4271 3262 4272 3238 4272 3278 4272 3031 2 3032 2 3422 2 3421 2 3031 2 3422 2 3033 2117 3032 2117 3031 2117 3030 2117 3033 2117 3031 2117 3376 4273 3423 4273 3422 4273 3032 4274 3376 4274 3422 4274 3062 4275 3088 4275 3070 4275 3088 4276 3062 4276 3054 4276 3046 4277 3088 4277 3054 4277 3034 4278 3088 4278 3046 4278 3088 4279 3034 4279 3035 4279 3050 4280 3088 4280 3035 4280 3058 4281 3088 4281 3050 4281 3088 4282 3058 4282 3066 4282 3074 4283 3088 4283 3066 4283 3090 4284 3088 4284 3074 4284 3110 4285 3088 4285 3102 4285 3088 4286 3110 4286 3118 4286 3138 4287 3088 4287 3118 4287 3146 4288 3088 4288 3138 4288 3090 4289 3139 4289 3119 4289 3111 4290 3090 4290 3119 4290 3088 4291 3146 4291 3160 4291 3176 4292 3088 4292 3160 4292 3188 4293 3088 4293 3176 4293 3090 4294 3111 4294 3103 4294 3095 4295 3090 4295 3103 4295 3088 4296 3090 4296 3095 4296 3094 4297 3088 4297 3095 4297 3102 4298 3088 4298 3094 4298 3088 4299 3188 4299 3204 4299 3212 4300 3088 4300 3204 4300 3239 4301 3088 4301 3212 4301 3376 4302 3239 4302 3254 4302 3270 4303 3376 4303 3254 4303 3282 4293 3376 4293 3270 4293 3088 4304 3239 4304 3376 4304 3032 4305 3088 4305 3376 4305 3033 4306 3088 4306 3032 4306 3376 4307 3282 4307 3298 4307 3312 4308 3376 4308 3298 4308 3384 4309 3376 4309 3312 4309 3320 4310 3384 4310 3312 4310 3392 4311 3384 4311 3320 4311 3332 4312 3392 4312 3320 4312 3408 4313 3392 4313 3332 4313 3340 4314 3408 4314 3332 4314 3416 4315 3408 4315 3340 4315 3348 4316 3416 4316 3340 4316 3424 4317 3416 4317 3348 4317 3358 4318 3424 4318 3348 4318 3425 4319 3424 4319 3358 4319 3359 4320 3425 4320 3358 4320 3412 4321 3425 4321 3359 4321 3349 4322 3412 4322 3359 4322 3404 4323 3412 4323 3349 4323 3341 4324 3404 4324 3349 4324 3388 4325 3404 4325 3341 4325 3333 4326 3388 4326 3341 4326 3380 4327 3388 4327 3333 4327 3321 4328 3380 4328 3333 4328 3372 4329 3380 4329 3321 4329 3313 4330 3372 4330 3321 4330 3328 4331 3372 4331 3313 4331 3299 4332 3328 4332 3313 4332 3308 4333 3328 4333 3299 4333 3283 4334 3308 4334 3299 4334 3290 4335 3308 4335 3283 4335 3271 4336 3290 4336 3283 4336 3266 4337 3290 4337 3271 4337 3255 4338 3266 4338 3271 4338 3241 4339 3266 4339 3255 4339 3240 4340 3241 4340 3255 4340 3217 4341 3241 4341 3240 4341 3216 4342 3217 4342 3240 4342 3196 4343 3217 4343 3216 4343 3205 4344 3196 4344 3216 4344 3172 4345 3196 4345 3205 4345 3189 4346 3172 4346 3205 4346 3154 4347 3172 4347 3189 4347 3177 4348 3154 4348 3189 4348 3126 4349 3154 4349 3177 4349 3161 4350 3126 4350 3177 4350 3090 4351 3126 4351 3161 4351 3147 4352 3090 4352 3161 4352 3139 4353 3090 4353 3147 4353 3421 2073 3422 2073 3423 2073 3420 2073 3421 2073 3423 2073 2431 4354 2419 4354 2421 4354 2433 4355 2431 4355 2421 4355 2443 4356 2431 4356 2433 4356 2445 4357 2443 4357 2433 4357 2451 4358 2443 4358 2445 4358 2453 4359 2451 4359 2445 4359 2463 4360 2451 4360 2453 4360 2465 4361 2463 4361 2453 4361 2471 4362 2463 4362 2465 4362 2473 4363 2471 4363 2465 4363 2483 4364 2471 4364 2473 4364 2485 4365 2483 4365 2473 4365 2491 4366 2483 4366 2485 4366 2493 4367 2491 4367 2485 4367 2513 4368 2491 4368 2493 4368 2515 4369 2513 4369 2493 4369 2525 4370 2513 4370 2515 4370 2527 4371 2525 4371 2515 4371 2535 4372 2525 4372 2527 4372 2539 4373 2535 4373 2527 4373 2418 2117 2420 2117 2421 2117 2419 4374 2418 4374 2421 4374 2524 4375 2534 4375 2538 4375 2526 4376 2524 4376 2538 4376 2512 4377 2524 4377 2526 4377 2514 4378 2512 4378 2526 4378 2490 4379 2512 4379 2514 4379 2492 4380 2490 4380 2514 4380 2482 4381 2490 4381 2492 4381 2484 4382 2482 4382 2492 4382 2470 4383 2482 4383 2484 4383 2472 4384 2470 4384 2484 4384 2462 4385 2470 4385 2472 4385 2464 4386 2462 4386 2472 4386 2450 4387 2462 4387 2464 4387 2452 4388 2450 4388 2464 4388 2442 4389 2450 4389 2452 4389 2444 4390 2442 4390 2452 4390 2430 4391 2442 4391 2444 4391 2432 4392 2430 4392 2444 4392 2418 4393 2430 4393 2432 4393 2420 4394 2418 4394 2432 4394 2546 4395 2550 4395 2538 4395 2534 4396 2546 4396 2538 4396 2640 4397 2652 4397 2654 4397 2642 4398 2640 4398 2654 4398 2628 4399 2640 4399 2642 4399 2630 4400 2628 4400 2642 4400 2620 4401 2628 4401 2630 4401 2622 4402 2620 4402 2630 4402 2608 4403 2620 4403 2622 4403 2610 4404 2608 4404 2622 4404 2600 4405 2608 4405 2610 4405 2602 4406 2600 4406 2610 4406 2588 4407 2600 4407 2602 4407 2590 4408 2588 4408 2602 4408 2580 4409 2588 4409 2590 4409 2582 4410 2580 4410 2590 4410 2568 4411 2580 4411 2582 4411 2570 4412 2568 4412 2582 4412 2556 4413 2568 4413 2570 4413 2558 4414 2556 4414 2570 4414 2546 4415 2556 4415 2558 4415 2550 4416 2546 4416 2558 4416 2653 4417 2655 4417 2654 4417 2652 2073 2653 2073 2654 2073 2557 4418 2547 4418 2551 4418 2559 4419 2557 4419 2551 4419 2569 4420 2557 4420 2559 4420 2571 4421 2569 4421 2559 4421 2581 4422 2569 4422 2571 4422 2583 4423 2581 4423 2571 4423 2589 4424 2581 4424 2583 4424 2591 4425 2589 4425 2583 4425 2601 4426 2589 4426 2591 4426 2603 3361 2601 3361 2591 3361 2609 4427 2601 4427 2603 4427 2611 3363 2609 3363 2603 3363 2621 4428 2609 4428 2611 4428 2623 4429 2621 4429 2611 4429 2629 4430 2621 4430 2623 4430 2631 4431 2629 4431 2623 4431 2641 4432 2629 4432 2631 4432 2643 4433 2641 4433 2631 4433 2653 4434 2641 4434 2643 4434 2655 4435 2653 4435 2643 4435 2535 4436 2539 4436 2551 4436 2547 4437 2535 4437 2551 4437 2740 2117 2742 2117 2743 2117 2741 2117 2740 2117 2743 2117 2836 4438 2846 4438 2850 4438 2838 4439 2836 4439 2850 4439 2824 4440 2836 4440 2838 4440 2826 4441 2824 4441 2838 4441 2812 4442 2824 4442 2826 4442 2814 4443 2812 4443 2826 4443 2804 4381 2812 4381 2814 4381 2806 4382 2804 4382 2814 4382 2792 4444 2804 4444 2806 4444 2794 4445 2792 4445 2806 4445 2784 4446 2792 4446 2794 4446 2786 4447 2784 4447 2794 4447 2772 4448 2784 4448 2786 4448 2774 4449 2772 4449 2786 4449 2764 4450 2772 4450 2774 4450 2766 4451 2764 4451 2774 4451 2752 4391 2764 4391 2766 4391 2754 4392 2752 4392 2766 4392 2740 4452 2752 4452 2754 4452 2742 4453 2740 4453 2754 4453 2868 3151 2872 3151 2850 3151 2846 4454 2868 4454 2850 4454 2962 4455 2974 4455 2976 4455 2964 4456 2962 4456 2976 4456 2950 4457 2962 4457 2964 4457 2952 4458 2950 4458 2964 4458 2942 4459 2950 4459 2952 4459 2944 4402 2942 4402 2952 4402 2930 4460 2942 4460 2944 4460 2932 4461 2930 4461 2944 4461 2922 4462 2930 4462 2932 4462 2924 3413 2922 3413 2932 3413 2910 4407 2922 4407 2924 4407 2912 4463 2910 4463 2924 4463 2902 4464 2910 4464 2912 4464 2904 4465 2902 4465 2912 4465 2890 4466 2902 4466 2904 4466 2892 4412 2890 4412 2904 4412 2878 3419 2890 3419 2892 3419 2880 4467 2878 4467 2892 4467 2868 4468 2878 4468 2880 4468 2872 4469 2868 4469 2880 4469 2975 4417 2977 4417 2976 4417 2974 4470 2975 4470 2976 4470 2753 4471 2741 4471 2743 4471 2755 4472 2753 4472 2743 4472 2765 4473 2753 4473 2755 4473 2767 4474 2765 4474 2755 4474 2773 4358 2765 4358 2767 4358 2775 4475 2773 4475 2767 4475 2785 4476 2773 4476 2775 4476 2787 4477 2785 4477 2775 4477 2793 4478 2785 4478 2787 4478 2795 4479 2793 4479 2787 4479 2805 4480 2793 4480 2795 4480 2807 4481 2805 4481 2795 4481 2813 4482 2805 4482 2807 4482 2815 4367 2813 4367 2807 4367 2825 4483 2813 4483 2815 4483 2827 4369 2825 4369 2815 4369 2837 4484 2825 4484 2827 4484 2839 4485 2837 4485 2827 4485 2847 4486 2837 4486 2839 4486 2851 4487 2847 4487 2839 4487 2879 4418 2869 4418 2873 4418 2881 4488 2879 4488 2873 4488 2891 3174 2879 3174 2881 3174 2893 3175 2891 3175 2881 3175 2903 4489 2891 4489 2893 4489 2905 4423 2903 4423 2893 4423 2911 4490 2903 4490 2905 4490 2913 4491 2911 4491 2905 4491 2923 4492 2911 4492 2913 4492 2925 3361 2923 3361 2913 3361 2931 4493 2923 4493 2925 4493 2933 4494 2931 4494 2925 4494 2943 4495 2931 4495 2933 4495 2945 4496 2943 4496 2933 4496 2951 4497 2943 4497 2945 4497 2953 4431 2951 4431 2945 4431 2963 4498 2951 4498 2953 4498 2965 4499 2963 4499 2953 4499 2975 4500 2963 4500 2965 4500 2977 4501 2975 4501 2965 4501 2847 4502 2851 4502 2873 4502 2869 4502 2847 4502 2873 4502 2635 4503 2659 4503 2633 4503 2659 4504 2635 4504 2658 4504 2666 4505 2659 4505 2658 4505 2667 4506 2659 4506 2666 4506 2674 4507 2667 4507 2666 4507 2675 4508 2667 4508 2674 4508 2682 4509 2675 4509 2674 4509 2683 4510 2675 4510 2682 4510 2693 4511 2683 4511 2682 4511 2695 4512 2683 4512 2693 4512 2437 4513 2412 4513 2435 4513 2412 4514 2437 4514 2413 4514 2405 4515 2412 4515 2413 4515 2404 3485 2412 3485 2405 3485 2397 4516 2404 4516 2405 4516 2396 4517 2404 4517 2397 4517 2389 4518 2396 4518 2397 4518 2388 4519 2396 4519 2389 4519 2381 4520 2388 4520 2389 4520 2379 4521 2388 4521 2381 4521 2633 4522 2591 4522 2583 4522 2571 4523 2633 4523 2583 4523 2559 4524 2633 4524 2571 4524 2633 4525 2559 4525 2551 4525 2539 4526 2633 4526 2551 4526 2437 4527 2633 4527 2539 4527 2437 4528 2539 4528 2527 4528 2515 4529 2437 4529 2527 4529 2493 4530 2437 4530 2515 4530 2437 4531 2493 4531 2485 4531 2473 4532 2437 4532 2485 4532 2413 4533 2437 4533 2473 4533 2465 4534 2413 4534 2473 4534 2405 4535 2413 4535 2465 4535 2453 4536 2405 4536 2465 4536 2397 4537 2405 4537 2453 4537 2445 4538 2397 4538 2453 4538 2389 4539 2397 4539 2445 4539 2433 4540 2389 4540 2445 4540 2381 4541 2389 4541 2433 4541 2421 4542 2381 4542 2433 4542 2380 4543 2381 4543 2421 4543 2420 4544 2380 4544 2421 4544 2385 4545 2380 4545 2420 4545 2432 4546 2385 4546 2420 4546 2393 4547 2385 4547 2432 4547 2444 3441 2393 3441 2432 3441 2401 4548 2393 4548 2444 4548 2452 4549 2401 4549 2444 4549 2409 4550 2401 4550 2452 4550 2464 4551 2409 4551 2452 4551 2425 4552 2409 4552 2464 4552 2472 4553 2425 4553 2464 4553 2457 4554 2425 4554 2472 4554 2484 4555 2457 4555 2472 4555 2477 4556 2457 4556 2484 4556 2492 4557 2477 4557 2484 4557 2507 4558 2477 4558 2492 4558 2514 4559 2507 4559 2492 4559 2519 4560 2507 4560 2514 4560 2526 4561 2519 4561 2514 4561 2537 4562 2519 4562 2526 4562 2538 4563 2537 4563 2526 4563 2549 4564 2537 4564 2538 4564 2550 4564 2549 4564 2538 4564 2563 4565 2549 4565 2550 4565 2558 4566 2563 4566 2550 4566 2575 4567 2563 4567 2558 4567 2570 4568 2575 4568 2558 4568 2595 4569 2575 4569 2570 4569 2582 4570 2595 4570 2570 4570 2615 4571 2595 4571 2582 4571 2590 4572 2615 4572 2582 4572 2647 4573 2615 4573 2590 4573 2602 4574 2647 4574 2590 4574 2663 4575 2647 4575 2602 4575 2610 4576 2663 4576 2602 4576 2671 4577 2663 4577 2610 4577 2622 4578 2671 4578 2610 4578 2679 4579 2671 4579 2622 4579 2630 4580 2679 4580 2622 4580 2687 4581 2679 4581 2630 4581 2642 4582 2687 4582 2630 4582 2694 4583 2687 4583 2642 4583 2654 3278 2694 3278 2642 3278 2695 3236 2694 3236 2654 3236 2655 3235 2695 3235 2654 3235 2683 4584 2695 4584 2655 4584 2643 4585 2683 4585 2655 4585 2675 4586 2683 4586 2643 4586 2631 4587 2675 4587 2643 4587 2667 4588 2675 4588 2631 4588 2623 4589 2667 4589 2631 4589 2659 4590 2667 4590 2623 4590 2611 4591 2659 4591 2623 4591 2633 4592 2659 4592 2611 4592 2603 4593 2633 4593 2611 4593 2591 3289 2633 3289 2603 3289 2692 2117 2694 2117 2695 2117 2693 2117 2692 2117 2695 2117 2686 4594 2694 4594 2692 4594 2687 4595 2694 4595 2686 4595 2678 4596 2687 4596 2686 4596 2679 3315 2687 3315 2678 3315 2670 4597 2679 4597 2678 4597 2671 4598 2679 4598 2670 4598 2662 4599 2671 4599 2670 4599 2663 4600 2671 4600 2662 4600 2646 4601 2663 4601 2662 4601 2647 4602 2663 4602 2646 4602 2614 4603 2647 4603 2646 4603 2615 3323 2647 3323 2614 3323 2594 4604 2615 4604 2614 4604 2595 4605 2615 4605 2594 4605 2574 4606 2595 4606 2594 4606 2575 4607 2595 4607 2574 4607 2562 4608 2575 4608 2574 4608 2563 4609 2575 4609 2562 4609 2548 4610 2563 4610 2562 4610 2549 4611 2563 4611 2548 4611 2536 4612 2537 4612 2549 4612 2548 4612 2536 4612 2549 4612 2518 4613 2537 4613 2536 4613 2519 4614 2537 4614 2518 4614 2506 4615 2519 4615 2518 4615 2507 4616 2519 4616 2506 4616 2476 4617 2507 4617 2506 4617 2477 3339 2507 3339 2476 3339 2456 4618 2477 4618 2476 4618 2457 4619 2477 4619 2456 4619 2424 4620 2457 4620 2456 4620 2425 4621 2457 4621 2424 4621 2408 4622 2425 4622 2424 4622 2409 4623 2425 4623 2408 4623 2400 4624 2409 4624 2408 4624 2401 4625 2409 4625 2400 4625 2392 4626 2401 4626 2400 4626 2393 4627 2401 4627 2392 4627 2384 4628 2393 4628 2392 4628 2385 3351 2393 3351 2384 3351 2378 4629 2385 4629 2384 4629 2380 3353 2385 3353 2378 3353 2379 4630 2381 4630 2380 4630 2378 4631 2379 4631 2380 4631 2957 4503 2981 4503 2955 4503 2981 4632 2957 4632 2980 4632 2988 4633 2981 4633 2980 4633 2989 4506 2981 4506 2988 4506 2996 4634 2989 4634 2988 4634 2997 4508 2989 4508 2996 4508 3004 4635 2997 4635 2996 4635 3005 4636 2997 4636 3004 4636 3015 4637 3005 4637 3004 4637 3017 4512 3005 4512 3015 4512 2759 4638 2734 4638 2757 4638 2734 4639 2759 4639 2735 4639 2727 4640 2734 4640 2735 4640 2726 4641 2734 4641 2727 4641 2719 4642 2726 4642 2727 4642 2718 4517 2726 4517 2719 4517 2711 4643 2718 4643 2719 4643 2710 3488 2718 3488 2711 3488 2703 4644 2710 4644 2711 4644 2701 4645 2710 4645 2703 4645 2955 4646 2913 4646 2905 4646 2851 4647 2759 4647 2955 4647 2873 4648 2851 4648 2955 4648 2759 4649 2851 4649 2839 4649 2827 3428 2759 3428 2839 3428 2815 4530 2759 4530 2827 4530 2955 4650 2905 4650 2893 4650 2881 4651 2955 4651 2893 4651 2873 4652 2955 4652 2881 4652 2759 4531 2815 4531 2807 4531 2795 4653 2759 4653 2807 4653 2735 3225 2759 3225 2795 3225 2787 4654 2735 4654 2795 4654 2727 4655 2735 4655 2787 4655 2775 3433 2727 3433 2787 3433 2719 4537 2727 4537 2775 4537 2767 4656 2719 4656 2775 4656 2711 4657 2719 4657 2767 4657 2755 4658 2711 4658 2767 4658 2703 4659 2711 4659 2755 4659 2743 4660 2703 4660 2755 4660 2702 4661 2703 4661 2743 4661 2742 4662 2702 4662 2743 4662 2707 4663 2702 4663 2742 4663 2754 4664 2707 4664 2742 4664 2715 4665 2707 4665 2754 4665 2766 4666 2715 4666 2754 4666 2723 4667 2715 4667 2766 4667 2774 3443 2723 3443 2766 3443 2731 4668 2723 4668 2774 4668 2786 4669 2731 4669 2774 4669 2747 4670 2731 4670 2786 4670 2794 4671 2747 4671 2786 4671 2779 3447 2747 3447 2794 3447 2806 4672 2779 4672 2794 4672 2799 4673 2779 4673 2806 4673 2814 4674 2799 4674 2806 4674 2819 4675 2799 4675 2814 4675 2826 4559 2819 4559 2814 4559 2831 4560 2819 4560 2826 4560 2838 4676 2831 4676 2826 4676 2849 4677 2831 4677 2838 4677 2850 4678 2849 4678 2838 4678 2871 4679 2849 4679 2850 4679 2872 4679 2871 4679 2850 4679 2885 4680 2871 4680 2872 4680 2880 4566 2885 4566 2872 4566 2897 4567 2885 4567 2880 4567 2892 4568 2897 4568 2880 4568 2917 4681 2897 4681 2892 4681 2904 4682 2917 4682 2892 4682 2937 4683 2917 4683 2904 4683 2912 3457 2937 3457 2904 3457 2969 4684 2937 4684 2912 4684 2924 4685 2969 4685 2912 4685 2985 3459 2969 3459 2924 3459 2932 4686 2985 4686 2924 4686 2993 4687 2985 4687 2932 4687 2944 4688 2993 4688 2932 4688 3001 4689 2993 4689 2944 4689 2952 4690 3001 4690 2944 4690 3009 4691 3001 4691 2952 4691 2964 3276 3009 3276 2952 3276 3016 4692 3009 4692 2964 4692 2976 4693 3016 4693 2964 4693 3017 3236 3016 3236 2976 3236 2977 3235 3017 3235 2976 3235 3005 4694 3017 4694 2977 4694 2965 4695 3005 4695 2977 4695 2997 4696 3005 4696 2965 4696 2953 4697 2997 4697 2965 4697 2989 4698 2997 4698 2953 4698 2945 3284 2989 3284 2953 3284 2981 4699 2989 4699 2945 4699 2933 4700 2981 4700 2945 4700 2955 4701 2981 4701 2933 4701 2925 4593 2955 4593 2933 4593 2913 3289 2955 3289 2925 3289 3014 2117 3016 2117 3017 2117 3015 2117 3014 2117 3017 2117 3008 4702 3016 4702 3014 4702 3009 4703 3016 4703 3008 4703 3000 4704 3009 4704 3008 4704 3001 4705 3009 4705 3000 4705 2992 4706 3001 4706 3000 4706 2993 4707 3001 4707 2992 4707 2984 4708 2993 4708 2992 4708 2985 4709 2993 4709 2984 4709 2968 4710 2985 4710 2984 4710 2969 4602 2985 4602 2968 4602 2936 4711 2969 4711 2968 4711 2937 3323 2969 3323 2936 3323 2916 4712 2937 4712 2936 4712 2917 4713 2937 4713 2916 4713 2896 4714 2917 4714 2916 4714 2897 3504 2917 3504 2896 3504 2884 4715 2897 4715 2896 4715 2885 4716 2897 4716 2884 4716 2870 4717 2885 4717 2884 4717 2871 4718 2885 4718 2870 4718 2848 3333 2849 3333 2871 3333 2870 4719 2848 4719 2871 4719 2830 4720 2849 4720 2848 4720 2831 3335 2849 3335 2830 3335 2818 4721 2831 4721 2830 4721 2819 4722 2831 4722 2818 4722 2798 4723 2819 4723 2818 4723 2799 3339 2819 3339 2798 3339 2778 4724 2799 4724 2798 4724 2779 4619 2799 4619 2778 4619 2746 4725 2779 4725 2778 4725 2747 4621 2779 4621 2746 4621 2730 4726 2747 4726 2746 4726 2731 3515 2747 3515 2730 3515 2722 4727 2731 4727 2730 4727 2723 4625 2731 4625 2722 4625 2714 4728 2723 4728 2722 4728 2715 4627 2723 4627 2714 4627 2706 4729 2715 4729 2714 4729 2707 3351 2715 3351 2706 3351 2700 4730 2707 4730 2706 4730 2702 3353 2707 3353 2700 3353 2701 4731 2703 4731 2702 4731 2700 4732 2701 4732 2702 4732 2522 4733 2532 4733 2528 4733 2520 4734 2522 4734 2528 4734 2510 4735 2522 4735 2520 4735 2508 4736 2510 4736 2520 4736 2488 4737 2510 4737 2508 4737 2486 4738 2488 4738 2508 4738 2480 4739 2488 4739 2486 4739 2478 4740 2480 4740 2486 4740 2468 4741 2480 4741 2478 4741 2466 4742 2468 4742 2478 4742 2460 4743 2468 4743 2466 4743 2458 4744 2460 4744 2466 4744 2448 4745 2460 4745 2458 4745 2446 4746 2448 4746 2458 4746 2440 4747 2448 4747 2446 4747 2438 4748 2440 4748 2446 4748 2428 4749 2440 4749 2438 4749 2426 4750 2428 4750 2438 4750 2416 4751 2428 4751 2426 4751 2414 4752 2416 4752 2426 4752 2540 4753 2528 4753 2532 4753 2544 4754 2540 4754 2532 4754 2638 4755 2650 4755 2648 4755 2636 4756 2638 4756 2648 4756 2626 4757 2638 4757 2636 4757 2624 4758 2626 4758 2636 4758 2618 4759 2626 4759 2624 4759 2616 4760 2618 4760 2624 4760 2606 4761 2618 4761 2616 4761 2604 4762 2606 4762 2616 4762 2598 4763 2606 4763 2604 4763 2596 4764 2598 4764 2604 4764 2586 4765 2598 4765 2596 4765 2584 4766 2586 4766 2596 4766 2578 4767 2586 4767 2584 4767 2576 4768 2578 4768 2584 4768 2566 4769 2578 4769 2576 4769 2564 4770 2566 4770 2576 4770 2554 4771 2566 4771 2564 4771 2552 4772 2554 4772 2564 4772 2544 4773 2554 4773 2552 4773 2540 4774 2544 4774 2552 4774 2649 4775 2648 4775 2650 4775 2651 2073 2649 2073 2650 2073 2555 4776 2545 4776 2541 4776 2553 4777 2555 4777 2541 4777 2567 4778 2555 4778 2553 4778 2565 4779 2567 4779 2553 4779 2579 4780 2567 4780 2565 4780 2577 4781 2579 4781 2565 4781 2587 4782 2579 4782 2577 4782 2585 4783 2587 4783 2577 4783 2599 4784 2587 4784 2585 4784 2597 4785 2599 4785 2585 4785 2607 4786 2599 4786 2597 4786 2605 4787 2607 4787 2597 4787 2619 4788 2607 4788 2605 4788 2617 4789 2619 4789 2605 4789 2627 4790 2619 4790 2617 4790 2625 4791 2627 4791 2617 4791 2639 4792 2627 4792 2625 4792 2637 4793 2639 4793 2625 4793 2651 4794 2639 4794 2637 4794 2649 4795 2651 4795 2637 4795 2529 4796 2541 4796 2545 4796 2533 4796 2529 4796 2545 4796 2429 4797 2417 4797 2415 4797 2427 4798 2429 4798 2415 4798 2441 4799 2429 4799 2427 4799 2439 4800 2441 4800 2427 4800 2449 4801 2441 4801 2439 4801 2447 4802 2449 4802 2439 4802 2461 4803 2449 4803 2447 4803 2459 4804 2461 4804 2447 4804 2469 4805 2461 4805 2459 4805 2467 4806 2469 4806 2459 4806 2481 4807 2469 4807 2467 4807 2479 4808 2481 4808 2467 4808 2489 4809 2481 4809 2479 4809 2487 4810 2489 4810 2479 4810 2511 4811 2489 4811 2487 4811 2509 4812 2511 4812 2487 4812 2523 4813 2511 4813 2509 4813 2521 4814 2523 4814 2509 4814 2533 4815 2523 4815 2521 4815 2529 4816 2533 4816 2521 4816 2414 4817 2415 4817 2417 4817 2416 4818 2414 4818 2417 4818 2834 4819 2844 4819 2840 4819 2832 4820 2834 4820 2840 4820 2822 4821 2834 4821 2832 4821 2820 4822 2822 4822 2832 4822 2810 4823 2822 4823 2820 4823 2808 4824 2810 4824 2820 4824 2802 4825 2810 4825 2808 4825 2800 4826 2802 4826 2808 4826 2790 4827 2802 4827 2800 4827 2788 4828 2790 4828 2800 4828 2782 4829 2790 4829 2788 4829 2780 4830 2782 4830 2788 4830 2770 4831 2782 4831 2780 4831 2768 4832 2770 4832 2780 4832 2762 4833 2770 4833 2768 4833 2760 4748 2762 4748 2768 4748 2750 4749 2762 4749 2760 4749 2748 4750 2750 4750 2760 4750 2738 4834 2750 4834 2748 4834 2736 4835 2738 4835 2748 4835 2862 4836 2840 4836 2844 4836 2866 4837 2862 4837 2844 4837 2960 4838 2972 4838 2970 4838 2958 4839 2960 4839 2970 4839 2948 4840 2960 4840 2958 4840 2946 4841 2948 4841 2958 4841 2940 4842 2948 4842 2946 4842 2938 4843 2940 4843 2946 4843 2928 4844 2940 4844 2938 4844 2926 4762 2928 4762 2938 4762 2920 4845 2928 4845 2926 4845 2918 4846 2920 4846 2926 4846 2908 4847 2920 4847 2918 4847 2906 4848 2908 4848 2918 4848 2900 4849 2908 4849 2906 4849 2898 4850 2900 4850 2906 4850 2888 4851 2900 4851 2898 4851 2886 4852 2888 4852 2898 4852 2876 4853 2888 4853 2886 4853 2874 4854 2876 4854 2886 4854 2866 4773 2876 4773 2874 4773 2862 4855 2866 4855 2874 4855 2971 4856 2970 4856 2972 4856 2973 4857 2971 4857 2972 4857 2877 4858 2867 4858 2863 4858 2875 4777 2877 4777 2863 4777 2889 4859 2877 4859 2875 4859 2887 4860 2889 4860 2875 4860 2901 4861 2889 4861 2887 4861 2899 4862 2901 4862 2887 4862 2909 4863 2901 4863 2899 4863 2907 4864 2909 4864 2899 4864 2921 4865 2909 4865 2907 4865 2919 4785 2921 4785 2907 4785 2929 4786 2921 4786 2919 4786 2927 4866 2929 4866 2919 4866 2941 4867 2929 4867 2927 4867 2939 4868 2941 4868 2927 4868 2949 4869 2941 4869 2939 4869 2947 4870 2949 4870 2939 4870 2961 4871 2949 4871 2947 4871 2959 4872 2961 4872 2947 4872 2973 4873 2961 4873 2959 4873 2971 4874 2973 4874 2959 4874 2841 4875 2863 4875 2867 4875 2845 4876 2841 4876 2867 4876 2751 4877 2739 4877 2737 4877 2749 4878 2751 4878 2737 4878 2763 4879 2751 4879 2749 4879 2761 4880 2763 4880 2749 4880 2771 4881 2763 4881 2761 4881 2769 4802 2771 4802 2761 4802 2783 4882 2771 4882 2769 4882 2781 4883 2783 4883 2769 4883 2791 4884 2783 4884 2781 4884 2789 4885 2791 4885 2781 4885 2803 4886 2791 4886 2789 4886 2801 4887 2803 4887 2789 4887 2811 4888 2803 4888 2801 4888 2809 4889 2811 4889 2801 4889 2823 4890 2811 4890 2809 4890 2821 4891 2823 4891 2809 4891 2835 4892 2823 4892 2821 4892 2833 4893 2835 4893 2821 4893 2845 4894 2835 4894 2833 4894 2841 4895 2845 4895 2833 4895 2736 4896 2737 4896 2739 4896 2738 2117 2736 2117 2739 2117 2436 4897 2486 4897 2508 4897 2478 4898 2486 4898 2436 4898 2564 4899 2576 4899 2632 4899 2552 4900 2564 4900 2632 4900 2436 4901 2508 4901 2520 4901 2528 4902 2436 4902 2520 4902 2632 4903 2436 4903 2528 4903 2540 4904 2632 4904 2528 4904 2552 4905 2632 4905 2540 4905 2632 4906 2576 4906 2584 4906 2596 4907 2632 4907 2584 4907 2656 4908 2632 4908 2596 4908 2604 4909 2656 4909 2596 4909 2664 4910 2656 4910 2604 4910 2616 4911 2664 4911 2604 4911 2672 4912 2664 4912 2616 4912 2624 4913 2672 4913 2616 4913 2680 4914 2672 4914 2624 4914 2636 4915 2680 4915 2624 4915 2688 4916 2680 4916 2636 4916 2648 4917 2688 4917 2636 4917 2689 4918 2688 4918 2648 4918 2649 4919 2689 4919 2648 4919 2684 4920 2689 4920 2649 4920 2637 4921 2684 4921 2649 4921 2676 4922 2684 4922 2637 4922 2625 4923 2676 4923 2637 4923 2668 4924 2676 4924 2625 4924 2617 4925 2668 4925 2625 4925 2660 4926 2668 4926 2617 4926 2605 4927 2660 4927 2617 4927 2644 4928 2660 4928 2605 4928 2597 4929 2644 4929 2605 4929 2612 4930 2644 4930 2597 4930 2585 4931 2612 4931 2597 4931 2592 4932 2612 4932 2585 4932 2577 4933 2592 4933 2585 4933 2572 4934 2592 4934 2577 4934 2565 4935 2572 4935 2577 4935 2560 4936 2572 4936 2565 4936 2553 4937 2560 4937 2565 4937 2542 4938 2560 4938 2553 4938 2541 4939 2542 4939 2553 4939 2530 4940 2542 4940 2541 4940 2529 4941 2530 4941 2541 4941 2516 4942 2530 4942 2529 4942 2521 4943 2516 4943 2529 4943 2504 4944 2516 4944 2521 4944 2509 4945 2504 4945 2521 4945 2474 4946 2504 4946 2509 4946 2487 4947 2474 4947 2509 4947 2454 4948 2474 4948 2487 4948 2479 4949 2454 4949 2487 4949 2422 4950 2454 4950 2479 4950 2467 4951 2422 4951 2479 4951 2406 4952 2422 4952 2467 4952 2459 4953 2406 4953 2467 4953 2398 4954 2406 4954 2459 4954 2447 4955 2398 4955 2459 4955 2390 4956 2398 4956 2447 4956 2439 4957 2390 4957 2447 4957 2382 4958 2390 4958 2439 4958 2427 4959 2382 4959 2439 4959 2375 4960 2382 4960 2427 4960 2415 4961 2375 4961 2427 4961 2374 4962 2375 4962 2415 4962 2414 4963 2374 4963 2415 4963 2386 4964 2374 4964 2414 4964 2426 4965 2386 4965 2414 4965 2394 4966 2386 4966 2426 4966 2438 4967 2394 4967 2426 4967 2402 4968 2394 4968 2438 4968 2446 4969 2402 4969 2438 4969 2410 4970 2402 4970 2446 4970 2458 4971 2410 4971 2446 4971 2436 4972 2410 4972 2458 4972 2466 4973 2436 4973 2458 4973 2478 4974 2436 4974 2466 4974 2434 4975 2410 4975 2436 4975 2410 4976 2434 4976 2411 4976 2403 4977 2410 4977 2411 4977 2402 4978 2410 4978 2403 4978 2395 4979 2402 4979 2403 4979 2394 4980 2402 4980 2395 4980 2387 4981 2394 4981 2395 4981 2386 4982 2394 4982 2387 4982 2376 4983 2386 4983 2387 4983 2374 4984 2386 4984 2376 4984 2632 4985 2657 4985 2634 4985 2657 4986 2632 4986 2656 4986 2664 4987 2657 4987 2656 4987 2665 4988 2657 4988 2664 4988 2672 4989 2665 4989 2664 4989 2673 4990 2665 4990 2672 4990 2680 4991 2673 4991 2672 4991 2681 4992 2673 4992 2680 4992 2688 4993 2681 4993 2680 4993 2690 4994 2681 4994 2688 4994 2377 2073 2375 2073 2374 2073 2376 2073 2377 2073 2374 2073 2383 4995 2375 4995 2377 4995 2382 4996 2375 4996 2383 4996 2391 4997 2382 4997 2383 4997 2390 4998 2382 4998 2391 4998 2399 4999 2390 4999 2391 4999 2398 5000 2390 5000 2399 5000 2407 5001 2398 5001 2399 5001 2406 5002 2398 5002 2407 5002 2423 5003 2406 5003 2407 5003 2422 5004 2406 5004 2423 5004 2455 5005 2422 5005 2423 5005 2454 5006 2422 5006 2455 5006 2475 5007 2454 5007 2455 5007 2474 5008 2454 5008 2475 5008 2505 5009 2474 5009 2475 5009 2504 5010 2474 5010 2505 5010 2517 5011 2504 5011 2505 5011 2516 5012 2504 5012 2517 5012 2531 5013 2516 5013 2517 5013 2530 5014 2516 5014 2531 5014 2543 5015 2542 5015 2530 5015 2531 5015 2543 5015 2530 5015 2561 5016 2542 5016 2543 5016 2560 5017 2542 5017 2561 5017 2573 5018 2560 5018 2561 5018 2572 5019 2560 5019 2573 5019 2593 5020 2572 5020 2573 5020 2592 5021 2572 5021 2593 5021 2613 5022 2592 5022 2593 5022 2612 5023 2592 5023 2613 5023 2645 5024 2612 5024 2613 5024 2644 5025 2612 5025 2645 5025 2661 5026 2644 5026 2645 5026 2660 5027 2644 5027 2661 5027 2669 5028 2660 5028 2661 5028 2668 5029 2660 5029 2669 5029 2677 5030 2668 5030 2669 5030 2676 5031 2668 5031 2677 5031 2685 5032 2676 5032 2677 5032 2684 5033 2676 5033 2685 5033 2691 5034 2684 5034 2685 5034 2689 5035 2684 5035 2691 5035 2690 2117 2688 2117 2689 2117 2691 2117 2690 2117 2689 2117 2758 4897 2808 4897 2820 4897 2800 5036 2808 5036 2758 5036 2886 5037 2898 5037 2954 5037 2874 4900 2886 4900 2954 4900 2758 5038 2820 5038 2832 5038 2840 5039 2758 5039 2832 5039 2954 5040 2758 5040 2840 5040 2862 5041 2954 5041 2840 5041 2874 5042 2954 5042 2862 5042 2954 5043 2898 5043 2906 5043 2918 5044 2954 5044 2906 5044 2978 5045 2954 5045 2918 5045 2926 5046 2978 5046 2918 5046 2986 5047 2978 5047 2926 5047 2938 5048 2986 5048 2926 5048 2994 5049 2986 5049 2938 5049 2946 5050 2994 5050 2938 5050 3002 5051 2994 5051 2946 5051 2958 5052 3002 5052 2946 5052 3010 5053 3002 5053 2958 5053 2970 4917 3010 4917 2958 4917 3011 4918 3010 4918 2970 4918 2971 4919 3011 4919 2970 4919 3006 4920 3011 4920 2971 4920 2959 5054 3006 5054 2971 5054 2998 5055 3006 5055 2959 5055 2947 5056 2998 5056 2959 5056 2990 5057 2998 5057 2947 5057 2939 5058 2990 5058 2947 5058 2982 5059 2990 5059 2939 5059 2927 5060 2982 5060 2939 5060 2966 5061 2982 5061 2927 5061 2919 5062 2966 5062 2927 5062 2934 5063 2966 5063 2919 5063 2907 5064 2934 5064 2919 5064 2914 5065 2934 5065 2907 5065 2899 5066 2914 5066 2907 5066 2894 5067 2914 5067 2899 5067 2887 5068 2894 5068 2899 5068 2882 5069 2894 5069 2887 5069 2875 5070 2882 5070 2887 5070 2864 5071 2882 5071 2875 5071 2863 5072 2864 5072 2875 5072 2842 5073 2864 5073 2863 5073 2841 5074 2842 5074 2863 5074 2828 5075 2842 5075 2841 5075 2833 5076 2828 5076 2841 5076 2816 5077 2828 5077 2833 5077 2821 5078 2816 5078 2833 5078 2796 5079 2816 5079 2821 5079 2809 5080 2796 5080 2821 5080 2776 5081 2796 5081 2809 5081 2801 5082 2776 5082 2809 5082 2744 5083 2776 5083 2801 5083 2789 4951 2744 4951 2801 4951 2728 4952 2744 4952 2789 4952 2781 5084 2728 5084 2789 5084 2720 5085 2728 5085 2781 5085 2769 5086 2720 5086 2781 5086 2712 4956 2720 4956 2769 4956 2761 5087 2712 5087 2769 5087 2704 5088 2712 5088 2761 5088 2749 5089 2704 5089 2761 5089 2697 5090 2704 5090 2749 5090 2737 5091 2697 5091 2749 5091 2696 5092 2697 5092 2737 5092 2736 5093 2696 5093 2737 5093 2708 5094 2696 5094 2736 5094 2748 5095 2708 5095 2736 5095 2716 5096 2708 5096 2748 5096 2760 4967 2716 4967 2748 4967 2724 5097 2716 5097 2760 5097 2768 5098 2724 5098 2760 5098 2732 5099 2724 5099 2768 5099 2780 5100 2732 5100 2768 5100 2758 5101 2732 5101 2780 5101 2788 5102 2758 5102 2780 5102 2800 5103 2758 5103 2788 5103 2756 5104 2732 5104 2758 5104 2732 5105 2756 5105 2733 5105 2725 5106 2732 5106 2733 5106 2724 5107 2732 5107 2725 5107 2717 5108 2724 5108 2725 5108 2716 4980 2724 4980 2717 4980 2709 5109 2716 5109 2717 5109 2708 5110 2716 5110 2709 5110 2698 5111 2708 5111 2709 5111 2696 5112 2708 5112 2698 5112 2954 5113 2979 5113 2956 5113 2979 5114 2954 5114 2978 5114 2986 5115 2979 5115 2978 5115 2987 4988 2979 4988 2986 4988 2994 5116 2987 5116 2986 5116 2995 5117 2987 5117 2994 5117 3002 5118 2995 5118 2994 5118 3003 5119 2995 5119 3002 5119 3010 5120 3003 5120 3002 5120 3012 5121 3003 5121 3010 5121 2699 2073 2697 2073 2696 2073 2698 2073 2699 2073 2696 2073 2705 5122 2697 5122 2699 5122 2704 4996 2697 4996 2705 4996 2713 5123 2704 5123 2705 5123 2712 4998 2704 4998 2713 4998 2721 5124 2712 5124 2713 5124 2720 5000 2712 5000 2721 5000 2729 5125 2720 5125 2721 5125 2728 5002 2720 5002 2729 5002 2745 5126 2728 5126 2729 5126 2744 5127 2728 5127 2745 5127 2777 5128 2744 5128 2745 5128 2776 5129 2744 5129 2777 5129 2797 5130 2776 5130 2777 5130 2796 5131 2776 5131 2797 5131 2817 5132 2796 5132 2797 5132 2816 5133 2796 5133 2817 5133 2829 5134 2816 5134 2817 5134 2828 5135 2816 5135 2829 5135 2843 5136 2828 5136 2829 5136 2842 5137 2828 5137 2843 5137 2865 5138 2864 5138 2842 5138 2843 5139 2865 5139 2842 5139 2883 5140 2864 5140 2865 5140 2882 5141 2864 5141 2883 5141 2895 5142 2882 5142 2883 5142 2894 5143 2882 5143 2895 5143 2915 5144 2894 5144 2895 5144 2914 5021 2894 5021 2915 5021 2935 5145 2914 5145 2915 5145 2934 5146 2914 5146 2935 5146 2967 5147 2934 5147 2935 5147 2966 5025 2934 5025 2967 5025 2983 5148 2966 5148 2967 5148 2982 5027 2966 5027 2983 5027 2991 5149 2982 5149 2983 5149 2990 5150 2982 5150 2991 5150 2999 5151 2990 5151 2991 5151 2998 5152 2990 5152 2999 5152 3007 5153 2998 5153 2999 5153 3006 5154 2998 5154 3007 5154 3013 5155 3006 5155 3007 5155 3011 5035 3006 5035 3013 5035 3012 2117 3010 2117 3011 2117 3013 2117 3012 2117 3011 2117 4065 2073 4063 2073 4062 2073 4064 2073 4065 2073 4062 2073 3959 5156 3948 5156 3944 5156 3957 5157 3959 5157 3944 5157 3971 5158 3959 5158 3957 5158 3969 4860 3971 4860 3957 4860 3993 5159 3971 5159 3969 5159 3991 5160 3993 5160 3969 5160 4001 5161 3993 5161 3991 5161 3999 5162 4001 5162 3991 5162 4013 5163 4001 5163 3999 5163 4011 5164 4013 5164 3999 5164 4021 5165 4013 5165 4011 5165 4019 5166 4021 5166 4011 5166 4033 5167 4021 5167 4019 5167 4031 5168 4033 5168 4019 5168 4041 5169 4033 5169 4031 5169 4039 5170 4041 5170 4031 5170 4053 5171 4041 5171 4039 5171 4051 5172 4053 5172 4039 5172 4065 5173 4053 5173 4051 5173 4063 5174 4065 5174 4051 5174 3933 4875 3929 4875 3944 4875 3948 5175 3933 5175 3944 5175 3837 5176 3825 5176 3823 5176 3835 5177 3837 5177 3823 5177 3849 5178 3837 5178 3835 5178 3847 5179 3849 5179 3835 5179 3857 5180 3849 5180 3847 5180 3855 5181 3857 5181 3847 5181 3869 5182 3857 5182 3855 5182 3867 5183 3869 5183 3855 5183 3878 5184 3869 5184 3867 5184 3876 5185 3878 5185 3867 5185 3891 5186 3878 5186 3876 5186 3889 5187 3891 5187 3876 5187 3899 5188 3891 5188 3889 5188 3897 5189 3899 5189 3889 5189 3911 5190 3899 5190 3897 5190 3909 5191 3911 5191 3897 5191 3923 5192 3911 5192 3909 5192 3921 4893 3923 4893 3909 4893 3933 5193 3923 5193 3921 5193 3929 5194 3933 5194 3921 5194 3824 2117 3822 2117 3823 2117 3825 5195 3824 5195 3823 5195 4052 5196 4064 5196 4062 5196 4050 5197 4052 5197 4062 5197 4040 5198 4052 5198 4050 5198 4038 5199 4040 5199 4050 5199 4032 5200 4040 5200 4038 5200 4030 5201 4032 5201 4038 5201 4020 5202 4032 5202 4030 5202 4018 5203 4020 5203 4030 5203 4012 5204 4020 5204 4018 5204 4010 5205 4012 5205 4018 5205 4000 5206 4012 5206 4010 5206 3998 5207 4000 5207 4010 5207 3992 5208 4000 5208 3998 5208 3990 5209 3992 5209 3998 5209 3970 5210 3992 5210 3990 5210 3968 5211 3970 5211 3990 5211 3958 5212 3970 5212 3968 5212 3956 5213 3958 5213 3968 5213 3947 5214 3958 5214 3956 5214 3943 5215 3947 5215 3956 5215 3922 5216 3932 5216 3928 5216 3920 5217 3922 5217 3928 5217 3910 5218 3922 5218 3920 5218 3908 5219 3910 5219 3920 5219 3898 5220 3910 5220 3908 5220 3896 5221 3898 5221 3908 5221 3890 5222 3898 5222 3896 5222 3888 5223 3890 5223 3896 5223 3877 5224 3890 5224 3888 5224 3875 5225 3877 5225 3888 5225 3868 5226 3877 5226 3875 5226 3866 5227 3868 5227 3875 5227 3856 5228 3868 5228 3866 5228 3854 5229 3856 5229 3866 5229 3848 5230 3856 5230 3854 5230 3846 5231 3848 5231 3854 5231 3836 5232 3848 5232 3846 5232 3834 5233 3836 5233 3846 5233 3824 5234 3836 5234 3834 5234 3822 5235 3824 5235 3834 5235 3947 5236 3943 5236 3928 5236 3932 5237 3947 5237 3928 5237 3731 2073 3729 2073 3728 2073 3730 2073 3731 2073 3728 2073 3635 5156 3625 5156 3621 5156 3633 5238 3635 5238 3621 5238 3647 5239 3635 5239 3633 5239 3645 4860 3647 4860 3633 4860 3659 5240 3647 5240 3645 5240 3657 5160 3659 5160 3645 5160 3667 5241 3659 5241 3657 5241 3665 5162 3667 5162 3657 5162 3679 5242 3667 5242 3665 5242 3677 4785 3679 4785 3665 4785 3687 5243 3679 5243 3677 5243 3685 4787 3687 4787 3677 4787 3699 5244 3687 5244 3685 5244 3697 5245 3699 5245 3685 5245 3707 5246 3699 5246 3697 5246 3705 5170 3707 5170 3697 5170 3719 5247 3707 5247 3705 5247 3717 5172 3719 5172 3705 5172 3731 5248 3719 5248 3717 5248 3729 5174 3731 5174 3717 5174 3591 5249 3587 5249 3621 5249 3625 5175 3591 5175 3621 5175 3495 5250 3483 5250 3481 5250 3493 5177 3495 5177 3481 5177 3507 5251 3495 5251 3493 5251 3505 5179 3507 5179 3493 5179 3515 5252 3507 5252 3505 5252 3513 5253 3515 5253 3505 5253 3527 5254 3515 5254 3513 5254 3525 5255 3527 5255 3513 5255 3535 5256 3527 5256 3525 5256 3533 5257 3535 5257 3525 5257 3547 5258 3535 5258 3533 5258 3545 5259 3547 5259 3533 5259 3555 5260 3547 5260 3545 5260 3553 5261 3555 5261 3545 5261 3567 5262 3555 5262 3553 5262 3565 5191 3567 5191 3553 5191 3580 5192 3567 5192 3565 5192 3578 4893 3580 4893 3565 4893 3591 5263 3580 5263 3578 5263 3587 5264 3591 5264 3578 5264 3482 2117 3480 2117 3481 2117 3483 2117 3482 2117 3481 2117 3718 5265 3730 5265 3728 5265 3716 5266 3718 5266 3728 5266 3706 5267 3718 5267 3716 5267 3704 5268 3706 5268 3716 5268 3698 5269 3706 5269 3704 5269 3696 5270 3698 5270 3704 5270 3686 5271 3698 5271 3696 5271 3684 5203 3686 5203 3696 5203 3678 5272 3686 5272 3684 5272 3676 4764 3678 4764 3684 4764 3666 5273 3678 5273 3676 5273 3664 5274 3666 5274 3676 5274 3658 5275 3666 5275 3664 5275 3656 5209 3658 5209 3664 5209 3646 5276 3658 5276 3656 5276 3644 5277 3646 5277 3656 5277 3634 5212 3646 5212 3644 5212 3632 5213 3634 5213 3644 5213 3624 5278 3634 5278 3632 5278 3620 5215 3624 5215 3632 5215 3579 5279 3590 5279 3586 5279 3577 5280 3579 5280 3586 5280 3566 5218 3579 5218 3577 5218 3564 5281 3566 5281 3577 5281 3554 5282 3566 5282 3564 5282 3552 5283 3554 5283 3564 5283 3546 5284 3554 5284 3552 5284 3544 5285 3546 5285 3552 5285 3534 5286 3546 5286 3544 5286 3532 5287 3534 5287 3544 5287 3526 5288 3534 5288 3532 5288 3524 5289 3526 5289 3532 5289 3514 5290 3526 5290 3524 5290 3512 5291 3514 5291 3524 5291 3506 5292 3514 5292 3512 5292 3504 5293 3506 5293 3512 5293 3494 5294 3506 5294 3504 5294 3492 5295 3494 5295 3504 5295 3482 5296 3494 5296 3492 5296 3480 5297 3482 5297 3492 5297 3624 5298 3620 5298 3586 5298 3590 5299 3624 5299 3586 5299 3842 5300 3818 5300 3844 5300 3818 5301 3842 5301 3819 5301 3811 5302 3818 5302 3819 5302 3810 5107 3818 5107 3811 5107 3803 5303 3810 5303 3811 5303 3802 5304 3810 5304 3803 5304 3795 5305 3802 5305 3803 5305 3794 5306 3802 5306 3795 5306 3784 5307 3794 5307 3795 5307 3782 5308 3794 5308 3784 5308 4046 5309 4071 5309 4048 5309 4071 5310 4046 5310 4070 5310 4078 5311 4071 5311 4070 5311 4079 5312 4071 5312 4078 5312 4086 5313 4079 5313 4078 5313 4087 5314 4079 5314 4086 5314 4095 5315 4087 5315 4086 5315 4096 5316 4087 5316 4095 5316 4103 5317 4096 5317 4095 5317 4105 5318 4096 5318 4103 5318 3844 5319 3888 5319 3896 5319 3908 5320 3844 5320 3896 5320 3920 5038 3844 5038 3908 5038 3990 5321 4046 5321 3968 5321 3844 5322 3920 5322 3928 5322 3943 5323 3844 5323 3928 5323 4046 5324 3844 5324 3943 5324 3956 5325 4046 5325 3943 5325 3968 4900 4046 4900 3956 4900 4046 5326 3990 5326 3998 5326 4010 5327 4046 5327 3998 5327 4070 5328 4046 5328 4010 5328 4018 5329 4070 5329 4010 5329 4078 5330 4070 5330 4018 5330 4030 5331 4078 5331 4018 5331 4086 5332 4078 5332 4030 5332 4038 5333 4086 5333 4030 5333 4095 5334 4086 5334 4038 5334 4050 5335 4095 5335 4038 5335 4103 5336 4095 5336 4050 5336 4062 5337 4103 5337 4050 5337 4104 4918 4103 4918 4062 4918 4063 4919 4104 4919 4062 4919 4099 5338 4104 5338 4063 5338 4051 5339 4099 5339 4063 5339 4090 5340 4099 5340 4051 5340 4039 5341 4090 5341 4051 5341 4082 5342 4090 5342 4039 5342 4031 5058 4082 5058 4039 5058 4074 5059 4082 5059 4031 5059 4019 5343 4074 5343 4031 5343 4058 5344 4074 5344 4019 5344 4011 5345 4058 5345 4019 5345 4026 5346 4058 5346 4011 5346 3999 5347 4026 5347 4011 5347 4006 5348 4026 5348 3999 5348 3991 5349 4006 5349 3999 5349 3976 5350 4006 5350 3991 5350 3969 5351 3976 5351 3991 5351 3964 5352 3976 5352 3969 5352 3957 5353 3964 5353 3969 5353 3945 5354 3964 5354 3957 5354 3944 5355 3945 5355 3957 5355 3930 5356 3945 5356 3944 5356 3929 5357 3930 5357 3944 5357 3916 5358 3930 5358 3929 5358 3921 5359 3916 5359 3929 5359 3904 5360 3916 5360 3921 5360 3909 5361 3904 5361 3921 5361 3883 5362 3904 5362 3909 5362 3897 5363 3883 5363 3909 5363 3862 5364 3883 5364 3897 5364 3889 5365 3862 5365 3897 5365 3830 5366 3862 5366 3889 5366 3876 5367 3830 5367 3889 5367 3814 5368 3830 5368 3876 5368 3867 5369 3814 5369 3876 5369 3806 5370 3814 5370 3867 5370 3855 5086 3806 5086 3867 5086 3798 5371 3806 5371 3855 5371 3847 5372 3798 5372 3855 5372 3790 4958 3798 4958 3847 4958 3835 5373 3790 5373 3847 5373 3783 5374 3790 5374 3835 5374 3823 5375 3783 5375 3835 5375 3782 4919 3783 4919 3823 4919 3822 4918 3782 4918 3823 4918 3794 4964 3782 4964 3822 4964 3834 5376 3794 5376 3822 5376 3802 5377 3794 5377 3834 5377 3846 5378 3802 5378 3834 5378 3810 5379 3802 5379 3846 5379 3854 5380 3810 5380 3846 5380 3818 5381 3810 5381 3854 5381 3866 5382 3818 5382 3854 5382 3844 5383 3818 5383 3866 5383 3875 5384 3844 5384 3866 5384 3888 5385 3844 5385 3875 5385 3785 2073 3783 2073 3782 2073 3784 2073 3785 2073 3782 2073 3791 5386 3783 5386 3785 5386 3790 4996 3783 4996 3791 4996 3799 5387 3790 5387 3791 5387 3798 5388 3790 5388 3799 5388 3807 5389 3798 5389 3799 5389 3806 5390 3798 5390 3807 5390 3815 5391 3806 5391 3807 5391 3814 5392 3806 5392 3815 5392 3831 5393 3814 5393 3815 5393 3830 5394 3814 5394 3831 5394 3863 5395 3830 5395 3831 5395 3862 5396 3830 5396 3863 5396 3884 5397 3862 5397 3863 5397 3883 5398 3862 5398 3884 5398 3905 5399 3883 5399 3884 5399 3904 5400 3883 5400 3905 5400 3917 5401 3904 5401 3905 5401 3916 5402 3904 5402 3917 5402 3931 5403 3916 5403 3917 5403 3930 5404 3916 5404 3931 5404 3946 5139 3945 5139 3930 5139 3931 5405 3946 5405 3930 5405 3965 5406 3945 5406 3946 5406 3964 5407 3945 5407 3965 5407 3977 5408 3964 5408 3965 5408 3976 5409 3964 5409 3977 5409 4007 5410 3976 5410 3977 5410 4006 5411 3976 5411 4007 5411 4027 5412 4006 5412 4007 5412 4026 5413 4006 5413 4027 5413 4059 5414 4026 5414 4027 5414 4058 5415 4026 5415 4059 5415 4075 5416 4058 5416 4059 5416 4074 5417 4058 5417 4075 5417 4083 5418 4074 5418 4075 5418 4082 5419 4074 5419 4083 5419 4091 5420 4082 5420 4083 5420 4090 5152 4082 5152 4091 5152 4100 5421 4090 5421 4091 5421 4099 5033 4090 5033 4100 5033 4106 5422 4099 5422 4100 5422 4104 5423 4099 5423 4106 5423 4105 2117 4103 2117 4104 2117 4106 2117 4105 2117 4104 2117 3500 5424 3476 5424 3502 5424 3476 5301 3500 5301 3477 5301 3469 5425 3476 5425 3477 5425 3468 5107 3476 5107 3469 5107 3461 5426 3468 5426 3469 5426 3460 5304 3468 5304 3461 5304 3453 5427 3460 5427 3461 5427 3452 5306 3460 5306 3453 5306 3442 5428 3452 5428 3453 5428 3440 5308 3452 5308 3442 5308 3712 5429 3737 5429 3714 5429 3737 5430 3712 5430 3736 5430 3744 5431 3737 5431 3736 5431 3745 5432 3737 5432 3744 5432 3753 5433 3745 5433 3744 5433 3754 5314 3745 5314 3753 5314 3762 5434 3754 5434 3753 5434 3763 5316 3754 5316 3762 5316 3770 5435 3763 5435 3762 5435 3772 5318 3763 5318 3770 5318 3656 5436 3712 5436 3644 5436 3502 5437 3544 5437 3552 5437 3564 5320 3502 5320 3552 5320 3577 5038 3502 5038 3564 5038 3502 5438 3577 5438 3586 5438 3620 5041 3502 5041 3586 5041 3712 5324 3502 5324 3620 5324 3632 5325 3712 5325 3620 5325 3644 5439 3712 5439 3632 5439 3712 5440 3656 5440 3664 5440 3676 5044 3712 5044 3664 5044 3736 5441 3712 5441 3676 5441 3684 5442 3736 5442 3676 5442 3744 5330 3736 5330 3684 5330 3696 5443 3744 5443 3684 5443 3753 5332 3744 5332 3696 5332 3704 5444 3753 5444 3696 5444 3762 5445 3753 5445 3704 5445 3716 5446 3762 5446 3704 5446 3770 5447 3762 5447 3716 5447 3728 5337 3770 5337 3716 5337 3771 4918 3770 4918 3728 4918 3729 4919 3771 4919 3728 4919 3766 5338 3771 5338 3729 5338 3717 5339 3766 5339 3729 5339 3757 5055 3766 5055 3717 5055 3705 5341 3757 5341 3717 5341 3749 5448 3757 5448 3705 5448 3697 5449 3749 5449 3705 5449 3740 5450 3749 5450 3697 5450 3685 5343 3740 5343 3697 5343 3724 5451 3740 5451 3685 5451 3677 5062 3724 5062 3685 5062 3692 5452 3724 5452 3677 5452 3665 5064 3692 5064 3677 5064 3672 5453 3692 5453 3665 5453 3657 5454 3672 5454 3665 5454 3652 5455 3672 5455 3657 5455 3645 5351 3652 5351 3657 5351 3640 5352 3652 5352 3645 5352 3633 5353 3640 5353 3645 5353 3622 5456 3640 5456 3633 5456 3621 5457 3622 5457 3633 5457 3588 5356 3622 5356 3621 5356 3587 5357 3588 5357 3621 5357 3572 5358 3588 5358 3587 5358 3578 5458 3572 5458 3587 5458 3560 5459 3572 5459 3578 5459 3565 5361 3560 5361 3578 5361 3540 5460 3560 5460 3565 5460 3553 5363 3540 5363 3565 5363 3520 5364 3540 5364 3553 5364 3545 5461 3520 5461 3553 5461 3488 5366 3520 5366 3545 5366 3533 5367 3488 5367 3545 5367 3472 4952 3488 4952 3533 4952 3525 5462 3472 5462 3533 5462 3464 5370 3472 5370 3525 5370 3513 5463 3464 5463 3525 5463 3456 5464 3464 5464 3513 5464 3505 5465 3456 5465 3513 5465 3448 5466 3456 5466 3505 5466 3493 5467 3448 5467 3505 5467 3441 5468 3448 5468 3493 5468 3481 5375 3441 5375 3493 5375 3440 4919 3441 4919 3481 4919 3480 4918 3440 4918 3481 4918 3452 5469 3440 5469 3480 5469 3492 5470 3452 5470 3480 5470 3460 5471 3452 5471 3492 5471 3504 5472 3460 5472 3492 5472 3468 5473 3460 5473 3504 5473 3512 5098 3468 5098 3504 5098 3476 5381 3468 5381 3512 5381 3524 5382 3476 5382 3512 5382 3502 5474 3476 5474 3524 5474 3532 5475 3502 5475 3524 5475 3544 5476 3502 5476 3532 5476 3443 2073 3441 2073 3440 2073 3442 2073 3443 2073 3440 2073 3449 5477 3441 5477 3443 5477 3448 4996 3441 4996 3449 4996 3457 5478 3448 5478 3449 5478 3456 5479 3448 5479 3457 5479 3465 5480 3456 5480 3457 5480 3464 5481 3456 5481 3465 5481 3473 5482 3464 5482 3465 5482 3472 5392 3464 5392 3473 5392 3489 5483 3472 5483 3473 5483 3488 5484 3472 5484 3489 5484 3521 5485 3488 5485 3489 5485 3520 5396 3488 5396 3521 5396 3541 5486 3520 5486 3521 5486 3540 5398 3520 5398 3541 5398 3561 5487 3540 5487 3541 5487 3560 5010 3540 5010 3561 5010 3573 5488 3560 5488 3561 5488 3572 5402 3560 5402 3573 5402 3589 5403 3572 5403 3573 5403 3588 5404 3572 5404 3589 5404 3623 5139 3622 5139 3588 5139 3589 5405 3623 5405 3588 5405 3641 5406 3622 5406 3623 5406 3640 5407 3622 5407 3641 5407 3653 5489 3640 5489 3641 5489 3652 5143 3640 5143 3653 5143 3673 5490 3652 5490 3653 5490 3672 5021 3652 5021 3673 5021 3693 5491 3672 5491 3673 5491 3692 5492 3672 5492 3693 5492 3725 5493 3692 5493 3693 5493 3724 5494 3692 5494 3725 5494 3741 5495 3724 5495 3725 5495 3740 5496 3724 5496 3741 5496 3750 5497 3740 5497 3741 5497 3749 5498 3740 5498 3750 5498 3758 5499 3749 5499 3750 5499 3757 5500 3749 5500 3758 5500 3767 5501 3757 5501 3758 5501 3766 5502 3757 5502 3767 5502 3773 5503 3766 5503 3767 5503 3771 5423 3766 5423 3773 5423 3772 5504 3770 5504 3771 5504 3773 2117 3772 2117 3771 2117 5706 3544 5700 3544 6214 3544 6221 3545 5706 3545 6214 3545 5714 5505 5706 5505 6221 5505 6239 5506 5714 5506 6221 5506 5722 5507 5714 5507 6239 5507 6247 5508 5722 5508 6239 5508 5729 5509 5722 5509 6247 5509 6251 5510 5729 5510 6247 5510 5735 5511 5729 5511 6251 5511 6259 5512 5735 5512 6251 5512 5744 5513 5735 5513 6259 5513 6263 5514 5744 5514 6259 5514 5750 5515 5744 5515 6263 5515 6271 5516 5750 5516 6263 5516 5758 5517 5750 5517 6271 5517 6275 5518 5758 5518 6271 5518 5765 5519 5758 5519 6275 5519 6279 5520 5765 5520 6275 5520 5769 5521 5765 5521 6279 5521 6283 5522 5769 5522 6279 5522 5651 5523 6196 5523 6214 5523 5700 27 5651 27 6214 27 5584 5524 5578 5524 6119 5524 6127 3565 5584 3565 6119 3565 5590 5525 5584 5525 6127 5525 6131 5526 5590 5526 6127 5526 5597 3568 5590 3568 6131 3568 6135 5527 5597 5527 6131 5527 5603 5528 5597 5528 6135 5528 6143 5529 5603 5529 6135 5529 5610 5530 5603 5530 6143 5530 6155 5531 5610 5531 6143 5531 5616 5532 5610 5532 6155 5532 6169 5533 5616 5533 6155 5533 5627 5534 5616 5534 6169 5534 6173 5535 5627 5535 6169 5535 5636 5536 5627 5536 6173 5536 6181 5537 5636 5537 6173 5537 5643 5538 5636 5538 6181 5538 6189 5539 5643 5539 6181 5539 5651 3582 5643 3582 6189 3582 6196 3583 5651 3583 6189 3583 5577 3584 6118 3584 6119 3584 5578 5540 5577 5540 6119 5540 5642 5541 5650 5541 6195 5541 6188 5542 5642 5542 6195 5542 5635 5543 5642 5543 6188 5543 6180 5544 5635 5544 6188 5544 5626 5545 5635 5545 6180 5545 6172 5546 5626 5546 6180 5546 5615 5547 5626 5547 6172 5547 6168 5548 5615 5548 6172 5548 5609 5549 5615 5549 6168 5549 6154 5550 5609 5550 6168 5550 5602 5551 5609 5551 6154 5551 6142 5552 5602 5552 6154 5552 5596 5553 5602 5553 6142 5553 6134 3598 5596 3598 6142 3598 5589 5554 5596 5554 6134 5554 6130 5555 5589 5555 6134 5555 5583 5556 5589 5556 6130 5556 6126 5557 5583 5557 6130 5557 5577 5558 5583 5558 6126 5558 6118 5559 5577 5559 6126 5559 5699 5560 6213 5560 6195 5560 5650 71 5699 71 6195 71 5764 5561 5768 5561 6282 5561 6278 5562 5764 5562 6282 5562 5757 5563 5764 5563 6278 5563 6274 5564 5757 5564 6278 5564 5749 5565 5757 5565 6274 5565 6270 5566 5749 5566 6274 5566 5743 3528 5749 3528 6270 3528 6262 5567 5743 5567 6270 5567 5734 3530 5743 3530 6262 3530 6258 5568 5734 5568 6262 5568 5728 5569 5734 5569 6258 5569 6250 5570 5728 5570 6258 5570 5721 3534 5728 3534 6250 3534 6246 5571 5721 5571 6250 5571 5713 5572 5721 5572 6246 5572 6238 5573 5713 5573 6246 5573 5705 5574 5713 5574 6238 5574 6220 5575 5705 5575 6238 5575 5699 5576 5705 5576 6220 5576 6213 5577 5699 5577 6220 5577 5769 5578 6283 5578 6282 5578 5768 5579 5769 5579 6282 5579 6287 5580 6089 5580 6106 5580 6089 5581 6287 5581 6267 5581 6255 5582 6089 5582 6267 5582 6075 5583 6089 5583 6255 5583 6243 5584 6075 5584 6255 5584 6069 5585 6075 5585 6243 5585 6225 5586 6069 5586 6243 5586 6061 5587 6069 5587 6225 5587 6215 5588 6061 5588 6225 5588 6055 5589 6061 5589 6215 5589 6105 5590 6266 5590 6286 5590 6266 5591 6105 5591 6088 5591 6074 3694 6266 3694 6088 3694 6254 5592 6266 5592 6074 5592 6068 5593 6254 5593 6074 5593 6242 5594 6254 5594 6068 5594 6060 5595 6242 5595 6068 5595 6224 3699 6242 3699 6060 3699 6054 3700 6224 3700 6060 3700 6212 3701 6224 3701 6054 3701 6270 5596 6274 5596 6286 5596 6262 5597 6270 5597 6286 5597 6287 5598 6279 5598 6275 5598 6271 5599 6287 5599 6275 5599 6286 5600 6274 5600 6278 5600 6282 5601 6286 5601 6278 5601 6287 5602 6286 5602 6282 5602 6283 5603 6287 5603 6282 5603 6279 5604 6287 5604 6283 5604 6287 5605 6271 5605 6263 5605 6259 5606 6287 5606 6263 5606 6267 5607 6287 5607 6259 5607 6251 5608 6267 5608 6259 5608 6255 5609 6267 5609 6251 5609 6247 5610 6255 5610 6251 5610 6243 5611 6255 5611 6247 5611 6239 5612 6243 5612 6247 5612 6225 5613 6243 5613 6239 5613 6221 5614 6225 5614 6239 5614 6215 5615 6225 5615 6221 5615 6214 5616 6215 5616 6221 5616 6197 5617 6215 5617 6214 5617 6196 5618 6197 5618 6214 5618 6185 5619 6197 5619 6196 5619 6189 5620 6185 5620 6196 5620 6177 5621 6185 5621 6189 5621 6181 5622 6177 5622 6189 5622 6163 5623 6177 5623 6181 5623 6173 5624 6163 5624 6181 5624 6139 5625 6163 5625 6173 5625 6169 5626 6139 5626 6173 5626 6123 5627 6139 5627 6169 5627 6155 5628 6123 5628 6169 5628 6115 5629 6123 5629 6155 5629 6143 5630 6115 5630 6155 5630 6099 5631 6115 5631 6143 5631 6135 5632 6099 5632 6143 5632 6095 5633 6099 5633 6135 5633 6131 5634 6095 5634 6135 5634 6085 5635 6095 5635 6131 5635 6127 5636 6085 5636 6131 5636 6081 5637 6085 5637 6127 5637 6119 5638 6081 5638 6127 5638 6080 5639 6081 5639 6119 5639 6118 5640 6080 5640 6119 5640 6084 5641 6080 5641 6118 5641 6126 5642 6084 5642 6118 5642 6094 5643 6084 5643 6126 5643 6130 5644 6094 5644 6126 5644 6098 5645 6094 5645 6130 5645 6134 5646 6098 5646 6130 5646 6114 5647 6098 5647 6134 5647 6142 5648 6114 5648 6134 5648 6122 5649 6114 5649 6142 5649 6154 5650 6122 5650 6142 5650 6138 5651 6122 5651 6154 5651 6168 5652 6138 5652 6154 5652 6162 3663 6138 3663 6168 3663 6172 5653 6162 5653 6168 5653 6176 5654 6162 5654 6172 5654 6180 5655 6176 5655 6172 5655 6184 5656 6176 5656 6180 5656 6188 5657 6184 5657 6180 5657 6194 5658 6184 5658 6188 5658 6195 3670 6194 3670 6188 3670 6212 5618 6194 5618 6195 5618 6213 5659 6212 5659 6195 5659 6224 3671 6212 3671 6213 3671 6220 5660 6224 5660 6213 5660 6242 5661 6224 5661 6220 5661 6238 5662 6242 5662 6220 5662 6254 5663 6242 5663 6238 5663 6246 5664 6254 5664 6238 5664 6266 5665 6254 5665 6246 5665 6250 5666 6266 5666 6246 5666 6286 5667 6266 5667 6250 5667 6258 5668 6286 5668 6250 5668 6262 5669 6286 5669 6258 5669 5981 3724 6081 3724 5975 3724 6085 5670 6081 5670 5981 5670 5985 5671 6085 5671 5981 5671 6095 5672 6085 5672 5985 5672 5989 5673 6095 5673 5985 5673 6099 5674 6095 5674 5989 5674 5995 5675 6099 5675 5989 5675 6115 5676 6099 5676 5995 5676 6001 5677 6115 5677 5995 5677 6123 3733 6115 3733 6001 3733 6007 5678 6123 5678 6001 5678 6139 5679 6123 5679 6007 5679 6011 5680 6139 5680 6007 5680 6163 5681 6139 5681 6011 5681 6017 3738 6163 3738 6011 3738 6177 5682 6163 5682 6017 5682 6023 3740 6177 3740 6017 3740 6185 5683 6177 5683 6023 5683 6029 5684 6185 5684 6023 5684 6197 5685 6185 5685 6029 5685 6055 71 6215 71 6197 71 6029 71 6055 71 6197 71 6028 5686 6194 5686 6212 5686 6054 5687 6028 5687 6212 5687 6022 5688 6194 5688 6028 5688 6184 3703 6194 3703 6022 3703 6016 5689 6184 5689 6022 5689 6176 5690 6184 5690 6016 5690 6010 3706 6176 3706 6016 3706 6162 5691 6176 5691 6010 5691 6006 3708 6162 3708 6010 3708 6138 5692 6162 5692 6006 5692 6000 5693 6138 5693 6006 5693 6122 5694 6138 5694 6000 5694 5994 5695 6122 5695 6000 5695 6114 5696 6122 5696 5994 5696 5988 3714 6114 3714 5994 3714 6098 5697 6114 5697 5988 5697 5984 5698 6098 5698 5988 5698 6094 5699 6098 5699 5984 5699 5980 5700 6094 5700 5984 5700 6084 5701 6094 5701 5980 5701 5974 5702 6084 5702 5980 5702 6080 5703 6084 5703 5974 5703 5975 5704 6081 5704 6080 5704 5974 5704 5975 5704 6080 5704 6205 2073 6204 2073 6202 2073 6203 2073 6205 2073 6202 2073 6203 27 6202 27 6486 27 6487 27 6203 27 6486 27 6231 27 6203 27 6487 27 6489 71 6488 71 6204 71 6205 71 6489 71 6204 71 6232 71 6489 71 6205 71 743 5705 737 5705 225 5705 229 5706 743 5706 225 5706 750 5707 743 5707 229 5707 233 5708 750 5708 229 5708 758 5709 750 5709 233 5709 237 5710 758 5710 233 5710 764 5711 758 5711 237 5711 245 5712 764 5712 237 5712 773 5713 764 5713 245 5713 249 5714 773 5714 245 5714 779 5715 773 5715 249 5715 257 5716 779 5716 249 5716 786 5717 779 5717 257 5717 261 5718 786 5718 257 5718 794 5719 786 5719 261 5719 269 5720 794 5720 261 5720 801 5721 794 5721 269 5721 287 5722 801 5722 269 5722 808 5723 801 5723 287 5723 292 5724 808 5724 287 5724 224 5725 225 5725 737 5725 736 5726 224 5726 737 5726 800 5727 807 5727 291 5727 286 5728 800 5728 291 5728 793 5729 800 5729 286 5729 268 5730 793 5730 286 5730 785 5731 793 5731 268 5731 260 5732 785 5732 268 5732 778 5733 785 5733 260 5733 256 5734 778 5734 260 5734 772 5735 778 5735 256 5735 248 5736 772 5736 256 5736 763 5737 772 5737 248 5737 244 5738 763 5738 248 5738 757 5739 763 5739 244 5739 236 5740 757 5740 244 5740 749 5741 757 5741 236 5741 232 5742 749 5742 236 5742 742 5743 749 5743 232 5743 228 5744 742 5744 232 5744 736 5745 742 5745 228 5745 224 5746 736 5746 228 5746 309 71 291 71 807 71 856 71 309 71 807 71 923 5747 927 5747 388 5747 380 5748 923 5748 388 5748 917 5749 923 5749 380 5749 376 5750 917 5750 380 5750 910 5751 917 5751 376 5751 372 5752 910 5752 376 5752 904 5753 910 5753 372 5753 364 5754 904 5754 372 5754 897 5755 904 5755 364 5755 352 5756 897 5756 364 5756 891 5757 897 5757 352 5757 338 5758 891 5758 352 5758 880 5759 891 5759 338 5759 334 5760 880 5760 338 5760 871 5761 880 5761 334 5761 326 5762 871 5762 334 5762 864 5763 871 5763 326 5763 318 5764 864 5764 326 5764 856 5765 864 5765 318 5765 309 5766 856 5766 318 5766 389 5767 388 5767 927 5767 928 5768 389 5768 927 5768 865 5769 857 5769 310 5769 319 5770 865 5770 310 5770 872 5771 865 5771 319 5771 327 5772 872 5772 319 5772 881 5773 872 5773 327 5773 335 5774 881 5774 327 5774 892 5775 881 5775 335 5775 339 5776 892 5776 335 5776 898 5777 892 5777 339 5777 353 5778 898 5778 339 5778 905 5779 898 5779 353 5779 365 5780 905 5780 353 5780 911 5781 905 5781 365 5781 373 5782 911 5782 365 5782 918 5783 911 5783 373 5783 377 5784 918 5784 373 5784 924 5785 918 5785 377 5785 381 5786 924 5786 377 5786 928 5787 924 5787 381 5787 389 5788 928 5788 381 5788 292 27 310 27 857 27 808 27 292 27 857 27 221 5789 229 5789 225 5789 224 5790 221 5790 225 5790 220 5791 221 5791 224 5791 220 5792 224 5792 228 5792 232 5793 220 5793 228 5793 236 5794 220 5794 232 5794 221 5795 245 5795 237 5795 233 5796 221 5796 237 5796 229 5797 221 5797 233 5797 220 5798 236 5798 244 5798 248 5799 220 5799 244 5799 240 5800 220 5800 248 5800 256 5801 240 5801 248 5801 252 5802 240 5802 256 5802 260 5803 252 5803 256 5803 264 5804 252 5804 260 5804 268 5805 264 5805 260 5805 282 5806 264 5806 268 5806 286 5807 282 5807 268 5807 290 5808 282 5808 286 5808 291 5809 290 5809 286 5809 308 5810 290 5810 291 5810 309 5811 308 5811 291 5811 322 5812 308 5812 309 5812 318 5813 322 5813 309 5813 330 5814 322 5814 318 5814 326 5815 330 5815 318 5815 344 5816 330 5816 326 5816 334 5817 344 5817 326 5817 368 5818 344 5818 334 5818 338 5819 368 5819 334 5819 384 5820 368 5820 338 5820 352 5821 384 5821 338 5821 392 5822 384 5822 352 5822 364 5823 392 5823 352 5823 408 5824 392 5824 364 5824 372 5825 408 5825 364 5825 412 5826 408 5826 372 5826 376 5827 412 5827 372 5827 422 5828 412 5828 376 5828 380 5829 422 5829 376 5829 426 5830 422 5830 380 5830 388 5831 426 5831 380 5831 427 5832 426 5832 388 5832 389 5833 427 5833 388 5833 423 5834 427 5834 389 5834 381 5835 423 5835 389 5835 413 5836 423 5836 381 5836 377 5837 413 5837 381 5837 409 5838 413 5838 377 5838 373 5839 409 5839 377 5839 393 5840 409 5840 373 5840 365 5841 393 5841 373 5841 385 5842 393 5842 365 5842 353 5843 385 5843 365 5843 369 5844 385 5844 353 5844 339 5845 369 5845 353 5845 345 5846 369 5846 339 5846 335 5847 345 5847 339 5847 331 5848 345 5848 335 5848 327 5849 331 5849 335 5849 323 5850 331 5850 327 5850 319 5851 323 5851 327 5851 311 5852 323 5852 319 5852 310 5853 311 5853 319 5853 293 5854 311 5854 310 5854 292 5810 293 5810 310 5810 283 5855 293 5855 292 5855 287 5856 283 5856 292 5856 265 5857 283 5857 287 5857 269 5858 265 5858 287 5858 253 5859 265 5859 269 5859 261 5860 253 5860 269 5860 241 5861 253 5861 261 5861 257 5862 241 5862 261 5862 221 5863 241 5863 257 5863 249 5864 221 5864 257 5864 245 5865 221 5865 249 5865 220 5866 418 5866 399 5866 418 5867 220 5867 240 5867 252 5868 418 5868 240 5868 432 5869 418 5869 252 5869 264 5870 432 5870 252 5870 438 5871 432 5871 264 5871 282 5872 438 5872 264 5872 446 5873 438 5873 282 5873 290 5874 446 5874 282 5874 452 5875 446 5875 290 5875 400 5876 241 5876 221 5876 241 5877 400 5877 419 5877 433 5878 241 5878 419 5878 253 5879 241 5879 433 5879 439 5880 253 5880 433 5880 265 5881 253 5881 439 5881 447 5882 265 5882 439 5882 283 5883 265 5883 447 5883 453 5884 283 5884 447 5884 293 5885 283 5885 453 5885 485 5886 311 5886 479 5886 323 5887 311 5887 485 5887 491 5888 323 5888 485 5888 331 5889 323 5889 491 5889 497 5890 331 5890 491 5890 345 5891 331 5891 497 5891 501 5892 345 5892 497 5892 369 5893 345 5893 501 5893 507 5894 369 5894 501 5894 385 5895 369 5895 507 5895 513 5896 385 5896 507 5896 393 5897 385 5897 513 5897 519 5898 393 5898 513 5898 409 5899 393 5899 519 5899 523 5900 409 5900 519 5900 413 5901 409 5901 523 5901 527 5902 413 5902 523 5902 423 5903 413 5903 527 5903 533 5904 423 5904 527 5904 427 5905 423 5905 533 5905 532 5906 426 5906 427 5906 533 5907 532 5907 427 5907 526 5908 426 5908 532 5908 422 5909 426 5909 526 5909 522 5910 422 5910 526 5910 412 5911 422 5911 522 5911 518 5912 412 5912 522 5912 408 5913 412 5913 518 5913 512 5914 408 5914 518 5914 392 5915 408 5915 512 5915 506 5916 392 5916 512 5916 384 5917 392 5917 506 5917 500 5918 384 5918 506 5918 368 5919 384 5919 500 5919 496 5920 368 5920 500 5920 344 5921 368 5921 496 5921 490 5922 344 5922 496 5922 330 5923 344 5923 490 5923 484 5924 330 5924 490 5924 322 5925 330 5925 484 5925 478 5926 322 5926 484 5926 308 5927 322 5927 478 5927 452 27 290 27 308 27 478 27 452 27 308 27 479 71 311 71 293 71 453 71 479 71 293 71 303 71 302 71 18 71 19 71 303 71 18 71 276 71 303 71 19 71 303 2117 301 2117 300 2117 302 2117 303 2117 300 2117 17 27 16 27 300 27 301 27 17 27 300 27 275 27 17 27 301 27 858 5928 313 5928 295 5928 809 71 858 71 295 71 925 5929 931 5929 390 5929 382 5930 925 5930 390 5930 919 5931 925 5931 382 5931 378 5932 919 5932 382 5932 912 5933 919 5933 378 5933 374 5934 912 5934 378 5934 906 5935 912 5935 374 5935 366 5754 906 5754 374 5754 899 5755 906 5755 366 5755 354 5936 899 5936 366 5936 893 5937 899 5937 354 5937 340 5938 893 5938 354 5938 882 5939 893 5939 340 5939 336 5940 882 5940 340 5940 873 5941 882 5941 336 5941 328 5942 873 5942 336 5942 866 5943 873 5943 328 5943 320 5944 866 5944 328 5944 858 5945 866 5945 320 5945 313 5946 858 5946 320 5946 932 5947 391 5947 390 5947 931 5948 932 5948 390 5948 867 5769 859 5769 314 5769 321 5949 867 5949 314 5949 874 5950 867 5950 321 5950 329 5951 874 5951 321 5951 883 5952 874 5952 329 5952 337 5953 883 5953 329 5953 894 5954 883 5954 337 5954 341 5776 894 5776 337 5776 900 5777 894 5777 341 5777 355 5955 900 5955 341 5955 907 5956 900 5956 355 5956 367 5957 907 5957 355 5957 913 5958 907 5958 367 5958 375 5959 913 5959 367 5959 920 5960 913 5960 375 5960 379 5961 920 5961 375 5961 926 5962 920 5962 379 5962 383 5963 926 5963 379 5963 932 5964 926 5964 383 5964 391 5965 932 5965 383 5965 810 27 296 27 314 27 859 5966 810 5966 314 5966 802 5967 809 5967 295 5967 288 5968 802 5968 295 5968 795 5969 802 5969 288 5969 270 5970 795 5970 288 5970 787 5971 795 5971 270 5971 262 5972 787 5972 270 5972 780 5973 787 5973 262 5973 258 5974 780 5974 262 5974 774 5975 780 5975 258 5975 250 5976 774 5976 258 5976 765 5977 774 5977 250 5977 246 5978 765 5978 250 5978 759 5739 765 5739 246 5739 238 5979 759 5979 246 5979 751 5980 759 5980 238 5980 234 5981 751 5981 238 5981 744 5982 751 5982 234 5982 230 5983 744 5983 234 5983 740 5984 744 5984 230 5984 226 5985 740 5985 230 5985 745 5986 741 5986 227 5986 231 5987 745 5987 227 5987 752 5988 745 5988 231 5988 235 5989 752 5989 231 5989 760 5990 752 5990 235 5990 239 5991 760 5991 235 5991 766 5992 760 5992 239 5992 247 5993 766 5993 239 5993 775 5994 766 5994 247 5994 251 5995 775 5995 247 5995 781 5996 775 5996 251 5996 259 5997 781 5997 251 5997 788 5998 781 5998 259 5998 263 5718 788 5718 259 5718 796 5999 788 5999 263 5999 271 6000 796 6000 263 6000 803 6001 796 6001 271 6001 289 6002 803 6002 271 6002 810 6003 803 6003 289 6003 296 5724 810 5724 289 5724 740 6004 226 6004 227 6004 741 6004 740 6004 227 6004 222 6005 420 6005 403 6005 420 6006 222 6006 242 6006 254 6007 420 6007 242 6007 434 5869 420 5869 254 5869 266 6008 434 6008 254 6008 440 6009 434 6009 266 6009 284 6010 440 6010 266 6010 448 6011 440 6011 284 6011 294 6012 448 6012 284 6012 454 6013 448 6013 294 6013 404 6014 243 6014 223 6014 243 6015 404 6015 421 6015 435 6016 243 6016 421 6016 255 6017 243 6017 435 6017 441 6018 255 6018 435 6018 267 6019 255 6019 441 6019 449 6020 267 6020 441 6020 285 6021 267 6021 449 6021 455 6022 285 6022 449 6022 297 6023 285 6023 455 6023 227 6024 226 6024 222 6024 223 6025 227 6025 222 6025 231 6026 227 6026 223 6026 222 6027 226 6027 230 6027 234 6028 222 6028 230 6028 238 6029 222 6029 234 6029 223 6030 247 6030 239 6030 235 6031 223 6031 239 6031 231 6032 223 6032 235 6032 222 6033 238 6033 246 6033 250 6034 222 6034 246 6034 242 6035 222 6035 250 6035 258 6036 242 6036 250 6036 254 6037 242 6037 258 6037 262 6038 254 6038 258 6038 266 6039 254 6039 262 6039 270 6040 266 6040 262 6040 284 6041 266 6041 270 6041 288 5807 284 5807 270 5807 294 6042 284 6042 288 6042 295 6043 294 6043 288 6043 312 6044 294 6044 295 6044 313 6044 312 6044 295 6044 324 6045 312 6045 313 6045 320 6046 324 6046 313 6046 332 6047 324 6047 320 6047 328 6048 332 6048 320 6048 346 6049 332 6049 328 6049 336 6050 346 6050 328 6050 370 6051 346 6051 336 6051 340 6052 370 6052 336 6052 386 6053 370 6053 340 6053 354 6054 386 6054 340 6054 394 6055 386 6055 354 6055 366 6056 394 6056 354 6056 410 6057 394 6057 366 6057 374 6058 410 6058 366 6058 414 6059 410 6059 374 6059 378 6060 414 6060 374 6060 424 6061 414 6061 378 6061 382 6062 424 6062 378 6062 428 6063 424 6063 382 6063 390 6064 428 6064 382 6064 429 6065 428 6065 390 6065 391 5833 429 5833 390 5833 425 6066 429 6066 391 6066 383 6067 425 6067 391 6067 415 6068 425 6068 383 6068 379 6069 415 6069 383 6069 411 6070 415 6070 379 6070 375 6071 411 6071 379 6071 395 6072 411 6072 375 6072 367 6073 395 6073 375 6073 387 6074 395 6074 367 6074 355 6075 387 6075 367 6075 371 6076 387 6076 355 6076 341 6077 371 6077 355 6077 347 6078 371 6078 341 6078 337 6079 347 6079 341 6079 333 6080 347 6080 337 6080 329 6081 333 6081 337 6081 325 6082 333 6082 329 6082 321 6083 325 6083 329 6083 315 6084 325 6084 321 6084 314 6085 315 6085 321 6085 297 6044 315 6044 314 6044 296 6086 297 6086 314 6086 285 6087 297 6087 296 6087 289 6088 285 6088 296 6088 267 6089 285 6089 289 6089 271 6090 267 6090 289 6090 255 6091 267 6091 271 6091 263 6092 255 6092 271 6092 243 6093 255 6093 263 6093 259 6094 243 6094 263 6094 223 6095 243 6095 259 6095 251 6096 223 6096 259 6096 247 6097 223 6097 251 6097 528 6098 428 6098 534 6098 424 6099 428 6099 528 6099 524 6100 424 6100 528 6100 414 5911 424 5911 524 5911 520 6101 414 6101 524 6101 410 6102 414 6102 520 6102 514 6103 410 6103 520 6103 394 5915 410 5915 514 5915 508 6104 394 6104 514 6104 386 6105 394 6105 508 6105 502 6106 386 6106 508 6106 370 6107 386 6107 502 6107 498 6108 370 6108 502 6108 346 5921 370 5921 498 5921 492 6109 346 6109 498 6109 332 6110 346 6110 492 6110 486 5924 332 5924 492 5924 324 6111 332 6111 486 6111 480 6112 324 6112 486 6112 312 5927 324 5927 480 5927 454 27 294 27 312 27 480 27 454 27 312 27 481 6113 315 6113 297 6113 455 71 481 71 297 71 487 6114 315 6114 481 6114 325 6115 315 6115 487 6115 493 6116 325 6116 487 6116 333 5889 325 5889 493 5889 499 6117 333 6117 493 6117 347 6118 333 6118 499 6118 503 6119 347 6119 499 6119 371 6120 347 6120 503 6120 509 6121 371 6121 503 6121 387 6122 371 6122 509 6122 515 6123 387 6123 509 6123 395 6124 387 6124 515 6124 521 6125 395 6125 515 6125 411 6126 395 6126 521 6126 525 6127 411 6127 521 6127 415 6128 411 6128 525 6128 529 5902 415 5902 525 5902 425 6129 415 6129 529 6129 535 5904 425 5904 529 5904 429 6130 425 6130 535 6130 534 6131 428 6131 429 6131 535 6132 534 6132 429 6132 305 2117 304 2117 306 2117 307 2117 305 2117 306 2117 307 71 306 71 22 71 23 71 307 71 22 71 278 71 307 71 23 71 21 27 20 27 304 27 305 27 21 27 304 27 277 27 21 27 305 27 4150 2117 4145 2117 4144 2117 4151 2117 4150 2117 4144 2117 4125 2073 4118 2073 4119 2073 4124 2073 4125 2073 4119 2073 4123 2073 4120 2073 4121 2073 4122 2073 4123 2073 4121 2073 4146 2117 4149 2117 4148 2117 4147 2117 4146 2117 4148 2117 5512 27 6476 27 6477 27 6103 6133 5512 6133 6477 6133 6104 71 6481 71 6480 71 5513 71 6104 71 6480 71 6482 6134 6148 6134 6230 6134 6483 71 6482 71 6230 71 6147 27 6478 27 6479 27 6229 27 6147 27 6479 27 2337 2073 2334 2073 2335 2073 2336 2073 2337 2073 2335 2073 2360 2117 2363 2117 2362 2117 2361 2117 2360 2117 2362 2117 2364 2117 2359 2117 2358 2117 2365 2117 2364 2117 2358 2117 2339 2073 2332 2073 2333 2073 2338 2073 2339 2073 2333 2073 397 27 7 27 6 27 994 6135 397 6135 6 6135 995 71 10 71 11 71 398 6136 995 6136 11 6136 358 71 12 71 13 71 274 6137 358 6137 13 6137 8 6138 357 6138 273 6138 9 27 8 27 273 27 2345 2073 2344 2073 2340 2073 2341 2073 2345 2073 2340 2073 2367 2117 2366 2117 2370 2117 2371 2117 2367 2117 2370 2117 2368 2117 2372 2117 2373 2117 2369 2117 2368 2117 2373 2117 2346 2073 2342 2073 2343 2073 2347 2073 2346 2073 2343 2073 997 71 30 71 31 71 406 71 997 71 31 71 405 27 27 27 26 27 996 27 405 27 26 27 28 6139 361 6139 279 6139 29 27 28 27 279 27 362 71 32 71 33 71 280 71 362 71 33 71 350 6140 134 6140 359 6140 134 6141 44 6141 46 6141 44 6142 134 6142 350 6142 348 6143 44 6143 350 6143 42 6144 44 6144 348 6144 342 6145 42 6145 348 6145 40 6146 42 6146 342 6146 343 6147 41 6147 40 6147 342 6148 343 6148 40 6148 45 6149 135 6149 47 6149 135 6150 351 6150 360 6150 351 6151 135 6151 45 6151 43 6152 351 6152 45 6152 349 6153 351 6153 43 6153 41 6154 349 6154 43 6154 343 6155 349 6155 41 6155 45 6156 41 6156 43 6156 41 6157 45 6157 47 6157 46 6158 41 6158 47 6158 40 6159 41 6159 46 6159 44 6160 40 6160 46 6160 42 6161 40 6161 44 6161 25 6162 49 6162 48 6162 15 6163 25 6163 48 6163 49 27 25 27 24 27 53 27 49 27 24 27 51 6164 50 6164 48 6164 49 6165 51 6165 48 6165 52 6166 73 6166 71 6166 77 6167 73 6167 52 6167 52 6168 71 6168 69 6168 67 6169 52 6169 69 6169 66 6170 52 6170 67 6170 51 6171 66 6171 68 6171 70 6172 51 6172 68 6172 72 6173 51 6173 70 6173 52 6174 66 6174 51 6174 49 6175 52 6175 51 6175 53 6176 52 6176 49 6176 51 6177 72 6177 76 6177 78 6178 51 6178 76 6178 74 6179 51 6179 78 6179 94 6180 74 6180 78 6180 80 6181 74 6181 94 6181 98 6182 80 6182 94 6182 96 6183 80 6183 98 6183 100 6184 96 6184 98 6184 102 6185 96 6185 100 6185 104 6186 102 6186 100 6186 118 6187 102 6187 104 6187 119 6188 118 6188 104 6188 156 6189 118 6189 119 6189 157 6190 156 6190 119 6190 162 6191 156 6191 157 6191 160 6192 162 6192 157 6192 176 6193 162 6193 160 6193 172 6194 176 6194 160 6194 180 6195 176 6195 172 6195 174 6196 180 6196 172 6196 186 6197 180 6197 174 6197 178 6198 186 6198 174 6198 208 6199 186 6199 178 6199 182 6200 208 6200 178 6200 210 6201 208 6201 182 6201 184 6202 210 6202 182 6202 212 6203 210 6203 184 6203 188 6204 212 6204 184 6204 214 6205 212 6205 188 6205 190 6206 214 6206 188 6206 216 6207 214 6207 190 6207 192 6208 216 6208 190 6208 218 6209 216 6209 192 6209 206 6210 218 6210 192 6210 219 6211 218 6211 206 6211 207 6212 219 6212 206 6212 217 6213 219 6213 207 6213 193 6214 217 6214 207 6214 215 6215 217 6215 193 6215 191 6216 215 6216 193 6216 213 6217 215 6217 191 6217 189 6218 213 6218 191 6218 211 6219 213 6219 189 6219 185 6220 211 6220 189 6220 209 6221 211 6221 185 6221 183 6222 209 6222 185 6222 187 6223 209 6223 183 6223 179 6224 187 6224 183 6224 181 6225 187 6225 179 6225 175 6226 181 6226 179 6226 177 6227 181 6227 175 6227 173 6228 177 6228 175 6228 163 6229 177 6229 173 6229 161 6230 163 6230 173 6230 159 6231 163 6231 161 6231 158 6232 159 6232 161 6232 121 6233 159 6233 158 6233 120 6234 121 6234 158 6234 103 6235 121 6235 120 6235 105 6236 103 6236 120 6236 97 6237 103 6237 105 6237 101 6238 97 6238 105 6238 81 6239 97 6239 101 6239 99 6240 81 6240 101 6240 75 6241 81 6241 99 6241 95 6242 75 6242 99 6242 52 6243 75 6243 95 6243 79 6244 52 6244 95 6244 77 6245 52 6245 79 6245 14 71 15 71 48 71 50 71 14 71 48 71 2293 6246 2310 6246 2313 6246 1769 6247 1787 6247 1798 6247 2158 6248 2162 6248 2178 6248 2198 6249 2207 6249 2214 6249 1989 6250 2019 6250 2031 6250 2299 6251 2292 6251 2301 6251 2278 6252 2280 6252 2292 6252 2184 6253 2040 6253 2149 6253 2176 6254 2184 6254 2149 6254 2047 6255 2142 6255 2033 6255 2248 6256 2173 6256 2180 6256 1561 6257 1565 6257 1543 6257 1436 6258 1419 6258 1420 6258 1466 6259 1449 6259 1463 6259 1499 6260 1467 6260 1485 6260 1537 6261 1524 6261 1532 6261 1580 6262 1542 6262 1569 6262 1633 6263 1613 6263 1616 6263 1501 6264 1524 6264 1537 6264 1665 6265 1767 6265 1713 6265 1637 6266 1665 6266 1713 6266 1587 6267 1665 6267 1637 6267 1545 6268 1587 6268 1637 6268 1512 6269 1587 6269 1545 6269 1479 6270 1512 6270 1545 6270 1499 6271 1512 6271 1479 6271 1466 6272 1499 6272 1479 6272 1467 6273 1499 6273 1466 6273 1463 6274 1467 6274 1466 6274 1637 6275 1713 6275 1679 6275 1608 6276 1637 6276 1679 6276 1545 6277 1637 6277 1608 6277 1514 6278 1545 6278 1608 6278 1479 6279 1545 6279 1514 6279 1454 6280 1479 6280 1514 6280 1466 6281 1479 6281 1454 6281 1436 6282 1466 6282 1454 6282 1449 6283 1466 6283 1436 6283 1420 6284 1449 6284 1436 6284 1393 6285 1398 6285 1388 6285 1350 6286 1393 6286 1388 6286 1378 6287 1393 6287 1350 6287 1495 6288 1505 6288 1490 6288 1476 6289 1495 6289 1490 6289 1426 6290 1452 6290 1440 6290 1397 6291 1392 6291 1419 6291 1436 6292 1397 6292 1419 6292 1421 6293 1397 6293 1436 6293 1454 6294 1421 6294 1436 6294 1488 6295 1421 6295 1454 6295 1514 6296 1488 6296 1454 6296 1570 6297 1488 6297 1514 6297 1608 6298 1570 6298 1514 6298 1655 6299 1570 6299 1608 6299 1679 6300 1655 6300 1608 6300 1759 6301 1655 6301 1679 6301 1865 6302 1759 6302 1792 6302 1883 6303 1778 6303 1805 6303 1684 6304 1805 6304 1778 6304 1663 6305 1684 6305 1778 6305 1610 6306 1684 6306 1663 6306 1576 6307 1610 6307 1663 6307 1519 6308 1610 6308 1576 6308 1495 6309 1519 6309 1576 6309 1452 6310 1519 6310 1495 6310 1476 6311 1452 6311 1495 6311 1440 6312 1452 6312 1476 6312 1813 6313 1925 6313 1892 6313 1790 6314 1813 6314 1892 6314 1692 6315 1813 6315 1790 6315 1833 6316 1952 6316 1925 6316 1813 6317 1833 6317 1925 6317 1715 6318 1833 6318 1813 6318 1692 6319 1715 6319 1813 6319 1635 6320 1715 6320 1692 6320 1790 6321 1803 6321 1774 6321 1757 6322 1790 6322 1774 6322 1692 6323 1790 6323 1757 6323 1661 6324 1692 6324 1757 6324 1635 6325 1692 6325 1661 6325 1623 6326 1635 6326 1661 6326 1617 6327 1635 6327 1623 6327 1860 6328 1883 6328 1952 6328 1833 6329 1860 6329 1952 6329 1742 6330 1860 6330 1833 6330 1715 6331 1742 6331 1833 6331 1647 6332 1742 6332 1715 6332 1635 6333 1647 6333 1715 6333 1561 6334 1647 6334 1635 6334 1617 6335 1561 6335 1635 6335 1565 6336 1561 6336 1617 6336 1778 6337 1883 6337 1860 6337 1742 6338 1778 6338 1860 6338 1663 6339 1778 6339 1742 6339 1647 6340 1663 6340 1742 6340 1576 6341 1663 6341 1647 6341 1561 6342 1576 6342 1647 6342 1495 6343 1576 6343 1561 6343 1543 6344 1495 6344 1561 6344 1505 6345 1495 6345 1543 6345 2041 6346 2180 6346 2173 6346 2021 6347 2041 6347 2173 6347 1999 6348 2041 6348 2021 6348 2241 6349 2264 6349 2238 6349 1876 6350 1995 6350 1977 6350 1876 6351 1977 6351 1963 6351 1918 6352 1876 6352 1963 6352 1863 6353 1876 6353 1918 6353 2021 6354 2173 6354 2164 6354 2153 6355 2021 6355 2164 6355 1995 6356 2021 6356 2153 6356 2047 6357 1995 6357 2153 6357 1977 6358 1995 6358 2047 6358 2033 6359 1977 6359 2047 6359 1963 6360 1977 6360 2033 6360 2224 6361 2229 6361 2216 6361 2287 6362 2297 6362 2285 6362 2276 6363 2287 6363 2285 6363 2264 6364 2287 6364 2276 6364 2246 6365 2264 6365 2276 6365 2238 6366 2264 6366 2246 6366 2229 6367 2238 6367 2246 6367 2234 6368 2238 6368 2229 6368 2224 6369 2234 6369 2229 6369 2200 6370 2241 6370 2238 6370 2234 6371 2200 6371 2238 6371 2194 6372 2200 6372 2234 6372 2224 6373 2194 6373 2234 6373 2188 6374 2194 6374 2224 6374 2216 6375 2188 6375 2224 6375 2170 6376 2188 6376 2216 6376 2293 6377 2313 6377 2305 6377 2290 6378 2293 6378 2305 6378 2248 6379 2293 6379 2290 6379 2310 6380 2303 6380 2312 6380 2313 6381 2310 6381 2312 6381 2305 6382 2313 6382 2297 6382 2287 6383 2305 6383 2297 6383 2290 6384 2305 6384 2287 6384 2264 6385 2290 6385 2287 6385 2248 6386 2290 6386 2264 6386 2241 6387 2248 6387 2264 6387 2173 6388 2248 6388 2241 6388 2200 6389 2173 6389 2241 6389 2164 6390 2173 6390 2200 6390 2194 6391 2164 6391 2200 6391 2153 6392 2164 6392 2194 6392 2188 6393 2153 6393 2194 6393 2047 6394 2153 6394 2188 6394 2170 6395 2047 6395 2188 6395 2142 6396 2047 6396 2170 6396 2211 6397 2231 6397 2236 6397 2232 6398 2211 6398 2236 6398 2202 6399 2211 6399 2232 6399 2219 6400 2191 6400 2202 6400 2232 6401 2219 6401 2202 6401 2243 6402 2219 6402 2232 6402 2232 6403 2236 6403 2242 6403 2255 6404 2232 6404 2242 6404 2243 6405 2232 6405 2255 6405 2262 6406 2243 6406 2255 6406 2257 6407 2243 6407 2262 6407 2269 6408 2257 6408 2262 6408 2271 6409 2257 6409 2269 6409 2273 6410 2271 6410 2269 6410 2274 6411 2271 6411 2273 6411 2160 6412 2029 6412 2040 6412 2184 6413 2160 6413 2040 6413 2195 6414 2160 6414 2184 6414 2271 6415 2274 6415 2280 6415 2267 6416 2271 6416 2280 6416 2257 6417 2271 6417 2267 6417 2250 6418 2257 6418 2267 6418 2243 6419 2257 6419 2250 6419 2222 6420 2243 6420 2250 6420 2219 6421 2243 6421 2222 6421 2204 6422 2219 6422 2222 6422 2191 6423 2219 6423 2204 6423 2267 6424 2280 6424 2278 6424 2259 6425 2267 6425 2278 6425 2250 6426 2267 6426 2259 6426 2240 6427 2250 6427 2259 6427 2222 6428 2250 6428 2240 6428 2209 6429 2222 6429 2240 6429 2204 6430 2222 6430 2209 6430 2278 6431 2292 6431 2299 6431 2295 6432 2278 6432 2299 6432 2259 6433 2278 6433 2295 6433 2252 6434 2259 6434 2295 6434 2240 6435 2259 6435 2252 6435 2195 6436 2240 6436 2252 6436 2209 6437 2240 6437 2195 6437 2184 6438 2209 6438 2195 6438 2204 6439 2209 6439 2184 6439 2176 6440 2204 6440 2184 6440 2191 6441 2204 6441 2176 6441 1975 6442 1967 6442 1985 6442 1994 6443 1975 6443 1985 6443 2019 6444 2015 6444 2090 6444 2138 6445 2019 6445 2090 6445 2031 6446 2019 6446 2138 6446 2031 6447 2138 6447 2145 6447 2151 6448 2031 6448 2145 6448 2154 6449 2031 6449 2151 6449 2167 6450 2036 6450 2156 6450 1949 6451 1967 6451 1975 6451 1948 6452 1949 6452 1975 6452 1943 6453 1949 6453 1948 6453 1896 6454 1901 6454 1909 6454 1882 6455 1896 6455 1909 6455 1887 6456 1896 6456 1882 6456 1862 6457 1852 6457 1843 6457 1989 6458 1941 6458 1948 6458 1975 6459 1989 6459 1948 6459 2019 6460 1989 6460 1975 6460 1994 6461 2019 6461 1975 6461 2015 6462 2019 6462 1994 6462 1941 6463 1871 6463 1882 6463 1909 6464 1941 6464 1882 6464 1948 6465 1941 6465 1909 6465 1901 6466 1948 6466 1909 6466 1943 6467 1948 6467 1901 6467 2162 6468 2174 6468 2186 6468 2190 6469 2162 6469 2186 6469 2178 6470 2162 6470 2190 6470 2197 6471 2207 6471 2198 6471 1820 6472 1843 6472 1852 6472 1826 6473 1820 6473 1852 6473 1817 6474 1820 6474 1826 6474 1789 6475 1787 6475 1786 6475 1766 6476 1786 6476 1787 6476 1761 6477 1786 6477 1766 6477 1753 6478 1761 6478 1766 6478 1723 6479 1753 6479 1766 6479 1719 6480 1753 6480 1723 6480 1871 6481 1822 6481 1826 6481 1852 6482 1871 6482 1826 6482 1882 6483 1871 6483 1852 6483 1862 6484 1882 6484 1852 6484 1887 6485 1882 6485 1862 6485 1723 6486 1668 6486 1687 6486 1718 6487 1723 6487 1687 6487 1719 6488 1723 6488 1718 6488 1633 6489 1616 6489 1625 6489 1649 6490 1633 6490 1625 6490 1668 6491 1633 6491 1649 6491 1682 6492 1668 6492 1649 6492 1687 6493 1668 6493 1682 6493 1766 6494 1787 6494 1769 6494 1730 6495 1766 6495 1769 6495 1723 6496 1766 6496 1730 6496 1677 6497 1723 6497 1730 6497 1668 6498 1723 6498 1677 6498 1641 6499 1668 6499 1677 6499 1633 6500 1668 6500 1641 6500 1537 6501 1532 6501 1542 6501 1580 6502 1537 6502 1542 6502 1551 6503 1537 6503 1580 6503 1595 6504 1551 6504 1580 6504 1627 6505 1551 6505 1595 6505 1659 6506 1627 6506 1595 6506 1698 6507 1627 6507 1659 6507 1703 6508 1698 6508 1659 6508 1762 6509 1698 6509 1703 6509 1770 6510 1762 6510 1703 6510 1807 6511 1762 6511 1770 6511 1822 6512 1807 6512 1770 6512 1854 6513 1807 6513 1822 6513 1871 6514 1854 6514 1822 6514 1903 6515 1854 6515 1871 6515 1941 6516 1903 6516 1871 6516 1961 6517 1903 6517 1941 6517 1989 6518 1961 6518 1941 6518 2012 6519 1961 6519 1989 6519 2031 6520 2012 6520 1989 6520 2036 6521 2012 6521 2031 6521 2154 6522 2036 6522 2031 6522 2156 6523 2036 6523 2154 6523 1580 6524 1569 6524 1613 6524 1633 6525 1580 6525 1613 6525 1595 6526 1580 6526 1633 6526 1641 6527 1595 6527 1633 6527 1659 6528 1595 6528 1641 6528 1677 6529 1659 6529 1641 6529 1703 6530 1659 6530 1677 6530 1730 6531 1703 6531 1677 6531 1770 6532 1703 6532 1730 6532 1769 6533 1770 6533 1730 6533 1822 6534 1770 6534 1769 6534 1798 6535 1822 6535 1769 6535 1826 6536 1822 6536 1798 6536 1787 6537 1826 6537 1798 6537 1817 6538 1826 6538 1787 6538 1789 6539 1817 6539 1787 6539 2178 6540 2190 6540 2197 6540 2198 6541 2178 6541 2197 6541 2158 6542 2178 6542 2198 6542 2182 6543 2158 6543 2198 6543 2045 6544 2158 6544 2182 6544 2168 6545 2045 6545 2182 6545 2027 6546 2045 6546 2168 6546 2147 6547 2027 6547 2168 6547 2010 6548 2027 6548 2147 6548 2038 6549 2010 6549 2147 6549 1969 6550 2010 6550 2038 6550 1792 6551 1759 6551 1679 6551 1713 6552 1792 6552 1679 6552 1827 6553 1792 6553 1713 6553 1767 6554 1827 6554 1713 6554 1867 6555 1827 6555 1767 6555 1810 6556 1867 6556 1767 6556 1899 6557 1867 6557 1810 6557 1850 6558 1899 6558 1810 6558 1956 6559 1899 6559 1850 6559 1890 6560 1956 6560 1850 6560 1987 6561 1956 6561 1890 6561 1954 6562 1987 6562 1890 6562 2017 6563 1987 6563 1954 6563 1997 6564 2017 6564 1954 6564 2043 6565 2017 6565 1997 6565 2025 6566 2043 6566 1997 6566 2135 6567 2043 6567 2025 6567 1969 6568 2038 6568 2023 6568 2008 6569 1969 6569 2023 6569 1939 6570 1969 6570 2008 6570 1973 6571 1939 6571 2008 6571 1888 6572 1939 6572 1973 6572 1865 6573 1888 6573 1973 6573 1888 6574 1865 6574 1792 6574 1827 6575 1888 6575 1792 6575 1939 6576 1888 6576 1827 6576 1867 6577 1939 6577 1827 6577 1969 6578 1939 6578 1867 6578 1899 6579 1969 6579 1867 6579 2010 6580 1969 6580 1899 6580 1956 6581 2010 6581 1899 6581 2027 6582 2010 6582 1956 6582 1987 6583 2027 6583 1956 6583 2045 6584 2027 6584 1987 6584 2017 6585 2045 6585 1987 6585 2158 6586 2045 6586 2017 6586 2043 6587 2158 6587 2017 6587 2162 6588 2158 6588 2043 6588 2135 6589 2162 6589 2043 6589 2174 6590 2162 6590 2135 6590 1499 6591 1485 6591 1501 6591 1537 6592 1499 6592 1501 6592 1512 6593 1499 6593 1537 6593 1551 6594 1512 6594 1537 6594 1587 6595 1512 6595 1551 6595 1627 6596 1587 6596 1551 6596 1665 6597 1587 6597 1627 6597 1698 6598 1665 6598 1627 6598 1767 6599 1665 6599 1698 6599 1762 6600 1767 6600 1698 6600 1810 6601 1767 6601 1762 6601 1807 6602 1810 6602 1762 6602 1850 6603 1810 6603 1807 6603 1854 6604 1850 6604 1807 6604 1890 6605 1850 6605 1854 6605 1903 6606 1890 6606 1854 6606 1954 6607 1890 6607 1903 6607 1961 6608 1954 6608 1903 6608 1997 6609 1954 6609 1961 6609 2012 6610 1997 6610 1961 6610 2025 6611 1997 6611 2012 6611 2036 6612 2025 6612 2012 6612 2135 6613 2025 6613 2036 6613 2167 6614 2135 6614 2036 6614 2174 6615 2135 6615 2167 6615 1883 6616 1805 6616 1907 6616 1999 6617 1883 6617 1907 6617 1952 6618 1883 6618 1999 6618 2021 6619 1952 6619 1999 6619 1925 6620 1952 6620 2021 6620 1995 6621 1925 6621 2021 6621 1892 6622 1925 6622 1995 6622 1876 6623 1892 6623 1995 6623 1790 6624 1892 6624 1876 6624 1863 6625 1790 6625 1876 6625 1803 6626 1790 6626 1863 6626 2299 6627 2301 6627 2303 6627 2310 6628 2299 6628 2303 6628 2295 6629 2299 6629 2310 6629 2293 6630 2295 6630 2310 6630 2252 6631 2295 6631 2293 6631 2248 6632 2252 6632 2293 6632 2195 6633 2252 6633 2248 6633 2180 6634 2195 6634 2248 6634 2160 6635 2195 6635 2180 6635 2041 6636 2160 6636 2180 6636 2029 6637 2160 6637 2041 6637 1999 6638 2029 6638 2041 6638 1946 6639 2029 6639 1999 6639 1907 6640 1946 6640 1999 6640 1830 6641 1946 6641 1907 6641 1805 6642 1830 6642 1907 6642 1710 6643 1830 6643 1805 6643 1684 6644 1710 6644 1805 6644 1629 6645 1710 6645 1684 6645 1610 6646 1629 6646 1684 6646 1535 6647 1629 6647 1610 6647 1519 6648 1535 6648 1610 6648 1464 6649 1535 6649 1519 6649 1452 6650 1464 6650 1519 6650 1393 6651 1464 6651 1452 6651 1426 6652 1393 6652 1452 6652 1398 6653 1393 6653 1426 6653 2198 6654 2214 6654 2231 6654 2211 6655 2198 6655 2231 6655 2182 6656 2198 6656 2211 6656 2202 6657 2182 6657 2211 6657 2168 6658 2182 6658 2202 6658 2191 6659 2168 6659 2202 6659 2147 6660 2168 6660 2191 6660 2176 6661 2147 6661 2191 6661 2038 6662 2147 6662 2176 6662 2149 6663 2038 6663 2176 6663 2023 6664 2038 6664 2149 6664 2040 6665 2023 6665 2149 6665 2008 6666 2023 6666 2040 6666 2029 6667 2008 6667 2040 6667 1973 6668 2008 6668 2029 6668 1946 6669 1973 6669 2029 6669 1865 6670 1973 6670 1946 6670 1830 6671 1865 6671 1946 6671 1759 6672 1865 6672 1830 6672 1710 6673 1759 6673 1830 6673 1655 6674 1759 6674 1710 6674 1629 6675 1655 6675 1710 6675 1570 6676 1655 6676 1629 6676 1535 6677 1570 6677 1629 6677 1488 6678 1570 6678 1535 6678 1464 6679 1488 6679 1535 6679 1421 6680 1488 6680 1464 6680 1393 6681 1421 6681 1464 6681 1397 6682 1421 6682 1393 6682 1378 6683 1397 6683 1393 6683 1392 6684 1397 6684 1378 6684 2141 6685 2171 6685 2143 6685 1370 6686 1389 6686 1371 6686 1370 6687 1369 6687 1427 6687 1399 6688 1370 6688 1427 6688 1389 6689 1370 6689 1399 6689 1427 6690 1369 6690 1368 6690 1367 6691 1427 6691 1368 6691 1366 6692 1427 6692 1367 6692 1427 6693 1366 6693 1365 6693 1364 6694 1427 6694 1365 6694 1363 6695 1427 6695 1364 6695 1427 6696 1363 6696 1362 6696 1361 6697 1427 6697 1362 6697 1360 6698 1427 6698 1361 6698 1425 6699 1359 6699 1358 6699 1357 6700 1425 6700 1358 6700 1356 6701 1425 6701 1357 6701 1425 6702 1356 6702 1355 6702 1354 6703 1425 6703 1355 6703 1353 6704 1425 6704 1354 6704 1425 6705 1504 6705 1506 6705 1491 6706 1425 6706 1506 6706 1477 6707 1425 6707 1491 6707 1427 6708 1360 6708 1359 6708 1425 6709 1427 6709 1359 6709 1441 6710 1427 6710 1425 6710 1477 6711 1441 6711 1425 6711 1504 6712 1622 6712 1566 6712 1544 6713 1504 6713 1566 6713 1506 6714 1504 6714 1544 6714 1756 6715 1775 6715 1758 6715 1662 6716 1756 6716 1758 6716 1622 6717 1756 6717 1662 6717 1624 6718 1622 6718 1662 6718 1566 6719 1622 6719 1624 6719 1917 6720 1964 6720 1919 6720 1864 6721 1917 6721 1919 6721 1756 6722 1917 6722 1864 6722 1804 6723 1756 6723 1864 6723 1775 6724 1756 6724 1804 6724 1917 6725 2141 6725 2143 6725 2034 6726 1917 6726 2143 6726 1964 6727 1917 6727 2034 6727 2286 6728 2277 6728 2228 6728 2284 6729 2286 6729 2228 6729 2298 6730 2286 6730 2284 6730 2228 6731 2277 6731 2247 6731 2230 6732 2228 6732 2247 6732 2141 6733 2228 6733 2230 6733 2217 6734 2141 6734 2230 6734 2171 6735 2141 6735 2217 6735 2297 6736 2282 6736 2285 6736 2276 6737 2285 6737 2282 6737 2226 6738 2276 6738 2282 6738 2246 6739 2276 6739 2226 6739 2139 6740 2142 6740 2170 6740 2216 6741 2139 6741 2170 6741 2226 6742 2139 6742 2216 6742 2229 6743 2226 6743 2216 6743 2246 6744 2226 6744 2229 6744 2033 6745 2142 6745 2139 6745 1915 6746 2033 6746 2139 6746 1963 6747 2033 6747 1915 6747 1754 6748 1774 6748 1803 6748 1863 6749 1754 6749 1803 6749 1915 6750 1754 6750 1863 6750 1918 6751 1915 6751 1863 6751 1963 6752 1915 6752 1918 6752 1754 6753 1620 6753 1661 6753 1757 6754 1754 6754 1661 6754 1774 6755 1754 6755 1757 6755 1502 6756 1543 6756 1565 6756 1617 6757 1502 6757 1565 6757 1620 6758 1502 6758 1617 6758 1623 6759 1620 6759 1617 6759 1661 6760 1620 6760 1623 6760 1440 6761 1423 6761 1426 6761 1423 6762 1440 6762 1476 6762 1490 6763 1423 6763 1476 6763 1502 6764 1423 6764 1490 6764 1505 6765 1502 6765 1490 6765 1543 6766 1502 6766 1505 6766 1388 6767 1351 6767 1350 6767 2314 6768 2315 6768 2282 6768 2297 6769 2314 6769 2282 6769 2313 6770 2314 6770 2297 6770 1351 6771 1388 6771 1398 6771 1426 6772 1351 6772 1398 6772 1352 6773 1351 6773 1426 6773 1423 6774 1352 6774 1426 6774 1424 6775 1352 6775 1423 6775 1502 6776 1424 6776 1423 6776 1503 6776 1424 6776 1502 6776 1620 6777 1503 6777 1502 6777 1621 6778 1503 6778 1620 6778 1754 6779 1621 6779 1620 6779 1755 6780 1621 6780 1754 6780 1915 6781 1755 6781 1754 6781 1916 6782 1755 6782 1915 6782 2139 6783 1916 6783 1915 6783 2140 6784 1916 6784 2139 6784 2226 6785 2140 6785 2139 6785 2227 6785 2140 6785 2226 6785 2282 6786 2227 6786 2226 6786 2283 6787 2227 6787 2282 6787 2315 6788 2283 6788 2282 6788 2316 6789 2283 6789 2315 6789 2316 6790 2317 6790 2298 6790 2284 6791 2316 6791 2298 6791 2283 6792 2316 6792 2284 6792 2228 6793 2283 6793 2284 6793 2227 6794 2283 6794 2228 6794 2141 6795 2227 6795 2228 6795 2140 6796 2227 6796 2141 6796 1917 6797 2140 6797 2141 6797 1916 6798 2140 6798 1917 6798 1756 6799 1916 6799 1917 6799 1755 6800 1916 6800 1756 6800 1622 6801 1755 6801 1756 6801 1621 6802 1755 6802 1622 6802 1504 6803 1621 6803 1622 6803 1503 6803 1621 6803 1504 6803 1425 6804 1503 6804 1504 6804 1424 6776 1503 6776 1425 6776 1353 6805 1424 6805 1425 6805 1352 6806 1424 6806 1353 6806 4197 6807 3617 6807 4206 6807 4210 6808 4206 6808 3617 6808 3616 6809 4210 6809 3617 6809 4217 6810 4210 6810 3616 6810 3615 6811 4242 6811 4236 6811 4232 6812 3615 6812 4236 6812 3616 6813 3615 6813 4232 6813 4229 6814 3616 6814 4232 6814 4217 6815 3616 6815 4229 6815 3614 6816 4275 6816 4269 6816 4256 6817 3614 6817 4269 6817 3615 6818 3614 6818 4256 6818 4249 6819 3615 6819 4256 6819 4242 6820 3615 6820 4249 6820 4280 6821 4275 6821 3614 6821 3613 6822 4280 6822 3614 6822 4299 6823 4280 6823 3613 6823 3612 6824 4329 6824 4323 6824 4316 6825 3612 6825 4323 6825 3613 6826 3612 6826 4316 6826 4306 6827 3613 6827 4316 6827 4299 6828 3613 6828 4306 6828 4332 6829 4329 6829 3612 6829 3611 6830 4332 6830 3612 6830 4344 6831 4332 6831 3611 6831 4364 6832 3610 6832 4370 6832 3610 6833 4364 6833 4362 6833 4359 6834 3610 6834 4362 6834 3611 6835 3610 6835 4359 6835 4349 6836 3611 6836 4359 6836 4344 6837 3611 6837 4349 6837 4163 6838 3610 6838 3609 6838 4370 6839 3610 6839 4163 6839 4165 6840 4370 6840 4163 6840 4378 6841 4370 6841 4165 6841 4202 6842 4378 6842 4165 6842 4423 6843 4378 6843 4202 6843 2138 6844 3019 6844 2145 6844 3019 6845 2156 6845 2154 6845 2151 6846 3019 6846 2154 6846 2145 6847 3019 6847 2151 6847 2167 6848 2156 6848 3019 6848 3020 6849 2167 6849 3019 6849 2174 6850 2167 6850 3020 6850 3021 6851 2174 6851 3020 6851 2186 6852 2174 6852 3021 6852 3021 6853 3022 6853 2197 6853 2190 6854 3021 6854 2197 6854 2186 6855 3021 6855 2190 6855 3022 6856 3023 6856 2236 6856 2231 6857 3022 6857 2236 6857 3022 6858 2231 6858 2214 6858 2207 6859 3022 6859 2214 6859 2197 6860 3022 6860 2207 6860 3023 6861 3024 6861 2255 6861 2242 6862 3023 6862 2255 6862 2236 6863 3023 6863 2242 6863 3024 6864 2273 6864 2269 6864 2262 6865 3024 6865 2269 6865 2255 6866 3024 6866 2262 6866 2303 6867 2301 6867 3025 6867 3026 6868 2303 6868 3025 6868 2312 6869 2303 6869 3026 6869 3025 6870 2301 6870 2292 6870 2280 6871 3025 6871 2292 6871 3024 6872 3025 6872 2280 6872 2274 6873 3024 6873 2280 6873 2273 6874 3024 6874 2274 6874 3618 6875 3027 6875 3617 6875 4197 6876 3618 6876 3617 6876 4192 6877 3618 6877 4197 6877 3018 6878 3028 6878 3019 6878 2138 6879 3018 6879 3019 6879 2090 6880 3018 6880 2138 6880 3027 6881 2313 6881 2312 6881 3026 6882 3027 6882 2312 6882 3617 6875 3027 6875 3026 6875 3025 6883 3617 6883 3026 6883 3616 6884 3617 6884 3025 6884 3024 6885 3616 6885 3025 6885 3615 6886 3616 6886 3024 6886 3023 6887 3615 6887 3024 6887 3614 6888 3615 6888 3023 6888 3022 6889 3614 6889 3023 6889 3613 6890 3614 6890 3022 6890 3021 6891 3613 6891 3022 6891 3612 6892 3613 6892 3021 6892 3020 6893 3612 6893 3021 6893 3611 6894 3612 6894 3020 6894 3019 6895 3611 6895 3020 6895 3610 6896 3611 6896 3019 6896 3028 6897 3610 6897 3019 6897 3609 6898 3610 6898 3028 6898 2294 6899 2306 6899 2317 6899 1527 6900 1500 6900 1513 6900 1877 6901 1804 6901 1864 6901 1791 6902 1758 6902 1775 6902 1465 6903 1394 6903 1453 6903 1389 6904 1372 6904 1371 6904 2288 6905 2247 6905 2277 6905 2265 6906 2230 6906 2247 6906 2042 6907 2014 6907 2000 6907 1953 6908 2042 6908 2000 6908 2244 6909 2261 6909 2256 6909 2260 6910 2218 6910 2210 6910 2136 6911 2175 6911 2172 6911 1900 6912 1891 6912 1851 6912 2020 6913 2144 6913 2137 6913 1902 6914 1936 6914 1922 6914 1848 6915 1873 6915 1840 6915 1788 6916 1824 6916 1809 6916 1724 6917 1739 6917 1717 6917 1669 6918 1706 6918 1683 6918 1634 6919 1646 6919 1643 6919 1780 6920 1739 6920 1724 6920 1763 6921 1768 6921 1811 6921 1808 6922 1763 6922 1811 6922 1771 6923 1763 6923 1808 6923 1823 6924 1771 6924 1808 6924 1799 6925 1771 6925 1823 6925 1853 6926 1799 6926 1823 6926 1788 6927 1799 6927 1853 6927 1848 6928 1788 6928 1853 6928 1824 6929 1788 6929 1848 6929 1840 6930 1824 6930 1848 6930 1808 6931 1811 6931 1851 6931 1855 6932 1808 6932 1851 6932 1823 6933 1808 6933 1855 6933 1872 6934 1823 6934 1855 6934 1853 6935 1823 6935 1872 6935 1910 6936 1853 6936 1872 6936 1848 6937 1853 6937 1910 6937 1902 6938 1848 6938 1910 6938 1873 6939 1848 6939 1902 6939 1922 6940 1873 6940 1902 6940 1968 6941 2020 6941 1971 6941 2020 6942 2137 6942 2093 6942 2016 6943 2020 6943 2093 6943 1971 6944 2020 6944 2016 6944 2037 6945 2166 6945 2157 6945 2155 6946 2037 6946 2157 6946 2146 6947 2032 6947 2152 6947 1855 6948 1851 6948 1891 6948 1904 6949 1855 6949 1891 6949 1872 6950 1855 6950 1904 6950 1942 6951 1872 6951 1904 6951 1910 6952 1872 6952 1942 6952 1976 6953 1910 6953 1942 6953 1902 6954 1910 6954 1976 6954 1972 6955 1902 6955 1976 6955 1936 6956 1902 6956 1972 6956 2039 6957 2028 6957 2011 6957 1988 6958 2011 6958 2028 6958 2018 6959 1988 6959 2028 6959 1998 6960 1988 6960 2018 6960 2026 6961 1998 6961 2018 6961 2013 6962 1998 6962 2026 6962 2037 6963 2013 6963 2026 6963 2032 6964 2013 6964 2037 6964 2155 6965 2032 6965 2037 6965 2152 6966 2032 6966 2155 6966 2183 6967 2192 6967 2203 6967 2199 6968 2183 6968 2203 6968 2179 6969 2183 6969 2199 6969 2199 6970 2215 6970 2208 6970 2206 6971 2199 6971 2208 6971 2179 6972 2199 6972 2206 6972 2193 6973 2179 6973 2206 6973 2187 6974 2179 6974 2193 6974 2169 6975 2177 6975 2192 6975 2183 6976 2169 6976 2192 6976 2159 6977 2169 6977 2183 6977 2179 6978 2159 6978 2183 6978 2163 6979 2159 6979 2179 6979 2187 6980 2163 6980 2179 6980 2148 6981 2039 6981 2177 6981 2169 6982 2148 6982 2177 6982 2046 6983 2148 6983 2169 6983 2159 6984 2046 6984 2169 6984 2044 6985 2046 6985 2159 6985 2163 6986 2044 6986 2159 6986 2136 6987 2044 6987 2163 6987 2187 6988 2136 6988 2163 6988 2175 6989 2136 6989 2187 6989 2028 6990 2039 6990 2148 6990 2046 6991 2028 6991 2148 6991 2018 6992 2028 6992 2046 6992 2044 6993 2018 6993 2046 6993 2026 6994 2018 6994 2044 6994 2136 6995 2026 6995 2044 6995 2037 6996 2026 6996 2136 6996 2172 6997 2037 6997 2136 6997 2166 6998 2037 6998 2172 6998 2185 6999 2210 6999 2218 6999 2205 7000 2185 7000 2218 7000 2150 7001 2185 7001 2205 7001 2263 7002 2279 7002 2268 7002 2212 7003 2220 7003 2233 7003 2212 7004 2233 7004 2245 7004 2237 7005 2212 7005 2245 7005 2221 7006 2212 7006 2237 7006 2205 7007 2218 7007 2223 7007 2235 7008 2205 7008 2223 7008 2220 7009 2205 7009 2235 7009 2244 7010 2220 7010 2235 7010 2233 7011 2220 7011 2244 7011 2256 7012 2233 7012 2244 7012 2245 7013 2233 7013 2256 7013 2272 7014 2281 7014 2275 7014 2300 7015 2309 7015 2304 7015 2302 7016 2300 7016 2304 7016 2279 7017 2300 7017 2302 7017 2289 7018 2279 7018 2302 7018 2268 7019 2279 7019 2289 7019 2281 7020 2268 7020 2289 7020 2270 7021 2268 7021 2281 7021 2272 7022 2270 7022 2281 7022 2251 7023 2263 7023 2268 7023 2270 7024 2251 7024 2268 7024 2254 7025 2251 7025 2270 7025 2272 7026 2254 7026 2270 7026 2258 7027 2254 7027 2272 7027 2275 7028 2258 7028 2272 7028 2266 7029 2258 7029 2275 7029 2294 7030 2317 7030 2311 7030 2296 7031 2294 7031 2311 7031 2260 7032 2294 7032 2296 7032 2306 7033 2286 7033 2298 7033 2317 7034 2306 7034 2298 7034 2311 7035 2317 7035 2309 7035 2300 7036 2311 7036 2309 7036 2296 7037 2311 7037 2300 7037 2279 7038 2296 7038 2300 7038 2260 7039 2296 7039 2279 7039 2263 7040 2260 7040 2279 7040 2218 7041 2260 7041 2263 7041 2251 7042 2218 7042 2263 7042 2223 7043 2218 7043 2251 7043 2254 7044 2223 7044 2251 7044 2235 7045 2223 7045 2254 7045 2258 7046 2235 7046 2254 7046 2244 7047 2235 7047 2258 7047 2266 7048 2244 7048 2258 7048 2261 7049 2244 7049 2266 7049 1877 7050 1864 7050 1919 7050 1978 7051 1877 7051 1919 7051 1893 7052 1877 7052 1978 7052 1996 7053 1926 7053 1893 7053 1978 7054 1996 7054 1893 7054 2048 7055 1996 7055 1978 7055 2171 7056 2217 7056 2225 7056 2189 7057 2171 7057 2225 7057 2143 7058 2171 7058 2189 7058 2048 7059 2143 7059 2189 7059 2034 7060 2143 7060 2048 7060 1978 7061 2034 7061 2048 7061 1964 7062 2034 7062 1978 7062 1919 7063 1964 7063 1978 7063 2161 7064 2030 7064 2014 7064 2042 7065 2161 7065 2014 7065 2196 7066 2161 7066 2042 7066 2225 7067 2217 7067 2230 7067 2239 7068 2225 7068 2230 7068 2189 7069 2225 7069 2239 7069 2201 7070 2189 7070 2239 7070 2048 7071 2189 7071 2201 7071 2165 7072 2048 7072 2201 7072 1996 7073 2048 7073 2165 7073 2022 7074 1996 7074 2165 7074 1926 7075 1996 7075 2022 7075 2239 7076 2230 7076 2265 7076 2249 7077 2239 7077 2265 7077 2201 7078 2239 7078 2249 7078 2213 7079 2201 7079 2249 7079 2165 7080 2201 7080 2213 7080 2181 7081 2165 7081 2213 7081 2022 7082 2165 7082 2181 7082 2265 7083 2247 7083 2288 7083 2291 7084 2265 7084 2288 7084 2249 7085 2265 7085 2291 7085 2253 7086 2249 7086 2291 7086 2213 7087 2249 7087 2253 7087 2196 7088 2213 7088 2253 7088 2181 7089 2213 7089 2196 7089 2042 7090 2181 7090 2196 7090 2022 7091 2181 7091 2042 7091 1953 7092 2022 7092 2042 7092 1926 7093 2022 7093 1953 7093 1372 7094 1394 7094 1379 7094 1384 7095 1422 7095 1387 7095 1394 7096 1372 7096 1389 7096 1399 7097 1394 7097 1389 7097 1453 7098 1394 7098 1399 7098 1427 7099 1453 7099 1399 7099 1441 7100 1453 7100 1427 7100 1496 7101 1477 7101 1491 7101 1506 7102 1496 7102 1491 7102 1422 7103 1433 7103 1414 7103 1391 7104 1422 7104 1414 7104 1387 7105 1422 7105 1391 7105 1415 7106 1455 7106 1428 7106 1432 7107 1428 7107 1455 7107 1462 7108 1432 7108 1455 7108 1437 7109 1432 7109 1462 7109 1460 7110 1480 7110 1461 7110 1465 7111 1489 7111 1433 7111 1422 7112 1465 7112 1433 7112 1394 7113 1465 7113 1422 7113 1384 7114 1394 7114 1422 7114 1379 7115 1394 7115 1384 7115 1489 7116 1515 7116 1462 7116 1455 7117 1489 7117 1462 7117 1433 7118 1489 7118 1455 7118 1415 7119 1433 7119 1455 7119 1414 7120 1433 7120 1415 7120 1636 7121 1566 7121 1624 7121 1693 7122 1636 7122 1624 7122 1716 7123 1636 7123 1693 7123 1662 7124 1758 7124 1791 7124 1478 7125 1461 7125 1480 7125 1493 7126 1478 7126 1480 7126 1484 7127 1478 7127 1493 7127 1492 7128 1500 7128 1494 7128 1497 7129 1494 7129 1500 7129 1521 7130 1497 7130 1500 7130 1516 7131 1497 7131 1521 7131 1522 7132 1516 7132 1521 7132 1538 7133 1522 7133 1521 7133 1529 7134 1522 7134 1538 7134 1515 7135 1546 7135 1493 7135 1480 7136 1515 7136 1493 7136 1462 7137 1515 7137 1480 7137 1460 7138 1462 7138 1480 7138 1437 7139 1462 7139 1460 7139 1540 7140 1529 7140 1538 7140 1581 7141 1540 7141 1538 7141 1563 7142 1540 7142 1581 7142 1634 7143 1643 7143 1626 7143 1612 7144 1634 7144 1626 7144 1581 7145 1634 7145 1612 7145 1568 7146 1581 7146 1612 7146 1563 7147 1581 7147 1568 7147 1521 7148 1500 7148 1527 7148 1552 7149 1521 7149 1527 7149 1538 7150 1521 7150 1552 7150 1596 7151 1538 7151 1552 7151 1581 7152 1538 7152 1596 7152 1642 7153 1581 7153 1596 7153 1634 7154 1581 7154 1642 7154 1724 7155 1717 7155 1706 7155 1669 7156 1724 7156 1706 7156 1731 7157 1724 7157 1669 7157 1678 7158 1731 7158 1669 7158 1704 7159 1731 7159 1678 7159 1660 7160 1704 7160 1678 7160 1699 7161 1704 7161 1660 7161 1628 7162 1699 7162 1660 7162 1666 7163 1699 7163 1628 7163 1588 7164 1666 7164 1628 7164 1638 7165 1666 7165 1588 7165 1546 7166 1638 7166 1588 7166 1609 7167 1638 7167 1546 7167 1515 7168 1609 7168 1546 7168 1571 7169 1609 7169 1515 7169 1489 7170 1571 7170 1515 7170 1536 7171 1571 7171 1489 7171 1465 7172 1536 7172 1489 7172 1520 7173 1536 7173 1465 7173 1453 7174 1520 7174 1465 7174 1496 7175 1520 7175 1453 7175 1441 7176 1496 7176 1453 7176 1477 7177 1496 7177 1441 7177 1669 7178 1683 7178 1646 7178 1634 7179 1669 7179 1646 7179 1678 7180 1669 7180 1634 7180 1642 7181 1678 7181 1634 7181 1660 7182 1678 7182 1642 7182 1596 7183 1660 7183 1642 7183 1628 7184 1660 7184 1596 7184 1552 7185 1628 7185 1596 7185 1588 7186 1628 7186 1552 7186 1527 7187 1588 7187 1552 7187 1546 7188 1588 7188 1527 7188 1513 7189 1546 7189 1527 7189 1493 7190 1546 7190 1513 7190 1500 7191 1493 7191 1513 7191 1484 7192 1493 7192 1500 7192 1492 7193 1484 7193 1500 7193 1693 7194 1624 7194 1662 7194 1791 7195 1693 7195 1662 7195 1716 7196 1693 7196 1791 7196 1814 7197 1716 7197 1791 7197 1743 7198 1716 7198 1814 7198 1834 7199 1743 7199 1814 7199 1779 7200 1743 7200 1834 7200 1861 7201 1779 7201 1834 7201 1806 7202 1779 7202 1861 7202 1884 7203 1806 7203 1861 7203 1831 7204 1806 7204 1884 7204 1868 7205 1900 7205 1851 7205 1811 7206 1868 7206 1851 7206 1828 7207 1868 7207 1811 7207 1768 7208 1828 7208 1811 7208 1793 7209 1828 7209 1768 7209 1714 7210 1793 7210 1768 7210 1760 7211 1793 7211 1714 7211 1680 7212 1760 7212 1714 7212 1711 7213 1760 7213 1680 7213 1656 7214 1711 7214 1680 7214 1685 7215 1711 7215 1656 7215 1630 7216 1685 7216 1656 7216 1664 7217 1685 7217 1630 7217 1611 7218 1664 7218 1630 7218 1648 7219 1664 7219 1611 7219 1577 7220 1648 7220 1611 7220 1562 7221 1648 7221 1577 7221 1831 7222 1884 7222 1908 7222 1947 7223 1831 7223 1908 7223 1866 7224 1831 7224 1947 7224 1974 7225 1866 7225 1947 7225 1889 7226 1866 7226 1974 7226 1940 7227 1889 7227 1974 7227 1562 7228 1544 7228 1566 7228 1636 7229 1562 7229 1566 7229 1648 7230 1562 7230 1636 7230 1716 7231 1648 7231 1636 7231 1664 7232 1648 7232 1716 7232 1743 7233 1664 7233 1716 7233 1685 7234 1664 7234 1743 7234 1779 7235 1685 7235 1743 7235 1711 7236 1685 7236 1779 7236 1806 7237 1711 7237 1779 7237 1760 7238 1711 7238 1806 7238 1831 7239 1760 7239 1806 7239 1793 7240 1760 7240 1831 7240 1866 7241 1793 7241 1831 7241 1828 7242 1793 7242 1866 7242 1889 7243 1828 7243 1866 7243 1868 7244 1828 7244 1889 7244 1940 7245 1868 7245 1889 7245 1900 7246 1868 7246 1940 7246 1788 7247 1809 7247 1780 7247 1724 7248 1788 7248 1780 7248 1799 7249 1788 7249 1724 7249 1731 7250 1799 7250 1724 7250 1771 7251 1799 7251 1731 7251 1704 7252 1771 7252 1731 7252 1763 7253 1771 7253 1704 7253 1699 7254 1763 7254 1704 7254 1768 7255 1763 7255 1699 7255 1666 7256 1768 7256 1699 7256 1714 7257 1768 7257 1666 7257 1638 7258 1714 7258 1666 7258 1680 7259 1714 7259 1638 7259 1609 7260 1680 7260 1638 7260 1656 7261 1680 7261 1609 7261 1571 7262 1656 7262 1609 7262 1630 7263 1656 7263 1571 7263 1536 7264 1630 7264 1571 7264 1611 7265 1630 7265 1536 7265 1520 7266 1611 7266 1536 7266 1577 7267 1611 7267 1520 7267 1496 7268 1577 7268 1520 7268 1562 7269 1577 7269 1496 7269 1506 7270 1562 7270 1496 7270 1544 7271 1562 7271 1506 7271 2039 7272 2011 7272 2024 7272 2150 7273 2039 7273 2024 7273 2177 7274 2039 7274 2150 7274 2205 7275 2177 7275 2150 7275 2192 7276 2177 7276 2205 7276 2220 7277 2192 7277 2205 7277 2203 7278 2192 7278 2220 7278 2212 7279 2203 7279 2220 7279 2199 7280 2203 7280 2212 7280 2221 7281 2199 7281 2212 7281 2215 7282 2199 7282 2221 7282 2288 7283 2277 7283 2286 7283 2306 7284 2288 7284 2286 7284 2291 7285 2288 7285 2306 7285 2294 7286 2291 7286 2306 7286 2253 7287 2291 7287 2294 7287 2260 7288 2253 7288 2294 7288 2196 7289 2253 7289 2260 7289 2210 7290 2196 7290 2260 7290 2161 7291 2196 7291 2210 7291 2185 7292 2161 7292 2210 7292 2030 7293 2161 7293 2185 7293 2150 7294 2030 7294 2185 7294 2009 7295 2030 7295 2150 7295 2024 7296 2009 7296 2150 7296 1970 7297 2009 7297 2024 7297 2011 7298 1970 7298 2024 7298 1957 7299 1970 7299 2011 7299 1988 7300 1957 7300 2011 7300 1955 7301 1957 7301 1988 7301 1998 7302 1955 7302 1988 7302 1962 7303 1955 7303 1998 7303 2013 7304 1962 7304 1998 7304 1990 7305 1962 7305 2013 7305 2032 7306 1990 7306 2013 7306 2020 7307 1990 7307 2032 7307 2146 7308 2020 7308 2032 7308 2144 7309 2020 7309 2146 7309 1791 7310 1775 7310 1804 7310 1877 7311 1791 7311 1804 7311 1814 7312 1791 7312 1877 7312 1893 7313 1814 7313 1877 7313 1834 7314 1814 7314 1893 7314 1926 7315 1834 7315 1893 7315 1861 7316 1834 7316 1926 7316 1953 7317 1861 7317 1926 7317 1884 7318 1861 7318 1953 7318 2000 7319 1884 7319 1953 7319 1908 7320 1884 7320 2000 7320 2014 7321 1908 7321 2000 7321 1947 7322 1908 7322 2014 7322 2030 7323 1947 7323 2014 7323 1974 7324 1947 7324 2030 7324 2009 7325 1974 7325 2030 7325 1940 7326 1974 7326 2009 7326 1970 7327 1940 7327 2009 7327 1900 7328 1940 7328 1970 7328 1957 7329 1900 7329 1970 7329 1891 7330 1900 7330 1957 7330 1955 7331 1891 7331 1957 7331 1904 7332 1891 7332 1955 7332 1962 7333 1904 7333 1955 7333 1942 7334 1904 7334 1962 7334 1990 7335 1942 7335 1962 7335 1976 7336 1942 7336 1990 7336 2020 7337 1976 7337 1990 7337 1972 7338 1976 7338 2020 7338 1968 7339 1972 7339 2020 7339 1936 7340 1972 7340 1968 7340 4215 7341 4203 7341 4192 7341 4985 7342 5012 7342 4999 7342 4796 7343 4878 7343 4820 7343 4722 7344 4755 7344 4712 7344 5121 7345 5138 7345 5139 7345 4221 7346 4258 7346 4234 7346 4246 7347 4281 7347 4258 7347 4474 7348 4502 7348 4516 7348 4562 7349 4474 7349 4516 7349 4267 7350 4249 7350 4256 7350 4251 7351 4293 7351 4303 7351 4368 7352 4470 7352 4488 7352 4353 7353 4329 7353 4332 7353 4344 7354 4353 7354 4332 7354 4488 7355 4498 7355 4528 7355 4614 7356 4622 7356 4663 7356 4612 7357 4578 7357 4588 7357 4665 7358 4642 7358 4672 7358 4725 7359 4689 7359 4704 7359 4788 7360 4773 7360 4794 7360 4845 7361 4805 7361 4829 7361 4880 7362 4867 7362 4871 7362 4734 7363 4773 7363 4788 7363 4749 7364 4744 7364 4702 7364 4705 7365 4749 7365 4702 7365 4741 7366 4749 7366 4705 7366 4690 7367 4741 7367 4705 7367 4714 7368 4741 7368 4690 7368 4660 7369 4714 7369 4690 7369 4725 7370 4714 7370 4660 7370 4665 7371 4725 7371 4660 7371 4689 7372 4725 7372 4665 7372 4672 7373 4689 7373 4665 7373 4705 7374 4702 7374 4663 7374 4658 7375 4705 7375 4663 7375 4690 7376 4705 7376 4658 7376 4643 7377 4690 7377 4658 7377 4660 7378 4690 7378 4643 7378 4604 7379 4660 7379 4643 7379 4665 7380 4660 7380 4604 7380 4612 7381 4665 7381 4604 7381 4642 7382 4665 7382 4612 7382 4588 7383 4642 7383 4612 7383 4548 7384 4496 7384 4545 7384 4496 7385 4378 7385 4423 7385 4500 7386 4496 7386 4423 7386 4545 7387 4496 7387 4500 7387 4484 7388 4362 7388 4364 7388 4370 7389 4484 7389 4364 7389 4658 7390 4663 7390 4622 7390 4610 7391 4658 7391 4622 7391 4643 7392 4658 7392 4610 7392 4572 7393 4643 7393 4610 7393 4604 7394 4643 7394 4572 7394 4540 7395 4604 7395 4572 7395 4612 7396 4604 7396 4540 7396 4544 7397 4612 7397 4540 7397 4578 7398 4612 7398 4544 7398 4574 7399 4614 7399 4647 7399 4518 7400 4528 7400 4498 7400 4490 7401 4518 7401 4498 7401 4503 7402 4518 7402 4490 7402 4479 7403 4503 7403 4490 7403 4484 7404 4503 7404 4479 7404 4359 7405 4484 7405 4479 7405 4362 7406 4484 7406 4359 7406 4353 7407 4357 7407 4337 7407 4498 7408 4488 7408 4470 7408 4472 7409 4498 7409 4470 7409 4490 7410 4498 7410 4472 7410 4380 7411 4490 7411 4472 7411 4479 7412 4490 7412 4380 7412 4333 7413 4314 7413 4337 7413 4357 7414 4333 7414 4337 7414 4347 7415 4333 7415 4357 7415 4306 7416 4314 7416 4299 7416 4337 7417 4314 7417 4306 7417 4316 7418 4337 7418 4306 7418 4353 7419 4337 7419 4316 7419 4323 7420 4353 7420 4316 7420 4329 7421 4353 7421 4323 7421 4470 7422 4368 7422 4347 7422 4357 7423 4470 7423 4347 7423 4472 7424 4470 7424 4357 7424 4353 7425 4472 7425 4357 7425 4380 7426 4472 7426 4353 7426 4344 7427 4380 7427 4353 7427 4479 7428 4380 7428 4344 7428 4349 7429 4479 7429 4344 7429 4359 7430 4479 7430 4349 7430 4330 7431 4303 7431 4293 7431 4308 7432 4330 7432 4293 7432 4366 7433 4330 7433 4308 7433 4248 7434 4230 7434 4243 7434 4477 7435 4505 7435 4492 7435 4366 7436 4477 7436 4492 7436 4339 7437 4477 7437 4366 7437 4308 7438 4339 7438 4366 7438 4321 7439 4339 7439 4308 7439 4291 7440 4321 7440 4308 7440 4291 7441 4278 7441 4301 7441 4310 7442 4291 7442 4301 7442 4321 7443 4291 7443 4310 7443 4301 7444 4278 7444 4269 7444 4275 7445 4301 7445 4269 7445 4280 7446 4301 7446 4275 7446 4308 7447 4293 7447 4288 7447 4276 7448 4308 7448 4288 7448 4291 7449 4308 7449 4276 7449 4267 7450 4291 7450 4276 7450 4278 7451 4291 7451 4267 7451 4256 7452 4278 7452 4267 7452 4269 7453 4278 7453 4256 7453 4211 7454 4197 7454 4206 7454 4210 7455 4211 7455 4206 7455 4230 7456 4211 7456 4210 7456 4217 7457 4230 7457 4210 7457 4243 7458 4230 7458 4217 7458 4229 7459 4243 7459 4217 7459 4241 7460 4243 7460 4229 7460 4239 7461 4241 7461 4229 7461 4232 7462 4239 7462 4229 7462 4236 7463 4239 7463 4232 7463 4262 7464 4248 7464 4243 7464 4241 7465 4262 7465 4243 7465 4257 7466 4262 7466 4241 7466 4239 7467 4257 7467 4241 7467 4253 7468 4257 7468 4239 7468 4236 7469 4253 7469 4239 7469 4242 7470 4253 7470 4236 7470 4215 7471 4192 7471 4198 7471 4213 7472 4215 7472 4198 7472 4251 7473 4215 7473 4213 7473 4203 7474 4223 7474 4207 7474 4192 7475 4203 7475 4207 7475 4198 7476 4192 7476 4197 7476 4211 7477 4198 7477 4197 7477 4213 7478 4198 7478 4211 7478 4230 7479 4213 7479 4211 7479 4251 7480 4213 7480 4230 7480 4248 7481 4251 7481 4230 7481 4293 7482 4251 7482 4248 7482 4262 7483 4293 7483 4248 7483 4288 7484 4293 7484 4262 7484 4257 7485 4288 7485 4262 7485 4276 7486 4288 7486 4257 7486 4253 7487 4276 7487 4257 7487 4267 7488 4276 7488 4253 7488 4242 7489 4267 7489 4253 7489 4249 7490 4267 7490 4242 7490 4639 7491 4633 7491 4595 7491 4537 7492 4639 7492 4595 7492 4620 7493 4639 7493 4537 7493 4520 7494 4589 7494 4620 7494 4537 7495 4520 7495 4620 7495 4468 7496 4520 7496 4537 7496 4537 7497 4595 7497 4553 7497 4482 7498 4537 7498 4553 7498 4468 7499 4537 7499 4482 7499 4373 7500 4468 7500 4482 7500 4324 7501 4468 7501 4373 7501 4341 7502 4324 7502 4373 7502 4286 7503 4324 7503 4341 7503 4296 7504 4286 7504 4341 7504 4294 7505 4286 7505 4296 7505 4355 7506 4486 7506 4502 7506 4474 7507 4355 7507 4502 7507 4317 7508 4355 7508 4474 7508 4286 7509 4294 7509 4281 7509 4272 7510 4286 7510 4281 7510 4324 7511 4286 7511 4272 7511 4312 7512 4324 7512 4272 7512 4468 7513 4324 7513 4312 7513 4351 7514 4468 7514 4312 7514 4520 7515 4468 7515 4351 7515 4494 7516 4520 7516 4351 7516 4589 7517 4520 7517 4494 7517 4272 7518 4281 7518 4246 7518 4264 7519 4272 7519 4246 7519 4312 7520 4272 7520 4264 7520 4300 7521 4312 7521 4264 7521 4351 7522 4312 7522 4300 7522 4335 7523 4351 7523 4300 7523 4494 7524 4351 7524 4335 7524 4246 7525 4258 7525 4221 7525 4218 7526 4246 7526 4221 7526 4264 7527 4246 7527 4218 7527 4260 7528 4264 7528 4218 7528 4300 7529 4264 7529 4260 7529 4317 7530 4300 7530 4260 7530 4335 7531 4300 7531 4317 7531 4474 7532 4335 7532 4317 7532 4494 7533 4335 7533 4474 7533 4562 7534 4494 7534 4474 7534 4589 7535 4494 7535 4562 7535 5138 7536 5117 7536 5131 7536 5126 7537 5091 7537 5123 7537 5117 7538 5138 7538 5121 7538 5059 7539 5117 7539 5121 7539 5048 7540 5117 7540 5059 7540 5059 7541 5121 7541 5086 7541 5071 7542 5059 7542 5086 7542 5046 7543 5059 7543 5071 7543 5006 7544 5016 7544 5021 7544 5091 7545 5080 7545 5098 7545 5119 7546 5091 7546 5098 7546 5123 7547 5091 7547 5119 7547 5097 7548 5057 7548 5084 7548 5079 7549 5084 7549 5057 7549 5050 7550 5079 7550 5057 7550 5075 7551 5079 7551 5050 7551 5052 7552 5032 7552 5051 7552 5048 7553 5024 7553 5080 7553 5091 7554 5048 7554 5080 7554 5117 7555 5048 7555 5091 7555 5126 7556 5117 7556 5091 7556 5131 7557 5117 7557 5126 7557 5024 7558 4997 7558 5050 7558 5057 7559 5024 7559 5050 7559 5080 7560 5024 7560 5057 7560 5097 7561 5080 7561 5057 7561 5098 7562 5080 7562 5097 7562 4878 7563 4959 7563 4890 7563 4858 7564 4878 7564 4890 7564 4820 7565 4878 7565 4858 7565 4834 7566 4755 7566 4722 7566 5034 7567 5051 7567 5032 7567 5019 7568 5034 7568 5032 7568 5029 7569 5034 7569 5019 7569 5020 7570 5012 7570 5018 7570 5015 7571 5018 7571 5012 7571 4991 7572 5015 7572 5012 7572 4996 7573 5015 7573 4991 7573 4990 7574 4996 7574 4991 7574 4974 7575 4990 7575 4991 7575 4983 7576 4990 7576 4974 7576 4997 7577 4968 7577 5019 7577 5032 7578 4997 7578 5019 7578 5050 7579 4997 7579 5032 7579 5052 7580 5050 7580 5032 7580 5075 7581 5050 7581 5052 7581 4972 7582 4983 7582 4974 7582 4933 7583 4972 7583 4974 7583 4949 7584 4972 7584 4933 7584 4880 7585 4871 7585 4888 7585 4901 7586 4880 7586 4888 7586 4933 7587 4880 7587 4901 7587 4946 7588 4933 7588 4901 7588 4949 7589 4933 7589 4946 7589 4991 7590 5012 7590 4985 7590 4962 7591 4991 7591 4985 7591 4974 7592 4991 7592 4962 7592 4918 7593 4974 7593 4962 7593 4933 7594 4974 7594 4918 7594 4872 7595 4933 7595 4918 7595 4880 7596 4933 7596 4872 7596 4788 7597 4794 7597 4805 7597 4845 7598 4788 7598 4805 7598 4781 7599 4788 7599 4845 7599 4836 7600 4781 7600 4845 7600 4808 7601 4781 7601 4836 7601 4852 7602 4808 7602 4836 7602 4813 7603 4808 7603 4852 7603 4886 7604 4813 7604 4852 7604 4848 7605 4813 7605 4886 7605 4926 7606 4848 7606 4886 7606 4876 7607 4848 7607 4926 7607 4968 7608 4876 7608 4926 7608 4905 7609 4876 7609 4968 7609 4997 7610 4905 7610 4968 7610 4943 7611 4905 7611 4997 7611 5024 7612 4943 7612 4997 7612 4976 7613 4943 7613 5024 7613 5048 7614 4976 7614 5024 7614 4992 7615 4976 7615 5048 7615 5059 7616 4992 7616 5048 7616 5016 7617 4992 7617 5059 7617 5046 7618 5016 7618 5059 7618 5021 7619 5016 7619 5046 7619 4845 7620 4829 7620 4867 7620 4880 7621 4845 7621 4867 7621 4836 7622 4845 7622 4880 7622 4872 7623 4836 7623 4880 7623 4852 7624 4836 7624 4872 7624 4918 7625 4852 7625 4872 7625 4886 7626 4852 7626 4918 7626 4962 7627 4886 7627 4918 7627 4926 7628 4886 7628 4962 7628 4985 7629 4926 7629 4962 7629 4968 7630 4926 7630 4985 7630 4999 7631 4968 7631 4985 7631 5019 7632 4968 7632 4999 7632 5012 7633 5019 7633 4999 7633 5029 7634 5019 7634 5012 7634 5020 7635 5029 7635 5012 7635 4820 7636 4858 7636 4834 7636 4722 7637 4820 7637 4834 7637 4796 7638 4820 7638 4722 7638 4700 7639 4796 7639 4722 7639 4769 7640 4796 7640 4700 7640 4679 7641 4769 7641 4700 7641 4735 7642 4769 7642 4679 7642 4652 7643 4735 7643 4679 7643 4707 7644 4735 7644 4652 7644 4630 7645 4707 7645 4652 7645 4682 7646 4707 7646 4630 7646 4647 7647 4614 7647 4663 7647 4702 7648 4647 7648 4663 7648 4685 7649 4647 7649 4702 7649 4744 7650 4685 7650 4702 7650 4720 7651 4685 7651 4744 7651 4798 7652 4720 7652 4744 7652 4752 7653 4720 7653 4798 7653 4832 7654 4752 7654 4798 7654 4801 7655 4752 7655 4832 7655 4856 7656 4801 7656 4832 7656 4827 7657 4801 7657 4856 7657 4884 7658 4827 7658 4856 7658 4850 7659 4827 7659 4884 7659 4903 7660 4850 7660 4884 7660 4865 7661 4850 7661 4903 7661 4937 7662 4865 7662 4903 7662 4950 7663 4865 7663 4937 7663 4682 7664 4630 7664 4606 7664 4567 7665 4682 7665 4606 7665 4649 7666 4682 7666 4567 7666 4542 7667 4649 7667 4567 7667 4624 7668 4649 7668 4542 7668 4574 7669 4624 7669 4542 7669 4624 7670 4574 7670 4647 7670 4685 7671 4624 7671 4647 7671 4649 7672 4624 7672 4685 7672 4720 7673 4649 7673 4685 7673 4682 7674 4649 7674 4720 7674 4752 7675 4682 7675 4720 7675 4707 7676 4682 7676 4752 7676 4801 7677 4707 7677 4752 7677 4735 7678 4707 7678 4801 7678 4827 7679 4735 7679 4801 7679 4769 7680 4735 7680 4827 7680 4850 7681 4769 7681 4827 7681 4796 7682 4769 7682 4850 7682 4865 7683 4796 7683 4850 7683 4878 7684 4796 7684 4865 7684 4950 7685 4878 7685 4865 7685 4959 7686 4878 7686 4950 7686 4725 7687 4704 7687 4734 7687 4788 7688 4725 7688 4734 7688 4714 7689 4725 7689 4788 7689 4781 7690 4714 7690 4788 7690 4741 7691 4714 7691 4781 7691 4808 7692 4741 7692 4781 7692 4749 7693 4741 7693 4808 7693 4813 7694 4749 7694 4808 7694 4744 7695 4749 7695 4813 7695 4848 7696 4744 7696 4813 7696 4798 7697 4744 7697 4848 7697 4876 7698 4798 7698 4848 7698 4832 7699 4798 7699 4876 7699 4905 7700 4832 7700 4876 7700 4856 7701 4832 7701 4905 7701 4943 7702 4856 7702 4905 7702 4884 7703 4856 7703 4943 7703 4976 7704 4884 7704 4943 7704 4903 7705 4884 7705 4976 7705 4992 7706 4903 7706 4976 7706 4937 7707 4903 7707 4992 7707 5016 7708 4937 7708 4992 7708 4950 7709 4937 7709 5016 7709 5006 7710 4950 7710 5016 7710 4959 7711 4950 7711 5006 7711 4301 7712 4280 7712 4299 7712 4314 7713 4301 7713 4299 7713 4310 7714 4301 7714 4314 7714 4333 7715 4310 7715 4314 7715 4321 7716 4310 7716 4333 7716 4347 7717 4321 7717 4333 7717 4339 7718 4321 7718 4347 7718 4368 7719 4339 7719 4347 7719 4477 7720 4339 7720 4368 7720 4488 7721 4477 7721 4368 7721 4505 7722 4477 7722 4488 7722 4528 7723 4505 7723 4488 7723 4221 7724 4234 7724 4223 7724 4203 7725 4221 7725 4223 7725 4218 7726 4221 7726 4203 7726 4215 7727 4218 7727 4203 7727 4260 7728 4218 7728 4215 7728 4251 7729 4260 7729 4215 7729 4317 7730 4260 7730 4251 7730 4303 7731 4317 7731 4251 7731 4355 7732 4317 7732 4303 7732 4330 7733 4355 7733 4303 7733 4486 7734 4355 7734 4330 7734 4366 7735 4486 7735 4330 7735 4507 7736 4486 7736 4366 7736 4492 7737 4507 7737 4366 7737 4546 7738 4507 7738 4492 7738 4505 7739 4546 7739 4492 7739 4558 7740 4546 7740 4505 7740 4528 7741 4558 7741 4505 7741 4560 7742 4558 7742 4528 7742 4518 7743 4560 7743 4528 7743 4551 7744 4560 7744 4518 7744 4503 7745 4551 7745 4518 7745 4526 7746 4551 7746 4503 7746 4484 7747 4526 7747 4503 7747 4496 7748 4526 7748 4484 7748 4370 7749 4496 7749 4484 7749 4378 7750 4496 7750 4370 7750 4722 7751 4712 7751 4633 7751 4639 7752 4722 7752 4633 7752 4700 7753 4722 7753 4639 7753 4620 7754 4700 7754 4639 7754 4679 7755 4700 7755 4620 7755 4589 7756 4679 7756 4620 7756 4652 7757 4679 7757 4589 7757 4562 7758 4652 7758 4589 7758 4630 7759 4652 7759 4562 7759 4516 7760 4630 7760 4562 7760 4606 7761 4630 7761 4516 7761 4502 7762 4606 7762 4516 7762 4567 7763 4606 7763 4502 7763 4486 7764 4567 7764 4502 7764 4542 7765 4567 7765 4486 7765 4507 7766 4542 7766 4486 7766 4574 7767 4542 7767 4507 7767 4546 7768 4574 7768 4507 7768 4614 7769 4574 7769 4546 7769 4558 7770 4614 7770 4546 7770 4622 7771 4614 7771 4558 7771 4560 7772 4622 7772 4558 7772 4610 7773 4622 7773 4560 7773 4551 7774 4610 7774 4560 7774 4572 7775 4610 7775 4551 7775 4526 7776 4572 7776 4551 7776 4540 7777 4572 7777 4526 7777 4496 7778 4540 7778 4526 7778 4544 7779 4540 7779 4496 7779 4548 7780 4544 7780 4496 7780 4578 7781 4544 7781 4548 7781 3983 7782 4245 7782 4250 7782 4327 7783 4371 7783 4372 7783 4379 7784 4327 7784 4372 7784 4426 7785 4327 7785 4379 7785 4371 7786 4327 7786 4238 7786 4191 7787 4371 7787 4238 7787 4189 7788 4371 7788 4191 7788 4371 7789 4189 7789 4187 7789 4175 7790 4371 7790 4187 7790 4173 7791 4371 7791 4175 7791 4371 7792 4173 7792 4171 7792 4169 7793 4371 7793 4171 7793 4167 7794 4371 7794 4169 7794 3988 7795 4161 7795 4117 7795 3988 7796 4117 7796 4115 7796 4113 7797 3988 7797 4115 7797 4111 7798 3988 7798 4113 7798 3988 7799 3987 7799 4350 7799 4360 7800 3988 7800 4350 7800 4361 7801 3988 7801 4360 7801 4371 7802 4167 7802 4161 7802 3988 7803 4371 7803 4161 7803 4365 7804 4371 7804 3988 7804 4361 7805 4365 7805 3988 7805 3987 7806 3986 7806 4343 7806 4346 7807 3987 7807 4343 7807 4350 7808 3987 7808 4346 7808 3985 7809 4305 7809 4307 7809 4320 7810 3985 7810 4307 7810 3986 7811 3985 7811 4320 7811 4328 7812 3986 7812 4320 7812 4343 7813 3986 7813 4328 7813 3984 7814 4266 7814 4274 7814 4290 7815 3984 7815 4274 7815 3985 7816 3984 7816 4290 7816 4298 7817 3985 7817 4290 7817 4305 7818 3985 7818 4298 7818 3984 7819 3983 7819 4250 7819 4255 7820 3984 7820 4250 7820 4266 7821 3984 7821 4255 7821 4205 7822 4209 7822 3982 7822 3981 7823 4205 7823 3982 7823 4200 7824 4205 7824 3981 7824 3982 7825 4209 7825 4220 7825 4228 7826 3982 7826 4220 7826 3983 7827 3982 7827 4228 7827 4233 7828 3983 7828 4228 7828 4245 7829 3983 7829 4233 7829 2309 7830 2495 7830 2304 7830 2302 7831 2304 7831 2495 7831 2496 7832 2302 7832 2495 7832 2289 7833 2302 7833 2496 7833 2497 7834 2261 7834 2266 7834 2275 7835 2497 7835 2266 7835 2496 7836 2497 7836 2275 7836 2281 7837 2496 7837 2275 7837 2289 7838 2496 7838 2281 7838 2256 7839 2261 7839 2497 7839 2498 7840 2256 7840 2497 7840 2245 7841 2256 7841 2498 7841 2208 7842 2499 7842 2206 7842 2499 7843 2208 7843 2215 7843 2221 7844 2499 7844 2215 7844 2498 7845 2499 7845 2221 7845 2237 7846 2498 7846 2221 7846 2245 7847 2498 7847 2237 7847 2193 7848 2206 7848 2499 7848 2500 7849 2193 7849 2499 7849 2187 7850 2193 7850 2500 7850 2175 7851 2187 7851 2500 7851 2501 7852 2175 7852 2500 7852 2172 7853 2175 7853 2501 7853 2152 7854 2502 7854 2146 7854 2502 7855 2152 7855 2155 7855 2157 7856 2502 7856 2155 7856 2501 7857 2502 7857 2157 7857 2166 7858 2501 7858 2157 7858 2172 7859 2501 7859 2166 7859 2146 7860 2328 7860 2307 7860 2330 7861 2328 7861 2146 7861 2502 7862 2330 7862 2146 7862 2503 7863 2330 7863 2502 7863 2307 7864 2093 7864 2137 7864 2144 7865 2307 7865 2137 7865 2146 7866 2307 7866 2144 7866 2494 7867 3228 7867 2495 7867 2309 7868 2494 7868 2495 7868 2317 7869 2494 7869 2309 7869 3236 7870 2503 7870 2502 7870 2501 7871 3236 7871 2502 7871 3235 7872 3236 7872 2501 7872 2500 7873 3235 7873 2501 7873 3234 7874 3235 7874 2500 7874 2499 7875 3234 7875 2500 7875 3233 7876 3234 7876 2499 7876 2498 7877 3233 7877 2499 7877 3232 7877 3233 7877 2498 7877 2497 7878 3232 7878 2498 7878 3231 7879 3232 7879 2497 7879 2496 7880 3231 7880 2497 7880 3230 7881 3231 7881 2496 7881 2495 7882 3230 7882 2496 7882 3229 7883 3230 7883 2495 7883 3228 7884 3229 7884 2495 7884 3980 7885 3229 7885 3228 7885 3980 7886 4196 7886 4200 7886 3981 7887 3980 7887 4200 7887 3229 7888 3980 7888 3981 7888 3982 7889 3229 7889 3981 7889 3230 7889 3229 7889 3982 7889 3983 7890 3230 7890 3982 7890 3231 7891 3230 7891 3983 7891 3984 7892 3231 7892 3983 7892 3232 7893 3231 7893 3984 7893 3985 7894 3232 7894 3984 7894 3233 7894 3232 7894 3985 7894 3986 7895 3233 7895 3985 7895 3234 7896 3233 7896 3986 7896 3987 7897 3234 7897 3986 7897 3235 7898 3234 7898 3987 7898 3988 7899 3235 7899 3987 7899 3236 7900 3235 7900 3988 7900 3988 7901 4111 7901 3989 7901 3955 7902 3988 7902 3989 7902 3941 7903 3988 7903 3955 7903 3988 7904 3941 7904 3887 7904 3781 7905 3988 7905 3887 7905 3779 7906 3988 7906 3781 7906 3236 7907 3439 7907 3437 7907 3237 7908 3236 7908 3437 7908 2503 7909 3236 7909 3237 7909 3988 7910 3779 7910 3761 7910 3619 7911 3988 7911 3761 7911 3236 7912 3988 7912 3619 7912 3585 7913 3236 7913 3619 7913 3439 7914 3236 7914 3585 7914 5157 7915 5088 7915 5156 7915 4208 7916 4227 7916 4224 7916 4235 7917 4224 7917 4227 7917 4285 7918 4235 7918 4227 7918 4259 7919 4235 7919 4285 7919 4377 7920 4342 7920 4297 7920 4295 7921 4377 7921 4297 7921 4285 7922 4377 7922 4295 7922 4282 7923 4285 7923 4295 7923 4259 7924 4285 7924 4282 7924 4599 7925 4596 7925 4554 7925 4483 7926 4599 7926 4554 7926 4377 7927 4599 7927 4483 7927 4374 7928 4377 7928 4483 7928 4342 7929 4377 7929 4374 7929 4634 7930 4596 7930 4599 7930 4759 7931 4634 7931 4599 7931 4713 7932 4634 7932 4759 7932 4894 7933 4891 7933 4859 7933 4835 7934 4894 7934 4859 7934 4759 7935 4894 7935 4835 7935 4756 7936 4759 7936 4835 7936 4713 7937 4759 7937 4756 7937 4897 7938 4891 7938 4894 7938 5010 7939 4897 7939 4894 7939 4960 7940 4897 7940 5010 7940 5072 7941 5090 7941 5087 7941 5090 7942 5072 7942 5047 7942 5022 7943 5090 7943 5047 7943 5010 7944 5090 7944 5022 7944 5007 7945 5010 7945 5022 7945 4960 7946 5010 7946 5007 7946 5086 7947 5142 7947 5143 7947 5140 7948 5121 7948 5139 7948 5086 7949 5121 7949 5140 7949 5141 7950 5086 7950 5140 7950 5142 7951 5086 7951 5141 7951 5086 7952 5143 7952 5144 7952 5145 7953 5086 7953 5144 7953 5146 7954 5086 7954 5145 7954 5086 7955 5146 7955 5147 7955 5148 7956 5086 7956 5147 7956 5149 7957 5086 7957 5148 7957 5086 7958 5149 7958 5150 7958 5151 7959 5086 7959 5150 7959 5088 7960 5086 7960 5151 7960 5152 7961 5088 7961 5151 7961 5153 7962 5088 7962 5152 7962 5088 7963 5153 7963 5154 7963 5155 7964 5088 7964 5154 7964 5156 7965 5088 7965 5155 7965 5088 7966 5021 7966 5046 7966 5071 7967 5088 7967 5046 7967 5086 7968 5088 7968 5071 7968 5006 7969 5021 7969 5088 7969 5008 7970 5006 7970 5088 7970 4959 7971 5006 7971 5008 7971 4892 7972 4959 7972 5008 7972 4890 7973 4959 7973 4892 7973 4892 7974 4757 7974 4834 7974 4858 7975 4892 7975 4834 7975 4890 7976 4892 7976 4858 7976 4757 7977 4597 7977 4595 7977 4633 7978 4757 7978 4595 7978 4757 7979 4633 7979 4712 7979 4755 7980 4757 7980 4712 7980 4834 7981 4757 7981 4755 7981 4597 7982 4375 7982 4482 7982 4553 7983 4597 7983 4482 7983 4595 7984 4597 7984 4553 7984 4375 7985 4296 7985 4341 7985 4373 7986 4375 7986 4341 7986 4482 7987 4375 7987 4373 7987 4223 7988 4234 7988 4283 7988 4225 7989 4223 7989 4283 7989 4207 7990 4223 7990 4225 7990 4283 7991 4234 7991 4258 7991 4281 7992 4283 7992 4258 7992 4375 7993 4283 7993 4281 7993 4294 7994 4375 7994 4281 7994 4296 7995 4375 7995 4294 7995 4195 7996 4194 7996 4227 7996 4208 7997 4195 7997 4227 7997 4196 7998 4195 7998 4208 7998 5159 7999 5160 7999 5122 7999 5087 8000 5159 8000 5122 8000 5158 8001 5159 8001 5087 8001 5090 8002 5158 8002 5087 8002 5089 8003 5158 8003 5090 8003 5010 8004 5089 8004 5090 8004 5009 7970 5089 7970 5010 7970 4894 8005 5009 8005 5010 8005 4893 8006 5009 8006 4894 8006 4759 8007 4893 8007 4894 8007 4758 8008 4893 8008 4759 8008 4599 8009 4758 8009 4759 8009 4598 8010 4758 8010 4599 8010 4377 8011 4598 8011 4599 8011 4376 8012 4598 8012 4377 8012 4285 8013 4376 8013 4377 8013 4284 8014 4376 8014 4285 8014 4227 8015 4284 8015 4285 8015 4226 8016 4284 8016 4227 8016 4194 8017 4226 8017 4227 8017 4193 8018 4226 8018 4194 8018 4193 8019 4192 8019 4207 8019 4225 8020 4193 8020 4207 8020 4226 8021 4193 8021 4225 8021 4283 8022 4226 8022 4225 8022 4284 8023 4226 8023 4283 8023 4375 8024 4284 8024 4283 8024 4376 8025 4284 8025 4375 8025 4597 8026 4376 8026 4375 8026 4598 8027 4376 8027 4597 8027 4757 8028 4598 8028 4597 8028 4758 8029 4598 8029 4757 8029 4892 8030 4758 8030 4757 8030 4893 8031 4758 8031 4892 8031 5008 8032 4893 8032 4892 8032 5009 8033 4893 8033 5008 8033 5088 8034 5009 8034 5008 8034 5089 8035 5009 8035 5088 8035 5157 8036 5089 8036 5088 8036 5158 8003 5089 8003 5157 8003 4216 8037 4199 8037 4196 8037 4743 8038 4726 8038 4715 8038 4302 8039 4298 8039 4290 8039 4315 8040 4307 8040 4305 8040 4527 8041 4497 8041 4485 8041 4501 8042 4541 8042 4522 8042 4212 8043 4220 8043 4209 8043 4231 8044 4228 8044 4220 8044 4331 8045 4476 8045 4367 8045 4340 8046 4331 8046 4367 8046 4469 8047 4374 8047 4483 8047 4265 8048 4345 8048 4336 8048 4653 8049 4770 8049 4736 8049 4879 8050 4891 8050 4897 8050 4960 8051 4879 8051 4897 8051 4736 8052 4851 8052 4828 8052 5076 8053 5093 8053 5085 8053 5045 8054 5061 8054 5044 8054 5013 8055 5042 8055 5026 8055 4975 8056 4988 8056 4980 8056 4934 8057 4970 8057 4945 8057 4881 8058 4902 8058 4898 8058 5011 8059 4988 8059 4975 8059 4849 8060 4745 8060 4799 8060 4877 8061 4849 8061 4799 8061 4927 8062 4849 8062 4877 8062 4969 8063 4927 8063 4877 8063 5000 8064 4927 8064 4969 8064 5033 8065 5000 8065 4969 8065 5013 8066 5000 8066 5033 8066 5045 8067 5013 8067 5033 8067 5042 8068 5013 8068 5045 8068 5044 8069 5042 8069 5045 8069 4877 8070 4799 8070 4833 8070 4906 8071 4877 8071 4833 8071 4969 8072 4877 8072 4906 8072 4998 8073 4969 8073 4906 8073 5033 8074 4969 8074 4998 8074 5058 8075 5033 8075 4998 8075 5045 8076 5033 8076 5058 8076 5076 8077 5045 8077 5058 8077 5061 8078 5045 8078 5076 8078 5085 8079 5061 8079 5076 8079 5118 8080 5122 8080 5160 8080 5132 8081 5118 8081 5160 8081 5060 8082 5047 8082 5072 8082 5087 8083 5060 8083 5072 8083 5113 8084 5116 8084 5093 8084 5076 8085 5113 8085 5093 8085 5092 8086 5113 8086 5076 8086 5058 8087 5092 8087 5076 8087 5025 8088 5092 8088 5058 8088 4998 8089 5025 8089 5058 8089 4944 8090 5025 8090 4998 8090 4906 8091 4944 8091 4998 8091 4857 8092 4944 8092 4906 8092 4833 8093 4857 8093 4906 8093 4753 8094 4857 8094 4833 8094 4904 8095 4828 8095 4851 8095 4938 8096 4904 8096 4851 8096 4993 8097 4904 8097 4938 8097 5017 8098 4993 8098 4938 8098 5060 8099 4993 8099 5017 8099 5022 8100 5060 8100 5017 8100 5047 8101 5060 8101 5022 8101 4879 8102 4797 8102 4821 8102 4851 8103 4736 8103 4770 8103 4866 8104 4851 8104 4770 8104 4938 8105 4851 8105 4866 8105 4951 8106 4938 8106 4866 8106 5017 8107 4938 8107 4951 8107 4701 8108 4723 8108 4821 8108 4797 8109 4701 8109 4821 8109 4680 8110 4701 8110 4797 8110 4756 8111 4723 8111 4713 8111 4821 8112 4723 8112 4756 8112 4835 8113 4821 8113 4756 8113 4879 8114 4821 8114 4835 8114 4859 8115 4879 8115 4835 8115 4891 8116 4879 8116 4859 8116 4770 8117 4653 8117 4680 8117 4797 8118 4770 8118 4680 8118 4866 8119 4770 8119 4797 8119 4879 8120 4866 8120 4797 8120 4951 8121 4866 8121 4879 8121 4960 8122 4951 8122 4879 8122 5017 8123 4951 8123 4960 8123 5007 8124 5017 8124 4960 8124 5022 8125 5017 8125 5007 8125 4475 8126 4336 8126 4345 8126 4495 8127 4475 8127 4345 8127 4517 8128 4475 8128 4495 8128 4270 8129 4247 8129 4273 8129 4631 8130 4708 8130 4607 8130 4517 8131 4631 8131 4607 8131 4563 8132 4631 8132 4517 8132 4495 8133 4563 8133 4517 8133 4590 8134 4563 8134 4495 8134 4521 8135 4590 8135 4495 8135 4521 8136 4538 8136 4640 8136 4621 8137 4521 8137 4640 8137 4590 8138 4521 8138 4621 8138 4640 8139 4538 8139 4554 8139 4596 8140 4640 8140 4554 8140 4634 8141 4640 8141 4596 8141 4495 8142 4345 8142 4352 8142 4363 8143 4495 8143 4352 8143 4521 8144 4495 8144 4363 8144 4469 8145 4521 8145 4363 8145 4538 8146 4521 8146 4469 8146 4483 8147 4538 8147 4469 8147 4554 8148 4538 8148 4483 8148 4222 8149 4208 8149 4224 8149 4235 8150 4222 8150 4224 8150 4247 8151 4222 8151 4235 8151 4259 8152 4247 8152 4235 8152 4273 8153 4247 8153 4259 8153 4282 8154 4273 8154 4259 8154 4277 8155 4273 8155 4282 8155 4287 8156 4277 8156 4282 8156 4295 8157 4287 8157 4282 8157 4297 8158 4287 8158 4295 8158 4313 8159 4270 8159 4273 8159 4277 8160 4313 8160 4273 8160 4319 8161 4313 8161 4277 8161 4287 8162 4319 8162 4277 8162 4325 8163 4319 8163 4287 8163 4297 8164 4325 8164 4287 8164 4342 8165 4325 8165 4297 8165 4216 8166 4196 8166 4204 8166 4219 8167 4216 8167 4204 8167 4265 8168 4216 8168 4219 8168 4199 8169 4205 8169 4200 8169 4196 8170 4199 8170 4200 8170 4204 8171 4196 8171 4208 8171 4222 8172 4204 8172 4208 8172 4219 8173 4204 8173 4222 8173 4247 8174 4219 8174 4222 8174 4265 8175 4219 8175 4247 8175 4270 8176 4265 8176 4247 8176 4345 8177 4265 8177 4270 8177 4313 8178 4345 8178 4270 8178 4352 8179 4345 8179 4313 8179 4319 8180 4352 8180 4313 8180 4363 8181 4352 8181 4319 8181 4325 8182 4363 8182 4319 8182 4469 8183 4363 8183 4325 8183 4342 8184 4469 8184 4325 8184 4374 8185 4469 8185 4342 8185 4302 8186 4290 8186 4274 8186 4279 8187 4302 8187 4274 8187 4311 8188 4302 8188 4279 8188 4292 8189 4322 8189 4311 8189 4279 8190 4292 8190 4311 8190 4268 8191 4292 8191 4279 8191 4245 8192 4233 8192 4240 8192 4254 8193 4245 8193 4240 8193 4250 8194 4245 8194 4254 8194 4268 8195 4250 8195 4254 8195 4255 8196 4250 8196 4268 8196 4279 8197 4255 8197 4268 8197 4266 8198 4255 8198 4279 8198 4274 8199 4266 8199 4279 8199 4356 8200 4487 8200 4476 8200 4331 8201 4356 8201 4476 8201 4318 8202 4356 8202 4331 8202 4240 8203 4233 8203 4228 8203 4244 8204 4240 8204 4228 8204 4254 8205 4240 8205 4244 8205 4263 8206 4254 8206 4244 8206 4268 8207 4254 8207 4263 8207 4289 8208 4268 8208 4263 8208 4292 8209 4268 8209 4289 8209 4309 8210 4292 8210 4289 8210 4322 8211 4292 8211 4309 8211 4244 8212 4228 8212 4231 8212 4252 8213 4244 8213 4231 8213 4263 8214 4244 8214 4252 8214 4271 8215 4263 8215 4252 8215 4289 8216 4263 8216 4271 8216 4304 8217 4289 8217 4271 8217 4309 8218 4289 8218 4304 8218 4231 8219 4220 8219 4212 8219 4214 8220 4231 8220 4212 8220 4252 8221 4231 8221 4214 8221 4261 8222 4252 8222 4214 8222 4271 8223 4252 8223 4261 8223 4318 8224 4271 8224 4261 8224 4304 8225 4271 8225 4318 8225 4331 8226 4304 8226 4318 8226 4309 8227 4304 8227 4331 8227 4340 8228 4309 8228 4331 8228 4322 8229 4309 8229 4340 8229 4497 8230 4426 8230 4379 8230 4372 8231 4497 8231 4379 8231 4485 8232 4497 8232 4372 8232 4371 8233 4485 8233 4372 8233 4365 8234 4485 8234 4371 8234 4480 8235 4361 8235 4360 8235 4350 8236 4480 8236 4360 8236 4557 8237 4522 8237 4541 8237 4566 8238 4557 8238 4541 8238 4571 8239 4557 8239 4566 8239 4632 8240 4613 8240 4605 8240 4626 8241 4613 8241 4632 8241 4527 8242 4573 8242 4566 8242 4541 8243 4527 8243 4566 8243 4497 8244 4527 8244 4541 8244 4501 8245 4497 8245 4541 8245 4426 8246 4497 8246 4501 8246 4573 8247 4644 8247 4632 8247 4605 8248 4573 8248 4632 8248 4566 8249 4573 8249 4605 8249 4613 8250 4566 8250 4605 8250 4571 8251 4566 8251 4613 8251 4354 8252 4343 8252 4328 8252 4338 8253 4354 8253 4328 8253 4358 8254 4354 8254 4338 8254 4320 8255 4307 8255 4315 8255 4661 8256 4687 8256 4692 8256 4670 8257 4661 8257 4692 8257 4651 8258 4661 8258 4670 8258 4687 8259 4727 8259 4724 8259 4696 8260 4687 8260 4724 8260 4692 8261 4687 8261 4696 8261 4746 8262 4751 8262 4728 8262 4726 8263 4746 8263 4728 8263 4754 8264 4751 8264 4746 8264 4789 8265 4754 8265 4746 8265 4793 8266 4754 8266 4789 8266 4644 8267 4691 8267 4687 8267 4661 8268 4644 8268 4687 8268 4632 8269 4644 8269 4661 8269 4651 8270 4632 8270 4661 8270 4626 8271 4632 8271 4651 8271 4789 8272 4846 8272 4825 8272 4795 8273 4789 8273 4825 8273 4793 8274 4789 8274 4795 8274 4881 8275 4898 8275 4889 8275 4868 8276 4881 8276 4889 8276 4846 8277 4881 8277 4868 8277 4830 8278 4846 8278 4868 8278 4825 8279 4846 8279 4830 8279 4746 8280 4726 8280 4743 8280 4782 8281 4746 8281 4743 8281 4789 8282 4746 8282 4782 8282 4837 8283 4789 8283 4782 8283 4846 8284 4789 8284 4837 8284 4873 8285 4846 8285 4837 8285 4881 8286 4846 8286 4873 8286 4975 8287 4980 8287 4970 8287 4934 8288 4975 8288 4970 8288 4963 8289 4975 8289 4934 8289 4919 8290 4963 8290 4934 8290 4887 8291 4963 8291 4919 8291 4853 8292 4887 8292 4919 8292 4814 8293 4887 8293 4853 8293 4809 8294 4814 8294 4853 8294 4750 8295 4814 8295 4809 8295 4742 8296 4750 8296 4809 8296 4706 8297 4750 8297 4742 8297 4691 8298 4706 8298 4742 8298 4659 8299 4706 8299 4691 8299 4644 8300 4659 8300 4691 8300 4611 8301 4659 8301 4644 8301 4573 8302 4611 8302 4644 8302 4552 8303 4611 8303 4573 8303 4527 8304 4552 8304 4573 8304 4504 8305 4552 8305 4527 8305 4485 8306 4504 8306 4527 8306 4480 8307 4504 8307 4485 8307 4365 8308 4480 8308 4485 8308 4361 8309 4480 8309 4365 8309 4934 8310 4945 8310 4902 8310 4881 8311 4934 8311 4902 8311 4919 8312 4934 8312 4881 8312 4873 8313 4919 8313 4881 8313 4853 8314 4919 8314 4873 8314 4837 8315 4853 8315 4873 8315 4809 8316 4853 8316 4837 8316 4782 8317 4809 8317 4837 8317 4742 8318 4809 8318 4782 8318 4743 8319 4742 8319 4782 8319 4691 8320 4742 8320 4743 8320 4715 8321 4691 8321 4743 8321 4687 8322 4691 8322 4715 8322 4726 8323 4687 8323 4715 8323 4727 8324 4687 8324 4726 8324 4728 8325 4727 8325 4726 8325 4338 8326 4328 8326 4320 8326 4315 8327 4338 8327 4320 8327 4358 8328 4338 8328 4315 8328 4334 8329 4358 8329 4315 8329 4471 8330 4358 8330 4334 8330 4348 8331 4471 8331 4334 8331 4489 8332 4471 8332 4348 8332 4369 8333 4489 8333 4348 8333 4506 8334 4489 8334 4369 8334 4478 8335 4506 8335 4369 8335 4547 8336 4506 8336 4478 8336 4721 8337 4753 8337 4833 8337 4799 8338 4721 8338 4833 8338 4686 8339 4721 8339 4799 8339 4745 8340 4686 8340 4799 8340 4648 8341 4686 8341 4745 8341 4703 8342 4648 8342 4745 8342 4615 8343 4648 8343 4703 8343 4664 8344 4615 8344 4703 8344 4559 8345 4615 8345 4664 8345 4623 8346 4559 8346 4664 8346 4529 8347 4559 8347 4623 8347 4561 8348 4529 8348 4623 8348 4499 8349 4529 8349 4561 8349 4519 8350 4499 8350 4561 8350 4473 8351 4499 8351 4519 8351 4491 8352 4473 8352 4519 8352 4381 8353 4473 8353 4491 8353 4547 8354 4478 8354 4493 8354 4508 8355 4547 8355 4493 8355 4575 8356 4547 8356 4508 8356 4543 8357 4575 8357 4508 8357 4625 8358 4575 8358 4543 8358 4650 8359 4625 8359 4543 8359 4381 8360 4346 8360 4343 8360 4354 8361 4381 8361 4343 8361 4473 8362 4381 8362 4354 8362 4358 8363 4473 8363 4354 8363 4499 8364 4473 8364 4358 8364 4471 8365 4499 8365 4358 8365 4529 8366 4499 8366 4471 8366 4489 8367 4529 8367 4471 8367 4559 8368 4529 8368 4489 8368 4506 8369 4559 8369 4489 8369 4615 8370 4559 8370 4506 8370 4547 8371 4615 8371 4506 8371 4648 8372 4615 8372 4547 8372 4575 8373 4648 8373 4547 8373 4686 8374 4648 8374 4575 8374 4625 8375 4686 8375 4575 8375 4721 8376 4686 8376 4625 8376 4650 8377 4721 8377 4625 8377 4753 8378 4721 8378 4650 8378 5013 8379 5026 8379 5011 8379 4975 8380 5013 8380 5011 8380 5000 8381 5013 8381 4975 8381 4963 8382 5000 8382 4975 8382 4927 8383 5000 8383 4963 8383 4887 8384 4927 8384 4963 8384 4849 8385 4927 8385 4887 8385 4814 8386 4849 8386 4887 8386 4745 8387 4849 8387 4814 8387 4750 8388 4745 8388 4814 8388 4703 8389 4745 8389 4750 8389 4706 8390 4703 8390 4750 8390 4664 8391 4703 8391 4706 8391 4659 8392 4664 8392 4706 8392 4623 8393 4664 8393 4659 8393 4611 8394 4623 8394 4659 8394 4561 8395 4623 8395 4611 8395 4552 8396 4561 8396 4611 8396 4519 8397 4561 8397 4552 8397 4504 8398 4519 8398 4552 8398 4491 8399 4519 8399 4504 8399 4480 8400 4491 8400 4504 8400 4381 8401 4491 8401 4480 8401 4350 8402 4381 8402 4480 8402 4346 8403 4381 8403 4350 8403 4640 8404 4634 8404 4713 8404 4723 8405 4640 8405 4713 8405 4621 8406 4640 8406 4723 8406 4701 8407 4621 8407 4723 8407 4590 8408 4621 8408 4701 8408 4680 8409 4590 8409 4701 8409 4563 8410 4590 8410 4680 8410 4653 8411 4563 8411 4680 8411 4631 8412 4563 8412 4653 8412 4736 8413 4631 8413 4653 8413 4708 8414 4631 8414 4736 8414 4828 8415 4708 8415 4736 8415 4212 8416 4209 8416 4205 8416 4199 8417 4212 8417 4205 8417 4214 8418 4212 8418 4199 8418 4216 8419 4214 8419 4199 8419 4261 8420 4214 8420 4216 8420 4265 8421 4261 8421 4216 8421 4318 8422 4261 8422 4265 8422 4336 8423 4318 8423 4265 8423 4356 8424 4318 8424 4336 8424 4475 8425 4356 8425 4336 8425 4487 8426 4356 8426 4475 8426 4517 8427 4487 8427 4475 8427 4568 8428 4487 8428 4517 8428 4607 8429 4568 8429 4517 8429 4683 8430 4568 8430 4607 8430 4708 8431 4683 8431 4607 8431 4802 8432 4683 8432 4708 8432 4828 8433 4802 8433 4708 8433 4885 8434 4802 8434 4828 8434 4904 8435 4885 8435 4828 8435 4977 8436 4885 8436 4904 8436 4993 8437 4977 8437 4904 8437 5049 8438 4977 8438 4993 8438 5060 8439 5049 8439 4993 8439 5118 8440 5049 8440 5060 8440 5087 8441 5118 8441 5060 8441 5122 8442 5118 8442 5087 8442 4315 8443 4305 8443 4298 8443 4302 8444 4315 8444 4298 8444 4334 8445 4315 8445 4302 8445 4311 8446 4334 8446 4302 8446 4348 8447 4334 8447 4311 8447 4322 8448 4348 8448 4311 8448 4369 8449 4348 8449 4322 8449 4340 8450 4369 8450 4322 8450 4478 8451 4369 8451 4340 8451 4367 8452 4478 8452 4340 8452 4493 8453 4478 8453 4367 8453 4476 8454 4493 8454 4367 8454 4508 8455 4493 8455 4476 8455 4487 8456 4508 8456 4476 8456 4543 8457 4508 8457 4487 8457 4568 8458 4543 8458 4487 8458 4650 8459 4543 8459 4568 8459 4683 8460 4650 8460 4568 8460 4753 8461 4650 8461 4683 8461 4802 8462 4753 8462 4683 8462 4857 8463 4753 8463 4802 8463 4885 8464 4857 8464 4802 8464 4944 8465 4857 8465 4885 8465 4977 8466 4944 8466 4885 8466 5025 8467 4944 8467 4977 8467 5049 8468 5025 8468 4977 8468 5092 8469 5025 8469 5049 8469 5118 8470 5092 8470 5049 8470 5113 8471 5092 8471 5118 8471 5132 8472 5113 8472 5118 8472 5116 8473 5113 8473 5132 8473 5878 8474 5847 8474 5846 8474 5869 8475 5882 8475 5870 8475 5955 8476 5966 8476 5967 8476 5956 8477 5955 8477 5967 8477 5944 8478 5955 8478 5956 8478 5945 8478 5944 8478 5956 8478 5933 8479 5944 8479 5945 8479 5934 8480 5933 8480 5945 8480 5923 8481 5933 8481 5934 8481 5924 8482 5923 8482 5934 8482 5914 8483 5923 8483 5924 8483 5915 8484 5914 8484 5924 8484 5901 8485 5914 8485 5915 8485 5902 8486 5901 8486 5915 8486 5887 8487 5901 8487 5902 8487 5888 8488 5887 8488 5902 8488 5881 8489 5887 8489 5888 8489 5882 8490 5881 8490 5888 8490 5882 8491 5869 8491 5868 8491 5867 8492 5882 8492 5868 8492 5881 8493 5882 8493 5867 8493 5866 8494 5881 8494 5867 8494 5865 8495 5881 8495 5866 8495 5880 8496 5863 8496 5862 8496 5864 8497 5863 8497 5880 8497 5880 8498 5862 8498 5861 8498 5860 8499 5880 8499 5861 8499 5859 8500 5880 8500 5860 8500 5954 8501 5965 8501 5966 8501 5955 8502 5954 8502 5966 8502 5943 8503 5954 8503 5955 8503 5944 8504 5943 8504 5955 8504 5932 8505 5943 8505 5944 8505 5933 8505 5932 8505 5944 8505 5922 8506 5932 8506 5933 8506 5923 8507 5922 8507 5933 8507 5913 8508 5922 8508 5923 8508 5914 8509 5913 8509 5923 8509 5900 8510 5913 8510 5914 8510 5901 8511 5900 8511 5914 8511 5886 8512 5900 8512 5901 8512 5887 8512 5886 8512 5901 8512 5880 8513 5886 8513 5887 8513 5881 8514 5880 8514 5887 8514 5864 8515 5880 8515 5881 8515 5865 8516 5864 8516 5881 8516 5880 8517 5859 8517 5858 8517 5857 8518 5880 8518 5858 8518 5856 8519 5880 8519 5857 8519 5879 8520 5855 8520 5854 8520 5853 8521 5879 8521 5854 8521 5852 8522 5879 8522 5853 8522 5953 8523 5964 8523 5965 8523 5954 8502 5953 8502 5965 8502 5942 8524 5953 8524 5954 8524 5943 8525 5942 8525 5954 8525 5931 8526 5942 8526 5943 8526 5932 8505 5931 8505 5943 8505 5921 8527 5931 8527 5932 8527 5922 8507 5921 8507 5932 8507 5912 8508 5921 8508 5922 8508 5913 8528 5912 8528 5922 8528 5899 8529 5912 8529 5913 8529 5900 8530 5899 8530 5913 8530 5885 8512 5899 8512 5900 8512 5886 8512 5885 8512 5900 8512 5879 8514 5885 8514 5886 8514 5880 8531 5879 8531 5886 8531 5855 8532 5879 8532 5880 8532 5856 8533 5855 8533 5880 8533 5879 8534 5852 8534 5851 8534 5850 8535 5879 8535 5851 8535 5849 8536 5879 8536 5850 8536 5848 8537 5847 8537 5878 8537 5952 8538 5963 8538 5964 8538 5953 8539 5952 8539 5964 8539 5941 8540 5952 8540 5953 8540 5942 8541 5941 8541 5953 8541 5930 8542 5941 8542 5942 8542 5931 8542 5930 8542 5942 8542 5920 8543 5930 8543 5931 8543 5921 8544 5920 8544 5931 8544 5911 8545 5920 8545 5921 8545 5912 8546 5911 8546 5921 8546 5898 8547 5911 8547 5912 8547 5899 8548 5898 8548 5912 8548 5884 8549 5898 8549 5899 8549 5885 8550 5884 8550 5899 8550 5878 8551 5884 8551 5885 8551 5879 8552 5878 8552 5885 8552 5848 8553 5878 8553 5879 8553 5849 8554 5848 8554 5879 8554 4449 8555 4448 8555 4512 8555 4513 8556 4449 8556 4512 8556 4450 8557 4449 8557 4513 8557 4514 8558 4452 8558 4450 8558 4515 8559 4453 8559 4452 8559 4523 8560 4454 8560 4453 8560 4524 8561 4455 8561 4454 8561 4525 8562 4456 8562 4455 8562 4530 8563 4457 8563 4456 8563 4531 8564 4458 8564 4457 8564 4629 8565 4709 8565 4771 8565 4513 8566 4629 8566 4771 8566 4539 8567 4629 8567 4513 8567 4512 8568 4539 8568 4513 8568 4920 8569 5023 8569 5056 8569 4810 8570 4920 8570 5056 8570 4807 8571 4920 8571 4810 8571 4771 8572 4807 8572 4810 8572 4766 8573 4807 8573 4771 8573 4709 8574 4766 8574 4771 8574 5167 8575 5210 8575 5248 8575 5056 8576 5167 8576 5248 8576 5055 8577 5167 8577 5056 8577 5023 8578 5055 8578 5056 8578 5248 8579 5210 8579 5245 8579 5260 8580 5248 8580 5245 8580 5263 8581 5248 8581 5260 8581 5412 8582 5263 8582 5260 8582 5412 8583 5527 8583 5545 8583 5423 8584 5412 8584 5545 8584 5263 8585 5412 8585 5423 8585 5545 8586 5527 8586 5544 8586 5553 8587 5545 8587 5544 8587 5558 8588 5545 8588 5553 8588 5694 8589 5558 8589 5553 8589 5675 8590 5694 8590 5553 8590 5692 8591 5694 8591 5675 8591 5694 8592 5692 8592 5711 8592 5776 8593 5694 8593 5711 8593 5796 8594 5694 8594 5776 8594 5792 8595 5796 8595 5776 8595 5796 8596 5792 8596 5794 8596 5797 8597 5796 8597 5794 8597 5799 8598 5796 8598 5797 8598 5799 8599 5797 8599 5803 8599 5817 8600 5799 8600 5803 8600 5834 8601 5799 8601 5817 8601 5826 8602 5834 8602 5817 8602 5832 8603 5834 8603 5826 8603 5834 8604 5832 8604 5838 8604 5843 8605 5834 8605 5838 8605 5882 8606 5834 8606 5843 8606 5845 8607 5882 8607 5843 8607 5870 8608 5882 8608 5845 8608 4514 8609 4450 8609 4513 8609 4771 8610 4514 8610 4513 8610 4772 8611 4514 8611 4771 8611 4810 8612 4772 8612 4771 8612 4811 8613 4772 8613 4810 8613 5056 8614 4811 8614 4810 8614 5062 8615 4811 8615 5056 8615 5248 8616 5062 8616 5056 8616 5249 8617 5062 8617 5248 8617 5263 8618 5249 8618 5248 8618 5266 8619 5249 8619 5263 8619 5423 8620 5266 8620 5263 8620 5433 8621 5266 8621 5423 8621 5545 8622 5433 8622 5423 8622 5548 8623 5433 8623 5545 8623 5558 8624 5548 8624 5545 8624 5571 8625 5548 8625 5558 8625 5694 8626 5571 8626 5558 8626 5698 8627 5571 8627 5694 8627 5796 8628 5698 8628 5694 8628 5798 8629 5698 8629 5796 8629 5799 8630 5798 8630 5796 8630 5805 8631 5798 8631 5799 8631 5834 8632 5805 8632 5799 8632 5840 8633 5805 8633 5834 8633 5882 8634 5840 8634 5834 8634 5888 8635 5840 8635 5882 8635 4515 8636 4452 8636 4514 8636 4772 8637 4515 8637 4514 8637 4774 8638 4515 8638 4772 8638 4811 8639 4774 8639 4772 8639 4815 8640 4774 8640 4811 8640 5062 8641 4815 8641 4811 8641 5070 8642 4815 8642 5062 8642 5249 8643 5070 8643 5062 8643 5252 8644 5070 8644 5249 8644 5266 8645 5252 8645 5249 8645 5270 8646 5252 8646 5266 8646 5433 8647 5270 8647 5266 8647 5445 8648 5270 8648 5433 8648 5548 8649 5445 8649 5433 8649 5552 8650 5445 8650 5548 8650 5571 8651 5552 8651 5548 8651 5576 8652 5552 8652 5571 8652 5698 8653 5576 8653 5571 8653 5712 8654 5576 8654 5698 8654 5798 8655 5712 8655 5698 8655 5806 8656 5712 8656 5798 8656 5805 8657 5806 8657 5798 8657 5810 8658 5806 8658 5805 8658 5840 8659 5810 8659 5805 8659 5877 8660 5810 8660 5840 8660 5888 8661 5877 8661 5840 8661 5902 8662 5877 8662 5888 8662 4523 8663 4453 8663 4515 8663 4774 8664 4523 8664 4515 8664 4780 8665 4523 8665 4774 8665 4815 8666 4780 8666 4774 8666 4819 8667 4780 8667 4815 8667 5070 8668 4819 8668 4815 8668 5083 8669 4819 8669 5070 8669 5252 8670 5083 8670 5070 8670 5259 8671 5083 8671 5252 8671 5270 8672 5259 8672 5252 8672 5276 8673 5259 8673 5270 8673 5445 8674 5276 8674 5270 8674 5455 8675 5276 8675 5445 8675 5552 8676 5455 8676 5445 8676 5572 8677 5455 8677 5552 8677 5576 8678 5572 8678 5552 8678 5608 8679 5572 8679 5576 8679 5712 8680 5608 8680 5576 8680 5738 8681 5608 8681 5712 8681 5806 8682 5738 8682 5712 8682 5813 8683 5738 8683 5806 8683 5810 8684 5813 8684 5806 8684 5819 8685 5813 8685 5810 8685 5877 8686 5819 8686 5810 8686 5891 8687 5819 8687 5877 8687 5902 8688 5891 8688 5877 8688 5915 8689 5891 8689 5902 8689 4524 8690 4454 8690 4523 8690 4780 8691 4524 8691 4523 8691 4783 8692 4524 8692 4780 8692 4819 8693 4783 8693 4780 8693 4824 8694 4783 8694 4819 8694 5083 8695 4824 8695 4819 8695 5096 8696 4824 8696 5083 8696 5259 8697 5096 8697 5083 8697 5267 8698 5096 8698 5259 8698 5276 8699 5267 8699 5259 8699 5282 8700 5267 8700 5276 8700 5455 8701 5282 8701 5276 8701 5465 8702 5282 8702 5455 8702 5572 8703 5465 8703 5455 8703 5595 8704 5465 8704 5572 8704 5608 8705 5595 8705 5572 8705 5639 8706 5595 8706 5608 8706 5738 8707 5639 8707 5608 8707 5775 8708 5639 8708 5738 8708 5813 8709 5775 8709 5738 8709 5824 8710 5775 8710 5813 8710 5819 8711 5824 8711 5813 8711 5831 8712 5824 8712 5819 8712 5891 8713 5831 8713 5819 8713 5910 8714 5831 8714 5891 8714 5915 8715 5910 8715 5891 8715 5924 8716 5910 8716 5915 8716 4525 8717 4455 8717 4524 8717 4783 8718 4525 8718 4524 8718 4790 8719 4525 8719 4783 8719 4824 8720 4790 8720 4783 8720 4826 8721 4790 8721 4824 8721 5096 8722 4826 8722 4824 8722 5120 8723 4826 8723 5096 8723 5267 8724 5120 8724 5096 8724 5275 8725 5120 8725 5267 8725 5282 8726 5275 8726 5267 8726 5297 8727 5275 8727 5282 8727 5465 8728 5297 8728 5282 8728 5482 8729 5297 8729 5465 8729 5595 8730 5482 8730 5465 8730 5634 8731 5482 8731 5595 8731 5639 8732 5634 8732 5595 8732 5659 8733 5634 8733 5639 8733 5775 8734 5659 8734 5639 8734 5788 8735 5659 8735 5775 8735 5824 8736 5788 8736 5775 8736 5839 8737 5788 8737 5824 8737 5831 8738 5839 8738 5824 8738 5872 8739 5839 8739 5831 8739 5910 8740 5872 8740 5831 8740 5925 8741 5872 8741 5910 8741 5924 8742 5925 8742 5910 8742 5934 8743 5925 8743 5924 8743 4530 8744 4456 8744 4525 8744 4790 8745 4530 8745 4525 8745 4800 8746 4530 8746 4790 8746 4826 8747 4800 8747 4790 8747 4831 8748 4800 8748 4826 8748 5120 8749 4831 8749 4826 8749 5133 8750 4831 8750 5120 8750 5275 8751 5133 8751 5120 8751 5281 8752 5133 8752 5275 8752 5297 8753 5281 8753 5275 8753 5305 8754 5281 8754 5297 8754 5482 8755 5305 8755 5297 8755 5493 8756 5305 8756 5482 8756 5634 8757 5493 8757 5482 8757 5658 8758 5493 8758 5634 8758 5659 8759 5658 8759 5634 8759 5663 8760 5658 8760 5659 8760 5788 8761 5663 8761 5659 8761 5793 8762 5663 8762 5788 8762 5839 8763 5793 8763 5788 8763 5890 8764 5793 8764 5839 8764 5872 8765 5890 8765 5839 8765 5903 8766 5890 8766 5872 8766 5925 8767 5903 8767 5872 8767 5938 8768 5903 8768 5925 8768 5934 8769 5938 8769 5925 8769 5945 8770 5938 8770 5934 8770 4531 8771 4457 8771 4530 8771 4800 8772 4531 8772 4530 8772 4806 8773 4531 8773 4800 8773 4831 8774 4806 8774 4800 8774 4840 8775 4806 8775 4831 8775 5133 8776 4840 8776 4831 8776 5163 8777 4840 8777 5133 8777 5281 8778 5163 8778 5133 8778 5298 8779 5163 8779 5281 8779 5305 8780 5298 8780 5281 8780 5311 8781 5298 8781 5305 8781 5493 8782 5311 8782 5305 8782 5510 8783 5311 8783 5493 8783 5658 8784 5510 8784 5493 8784 5664 8785 5510 8785 5658 8785 5663 8786 5664 8786 5658 8786 5676 8787 5664 8787 5663 8787 5793 8788 5676 8788 5663 8788 5802 8789 5676 8789 5793 8789 5890 8790 5802 8790 5793 8790 5909 8791 5802 8791 5890 8791 5903 8792 5909 8792 5890 8792 5917 8793 5909 8793 5903 8793 5938 8794 5917 8794 5903 8794 5947 8795 5917 8795 5938 8795 5945 8796 5947 8796 5938 8796 5956 8797 5947 8797 5945 8797 4534 8798 4458 8798 4531 8798 4806 8799 4534 8799 4531 8799 4812 8800 4534 8800 4806 8800 4840 8801 4812 8801 4806 8801 4847 8802 4812 8802 4840 8802 5163 8803 4847 8803 4840 8803 5166 8804 4847 8804 5163 8804 5298 8805 5166 8805 5163 8805 5306 8806 5166 8806 5298 8806 5311 8807 5306 8807 5298 8807 5318 8808 5306 8808 5311 8808 5510 8809 5318 8809 5311 8809 5522 8810 5318 8810 5510 8810 5664 8811 5522 8811 5510 8811 5677 8812 5522 8812 5664 8812 5676 8813 5677 8813 5664 8813 5691 8814 5677 8814 5676 8814 5802 8815 5691 8815 5676 8815 5815 8816 5691 8816 5802 8816 5909 8817 5815 8817 5802 8817 5926 8818 5815 8818 5909 8818 5917 8819 5926 8819 5909 8819 5928 8820 5926 8820 5917 8820 5947 8821 5928 8821 5917 8821 5959 8822 5928 8822 5947 8822 5956 8823 5959 8823 5947 8823 5967 8824 5959 8824 5956 8824 5878 8825 5846 8825 5844 8825 5871 8826 5878 8826 5844 8826 5884 8827 5878 8827 5871 8827 5883 8828 5898 8828 5884 8828 5894 8829 5911 8829 5898 8829 5908 8830 5920 8830 5911 8830 5918 8831 5930 8831 5920 8831 5929 8832 5941 8832 5930 8832 5940 8833 5952 8833 5941 8833 5949 8834 5963 8834 5952 8834 5871 8835 5844 8835 5841 8835 5833 8836 5871 8836 5841 8836 5821 8837 5871 8837 5833 8837 5823 8838 5821 8838 5833 8838 5807 8839 5783 8839 5786 8839 5818 8840 5807 8840 5786 8840 5816 8841 5807 8841 5818 8841 5821 8842 5816 8842 5818 8842 5820 8843 5816 8843 5821 8843 5823 8844 5820 8844 5821 8844 5718 8845 5680 8845 5666 8845 5786 8846 5718 8846 5666 8846 5781 8847 5718 8847 5786 8847 5783 8848 5781 8848 5786 8848 5666 8849 5680 8849 5665 8849 5660 8850 5666 8850 5665 8850 5661 8851 5666 8851 5660 8851 5521 8852 5661 8852 5660 8852 5523 8853 5661 8853 5521 8853 5342 8854 5523 8854 5521 8854 5343 8855 5523 8855 5342 8855 5321 8856 5343 8856 5342 8856 5324 8857 5343 8857 5321 8857 5200 8858 5324 8858 5321 8858 5225 8859 5200 8859 5321 8859 5199 8860 5200 8860 5225 8860 5200 8861 5199 8861 5182 8861 5063 8862 5200 8862 5182 8862 4948 8863 5200 8863 5063 8863 4961 8864 4948 8864 5063 8864 4948 8865 4961 8865 4947 8865 4907 8866 4948 8866 4947 8866 4908 8867 4948 8867 4907 8867 4908 8868 4907 8868 4864 8868 4779 8869 4908 8869 4864 8869 4669 8870 4908 8870 4779 8870 4675 8871 4669 8871 4779 8871 4668 8872 4669 8872 4675 8872 4669 8873 4668 8873 4581 8873 4509 8874 4669 8874 4581 8874 4400 8875 4669 8875 4509 8875 4481 8876 4400 8876 4509 8876 4401 8877 4400 8877 4481 8877 5883 8878 5884 8878 5871 8878 5821 8879 5883 8879 5871 8879 5825 8880 5883 8880 5821 8880 5818 8881 5825 8881 5821 8881 5822 8882 5825 8882 5818 8882 5786 8883 5822 8883 5818 8883 5789 8884 5822 8884 5786 8884 5666 8885 5789 8885 5786 8885 5668 8886 5789 8886 5666 8886 5661 8887 5668 8887 5666 8887 5662 8888 5668 8888 5661 8888 5523 8889 5662 8889 5661 8889 5526 8890 5662 8890 5523 8890 5343 8891 5526 8891 5523 8891 5348 8892 5526 8892 5343 8892 5324 8893 5348 8893 5343 8893 5331 8894 5348 8894 5324 8894 5200 8895 5331 8895 5324 8895 5201 8896 5331 8896 5200 8896 4948 8897 5201 8897 5200 8897 4953 8898 5201 8898 4948 8898 4908 8899 4953 8899 4948 8899 4915 8900 4953 8900 4908 8900 4669 8901 4915 8901 4908 8901 4671 8902 4915 8902 4669 8902 4400 8903 4671 8903 4669 8903 4399 8904 4671 8904 4400 8904 5894 8905 5898 8905 5883 8905 5825 8906 5894 8906 5883 8906 5835 8907 5894 8907 5825 8907 5822 8908 5835 8908 5825 8908 5830 8909 5835 8909 5822 8909 5789 8910 5830 8910 5822 8910 5790 8911 5830 8911 5789 8911 5668 8912 5790 8912 5789 8912 5674 8913 5790 8913 5668 8913 5662 8914 5674 8914 5668 8914 5667 8915 5674 8915 5662 8915 5526 8916 5667 8916 5662 8916 5528 8917 5667 8917 5526 8917 5348 8918 5528 8918 5526 8918 5352 8919 5528 8919 5348 8919 5331 8920 5352 8920 5348 8920 5338 8921 5352 8921 5331 8921 5201 8922 5338 8922 5331 8922 5204 8923 5338 8923 5201 8923 4953 8924 5204 8924 5201 8924 4958 8925 5204 8925 4953 8925 4915 8926 4958 8926 4953 8926 4921 8927 4958 8927 4915 8927 4671 8928 4921 8928 4915 8928 4673 8929 4921 8929 4671 8929 4399 8930 4673 8930 4671 8930 4397 8931 4673 8931 4399 8931 5908 8932 5911 8932 5894 8932 5835 8933 5908 8933 5894 8933 5874 8934 5908 8934 5835 8934 5830 8935 5874 8935 5835 8935 5842 8936 5874 8936 5830 8936 5790 8937 5842 8937 5830 8937 5795 8938 5842 8938 5790 8938 5674 8939 5795 8939 5790 8939 5685 8940 5795 8940 5674 8940 5667 8941 5685 8941 5674 8941 5669 8942 5685 8942 5667 8942 5528 8943 5669 8943 5667 8943 5533 8944 5669 8944 5528 8944 5352 8945 5533 8945 5528 8945 5359 8946 5533 8946 5352 8946 5338 8947 5359 8947 5352 8947 5341 8948 5359 8948 5338 8948 5204 8949 5341 8949 5338 8949 5209 8950 5341 8950 5204 8950 4958 8951 5209 8951 5204 8951 4967 8952 5209 8952 4958 8952 4921 8953 4967 8953 4958 8953 4932 8954 4967 8954 4921 8954 4673 8955 4932 8955 4921 8955 4674 8956 4932 8956 4673 8956 4397 8957 4674 8957 4673 8957 4396 8958 4674 8958 4397 8958 5918 8959 5920 8959 5908 8959 5874 8960 5918 8960 5908 8960 5895 8961 5918 8961 5874 8961 5842 8962 5895 8962 5874 8962 5889 8963 5895 8963 5842 8963 5795 8964 5889 8964 5842 8964 5804 8965 5889 8965 5795 8965 5685 8966 5804 8966 5795 8966 5693 8967 5804 8967 5685 8967 5669 8968 5693 8968 5685 8968 5686 8969 5693 8969 5669 8969 5533 8970 5686 8970 5669 8970 5538 8971 5686 8971 5533 8971 5359 8972 5538 8972 5533 8972 5367 8973 5538 8973 5359 8973 5341 8974 5367 8974 5359 8974 5351 8975 5367 8975 5341 8975 5209 8976 5351 8976 5341 8976 5215 8977 5351 8977 5209 8977 4967 8978 5215 8978 5209 8978 4971 8979 5215 8979 4967 8979 4932 8980 4971 8980 4967 8980 4939 8981 4971 8981 4932 8981 4674 8982 4939 8982 4932 8982 4676 8983 4939 8983 4674 8983 4396 8984 4676 8984 4674 8984 4395 8985 4676 8985 4396 8985 5929 8986 5930 8986 5918 8986 5895 8987 5929 8987 5918 8987 5916 8988 5929 8988 5895 8988 5889 8989 5916 8989 5895 8989 5907 8990 5916 8990 5889 8990 5804 8991 5907 8991 5889 8991 5814 8992 5907 8992 5804 8992 5693 8993 5814 8993 5804 8993 5717 8994 5814 8994 5693 8994 5686 8995 5717 8995 5693 8995 5695 8996 5717 8996 5686 8996 5538 8997 5695 8997 5686 8997 5541 8998 5695 8998 5538 8998 5367 8999 5541 8999 5538 8999 5377 9000 5541 9000 5367 9000 5351 9001 5377 9001 5367 9001 5360 9002 5377 9002 5351 9002 5215 9003 5360 9003 5351 9003 5224 9004 5360 9004 5215 9004 4971 9005 5224 9005 5215 9005 4984 9006 5224 9006 4971 9006 4939 9007 4984 9007 4971 9007 4942 9008 4984 9008 4939 9008 4676 9009 4942 9009 4939 9009 4681 9010 4942 9010 4676 9010 4395 9011 4681 9011 4676 9011 4394 9012 4681 9012 4395 9012 5940 9013 5941 9013 5929 9013 5916 9014 5940 9014 5929 9014 5927 9015 5940 9015 5916 9015 5907 9016 5927 9016 5916 9016 5919 9017 5927 9017 5907 9017 5814 9018 5919 9018 5907 9018 5827 9019 5919 9019 5814 9019 5717 9020 5827 9020 5814 9020 5761 9021 5827 9021 5717 9021 5695 9022 5761 9022 5717 9022 5725 9023 5761 9023 5695 9023 5541 9024 5725 9024 5695 9024 5551 9025 5725 9025 5541 9025 5377 9026 5551 9026 5541 9026 5392 9027 5551 9027 5377 9027 5360 9028 5392 9028 5377 9028 5370 9029 5392 9029 5360 9029 5224 9030 5370 9030 5360 9030 5230 9031 5370 9031 5224 9031 4984 9032 5230 9032 5224 9032 4989 9033 5230 9033 4984 9033 4942 9034 4989 9034 4984 9034 4952 9035 4989 9035 4942 9035 4681 9036 4952 9036 4942 9036 4684 9037 4952 9037 4681 9037 4394 9038 4684 9038 4681 9038 4393 9039 4684 9039 4394 9039 5949 9040 5952 9040 5940 9040 5927 9041 5949 9041 5940 9041 5939 9042 5949 9042 5927 9042 5919 9043 5939 9043 5927 9043 5935 9044 5939 9044 5919 9044 5827 9045 5935 9045 5919 9045 5873 9046 5935 9046 5827 9046 5761 9047 5873 9047 5827 9047 5782 9048 5873 9048 5761 9048 5725 9049 5782 9049 5761 9049 5774 9050 5782 9050 5725 9050 5551 9051 5774 9051 5725 9051 5575 9052 5774 9052 5551 9052 5392 9053 5575 9053 5551 9053 5436 9054 5575 9054 5392 9054 5370 9055 5436 9055 5392 9055 5381 9056 5436 9056 5370 9056 5230 9057 5381 9057 5370 9057 5237 9058 5381 9058 5230 9058 4989 9059 5237 9059 5230 9059 5001 9060 5237 9060 4989 9060 4952 9061 5001 9061 4989 9061 4966 9062 5001 9062 4952 9062 4684 9063 4966 9063 4952 9063 4688 9064 4966 9064 4684 9064 4393 9065 4688 9065 4684 9065 4392 9066 4688 9066 4393 9066 5962 9067 5963 9067 5949 9067 5939 9068 5962 9068 5949 9068 5948 9069 5962 9069 5939 9069 5935 9070 5948 9070 5939 9070 5946 9071 5948 9071 5935 9071 5873 9072 5946 9072 5935 9072 5904 9073 5946 9073 5873 9073 5782 9074 5904 9074 5873 9074 5791 9075 5904 9075 5782 9075 5774 9076 5791 9076 5782 9076 5787 9077 5791 9077 5774 9077 5575 9078 5787 9078 5774 9078 5619 9079 5787 9079 5575 9079 5436 9080 5619 9080 5575 9080 5456 9081 5619 9081 5436 9081 5381 9082 5456 9082 5436 9082 5409 9083 5456 9083 5381 9083 5237 9084 5409 9084 5381 9084 5242 9085 5409 9085 5237 9085 5001 9086 5242 9086 5237 9086 5014 9087 5242 9087 5001 9087 4966 9088 5014 9088 5001 9088 4973 9089 5014 9089 4966 9089 4688 9090 4973 9090 4966 9090 4693 9091 4973 9091 4688 9091 4392 9092 4693 9092 4688 9092 4391 9093 4693 9093 4392 9093 2116 9094 2115 9094 2308 9094 2329 9095 2116 9095 2308 9095 3599 9096 2331 9096 3436 9096 3438 9097 3599 9097 3436 9097 3576 9098 3599 9098 3438 9098 3606 9099 3607 9099 2125 9099 2124 9100 3606 9100 2125 9100 3605 9101 3606 9101 2124 9101 2123 9101 3605 9101 2124 9101 3604 9102 3605 9102 2123 9102 2122 9103 3604 9103 2123 9103 3603 9104 3604 9104 2122 9104 2121 9105 3603 9105 2122 9105 3602 9106 3603 9106 2121 9106 2120 9107 3602 9107 2121 9107 3601 9108 3602 9108 2120 9108 2119 9109 3601 9109 2120 9109 3600 9110 3601 9110 2119 9110 2117 9111 3600 9111 2119 9111 3599 9112 3600 9112 2117 9112 2116 9113 3599 9113 2117 9113 2331 9114 3599 9114 2116 9114 2329 9115 2331 9115 2116 9115 3599 9116 3576 9116 3598 9116 3608 9117 3599 9117 3598 9117 3748 9118 3599 9118 3608 9118 3599 9119 3748 9119 3778 9119 3780 9120 3599 9120 3778 9120 3874 9121 3599 9121 3780 9121 4135 9122 3942 9122 4094 9122 3940 9123 3942 9123 4135 9123 4135 9124 4094 9124 4112 9124 4114 9125 4135 9125 4112 9125 4116 9126 4135 9126 4114 9126 4142 9127 4143 9127 3607 9127 3606 9128 4142 9128 3607 9128 4141 9129 4142 9129 3606 9129 3605 9130 4141 9130 3606 9130 4140 9131 4141 9131 3605 9131 3604 9132 4140 9132 3605 9132 4139 9133 4140 9133 3604 9133 3603 9134 4139 9134 3604 9134 4138 9135 4139 9135 3603 9135 3602 9136 4138 9136 3603 9136 4137 9137 4138 9137 3602 9137 3601 9138 4137 9138 3602 9138 4136 9139 4137 9139 3601 9139 3600 9140 4136 9140 3601 9140 4135 9141 4136 9141 3600 9141 3599 9142 4135 9142 3600 9142 3940 9143 4135 9143 3599 9143 3874 9144 3940 9144 3599 9144 4135 9145 4116 9145 4134 9145 4160 9146 4135 9146 4134 9146 4166 9147 4135 9147 4160 9147 4177 9148 4168 9148 4170 9148 4172 9149 4177 9149 4170 9149 4174 9150 4177 9150 4172 9150 4184 9151 4185 9151 4143 9151 4142 9152 4184 9152 4143 9152 4183 9130 4184 9130 4142 9130 4141 9130 4183 9130 4142 9130 4182 9153 4183 9153 4141 9153 4140 9154 4182 9154 4141 9154 4181 9155 4182 9155 4140 9155 4139 9156 4181 9156 4140 9156 4180 9157 4181 9157 4139 9157 4138 9158 4180 9158 4139 9158 4179 9159 4180 9159 4138 9159 4137 9160 4179 9160 4138 9160 4178 9161 4179 9161 4137 9161 4136 9162 4178 9162 4137 9162 4177 9163 4178 9163 4136 9163 4135 9164 4177 9164 4136 9164 4168 9165 4177 9165 4135 9165 4166 9166 4168 9166 4135 9166 4177 9167 4174 9167 4176 9167 4186 9168 4177 9168 4176 9168 4188 9169 4177 9169 4186 9169 4449 9170 4190 9170 4237 9170 4326 9171 4449 9171 4237 9171 4448 9172 4449 9172 4326 9172 4457 9152 4458 9152 4185 9152 4184 9152 4457 9152 4185 9152 4456 9173 4457 9173 4184 9173 4183 9130 4456 9130 4184 9130 4455 9174 4456 9174 4183 9174 4182 9175 4455 9175 4183 9175 4454 9176 4455 9176 4182 9176 4181 9177 4454 9177 4182 9177 4453 9178 4454 9178 4181 9178 4180 9178 4453 9178 4181 9178 4452 9179 4453 9179 4180 9179 4179 9179 4452 9179 4180 9179 4450 9180 4452 9180 4179 9180 4178 9161 4450 9161 4179 9161 4449 9181 4450 9181 4178 9181 4177 9182 4449 9182 4178 9182 4190 9165 4449 9165 4177 9165 4188 9183 4190 9183 4177 9183 2860 9184 3029 9184 2861 9184 4400 9185 4401 9185 4201 9185 4164 9186 4400 9186 4201 9186 4162 9187 3029 9187 2860 9187 2853 9188 2852 9188 4391 9188 4392 9189 2853 9189 4391 9189 2854 9190 2853 9190 4392 9190 4393 9190 2854 9190 4392 9190 2855 9191 2854 9191 4393 9191 4394 9192 2855 9192 4393 9192 2856 9193 2855 9193 4394 9193 4395 9194 2856 9194 4394 9194 2857 9195 2856 9195 4395 9195 4396 9196 2857 9196 4395 9196 2858 9197 2857 9197 4396 9197 4397 9198 2858 9198 4396 9198 2859 9199 2858 9199 4397 9199 4399 9199 2859 9199 4397 9199 2860 9200 2859 9200 4399 9200 4400 9201 2860 9201 4399 9201 4162 9202 2860 9202 4400 9202 4164 9203 4162 9203 4400 9203 2349 9204 2348 9204 2852 9204 2853 9205 2349 9205 2852 9205 2350 9206 2349 9206 2853 9206 2854 9207 2350 9207 2853 9207 2351 9208 2350 9208 2854 9208 2855 9209 2351 9209 2854 9209 2352 9210 2351 9210 2855 9210 2856 9210 2352 9210 2855 9210 2353 9211 2352 9211 2856 9211 2857 9212 2353 9212 2856 9212 2354 9213 2353 9213 2857 9213 2858 9214 2354 9214 2857 9214 2355 9215 2354 9215 2858 9215 2859 9216 2355 9216 2858 9216 2356 9217 2355 9217 2859 9217 2860 9218 2356 9218 2859 9218 2357 9219 2356 9219 2860 9219 2861 9220 2357 9220 2860 9220 2319 9221 2318 9221 2348 9221 2349 9222 2319 9222 2348 9222 2320 9223 2319 9223 2349 9223 2350 9224 2320 9224 2349 9224 2321 9225 2320 9225 2350 9225 2351 9226 2321 9226 2350 9226 2322 9227 2321 9227 2351 9227 2352 9228 2322 9228 2351 9228 2323 9229 2322 9229 2352 9229 2353 9230 2323 9230 2352 9230 2324 9231 2323 9231 2353 9231 2354 9231 2324 9231 2353 9231 2325 9232 2324 9232 2354 9232 2355 9233 2325 9233 2354 9233 2326 9234 2325 9234 2355 9234 2356 9235 2326 9235 2355 9235 2327 9236 2326 9236 2356 9236 2357 9237 2327 9237 2356 9237 2059 9238 2058 9238 2318 9238 2319 9239 2059 9239 2318 9239 2060 9240 2059 9240 2319 9240 2320 9241 2060 9241 2319 9241 2061 9242 2060 9242 2320 9242 2321 9243 2061 9243 2320 9243 2062 9244 2061 9244 2321 9244 2322 9245 2062 9245 2321 9245 2063 9246 2062 9246 2322 9246 2323 9246 2063 9246 2322 9246 2064 9247 2063 9247 2323 9247 2324 9248 2064 9248 2323 9248 2066 9249 2064 9249 2324 9249 2325 9250 2066 9250 2324 9250 2067 9251 2066 9251 2325 9251 2326 9252 2067 9252 2325 9252 2068 9253 2067 9253 2326 9253 2327 9253 2068 9253 2326 9253 631 9254 663 9254 665 9254 638 9255 631 9255 665 9255 625 9256 631 9256 638 9256 626 9257 611 9257 625 9257 615 9258 598 9258 611 9258 601 9259 589 9259 598 9259 591 9260 579 9260 589 9260 580 9261 568 9261 579 9261 569 9262 557 9262 568 9262 560 9263 546 9263 557 9263 638 9264 665 9264 668 9264 676 9265 638 9265 668 9265 688 9266 638 9266 676 9266 686 9267 688 9267 676 9267 702 9268 726 9268 723 9268 692 9269 702 9269 723 9269 693 9270 702 9270 692 9270 688 9271 693 9271 692 9271 689 9272 693 9272 688 9272 686 9273 689 9273 688 9273 789 9274 829 9274 843 9274 723 9275 789 9275 843 9275 728 9276 789 9276 723 9276 726 9277 728 9277 723 9277 843 9278 829 9278 844 9278 849 9279 843 9279 844 9279 848 9280 843 9280 849 9280 988 9281 848 9281 849 9281 986 9282 848 9282 988 9282 1168 9283 986 9283 988 9283 1167 9284 986 9284 1168 9284 1189 9285 1167 9285 1168 9285 1186 9286 1167 9286 1189 9286 1310 9287 1186 9287 1189 9287 1285 9288 1310 9288 1189 9288 1311 9289 1310 9289 1285 9289 1310 9290 1311 9290 1326 9290 1450 9291 1310 9291 1326 9291 1564 9292 1310 9292 1450 9292 1553 9293 1564 9293 1450 9293 1564 9294 1553 9294 1567 9294 1607 9295 1564 9295 1567 9295 1606 9296 1564 9296 1607 9296 1606 9297 1607 9297 1650 9297 1733 9298 1606 9298 1650 9298 1844 9299 1606 9299 1733 9299 1838 9300 1844 9300 1733 9300 1845 9301 1844 9301 1838 9301 1844 9302 1845 9302 1933 9302 2005 9303 1844 9303 1933 9303 2116 9304 1844 9304 2005 9304 2035 9305 2116 9305 2005 9305 2115 9306 2116 9306 2035 9306 626 9307 625 9307 638 9307 688 9308 626 9308 638 9308 684 9309 626 9309 688 9309 692 9310 684 9310 688 9310 687 9311 684 9311 692 9311 723 9312 687 9312 692 9312 720 9313 687 9313 723 9313 843 9314 720 9314 723 9314 841 9315 720 9315 843 9315 848 9316 841 9316 843 9316 847 9317 841 9317 848 9317 986 9318 847 9318 848 9318 982 9319 847 9319 986 9319 1167 9320 982 9320 986 9320 1162 9321 982 9321 1167 9321 1186 9322 1162 9322 1167 9322 1179 9323 1162 9323 1186 9323 1310 9324 1179 9324 1186 9324 1309 9325 1179 9325 1310 9325 1564 9326 1309 9326 1310 9326 1559 9327 1309 9327 1564 9327 1606 9328 1559 9328 1564 9328 1599 9329 1559 9329 1606 9329 1844 9330 1599 9330 1606 9330 1842 9331 1599 9331 1844 9331 2116 9332 1842 9332 1844 9332 2117 9333 1842 9333 2116 9333 615 9334 611 9334 626 9334 684 9335 615 9335 626 9335 674 9336 615 9336 684 9336 687 9337 674 9337 684 9337 680 9338 674 9338 687 9338 720 9339 680 9339 687 9339 719 9340 680 9340 720 9340 841 9341 719 9341 720 9341 834 9342 719 9342 841 9342 847 9343 834 9343 841 9343 842 9344 834 9344 847 9344 982 9345 842 9345 847 9345 981 9346 842 9346 982 9346 1162 9347 981 9347 982 9347 1158 9348 981 9348 1162 9348 1179 9349 1158 9349 1162 9349 1172 9350 1158 9350 1179 9350 1309 9351 1172 9351 1179 9351 1306 9352 1172 9352 1309 9352 1559 9353 1306 9353 1309 9353 1554 9354 1306 9354 1559 9354 1599 9355 1554 9355 1559 9355 1594 9356 1554 9356 1599 9356 1842 9357 1594 9357 1599 9357 1841 9358 1594 9358 1842 9358 2117 9359 1841 9359 1842 9359 2119 9360 1841 9360 2117 9360 601 9361 598 9361 615 9361 674 9362 601 9362 615 9362 635 9363 601 9363 674 9363 680 9364 635 9364 674 9364 667 9365 635 9365 680 9365 719 9366 667 9366 680 9366 714 9367 667 9367 719 9367 834 9368 714 9368 719 9368 824 9369 714 9369 834 9369 842 9370 824 9370 834 9370 839 9371 824 9371 842 9371 981 9372 839 9372 842 9372 976 9373 839 9373 981 9373 1158 9374 976 9374 981 9374 1151 9375 976 9375 1158 9375 1172 9376 1151 9376 1158 9376 1169 9377 1151 9377 1172 9377 1306 9378 1169 9378 1172 9378 1300 9379 1169 9379 1306 9379 1554 9380 1300 9380 1306 9380 1547 9381 1300 9381 1554 9381 1594 9382 1547 9382 1554 9382 1582 9383 1547 9383 1594 9383 1841 9384 1582 9384 1594 9384 1839 9385 1582 9385 1841 9385 2119 9386 1839 9386 1841 9386 2120 9387 1839 9387 2119 9387 591 9388 589 9388 601 9388 635 9389 591 9389 601 9389 614 9390 591 9390 635 9390 667 9391 614 9391 635 9391 620 9392 614 9392 667 9392 714 9393 620 9393 667 9393 706 9394 620 9394 714 9394 824 9395 706 9395 714 9395 816 9396 706 9396 824 9396 839 9397 816 9397 824 9397 823 9398 816 9398 839 9398 976 9399 823 9399 839 9399 971 9400 823 9400 976 9400 1151 9401 971 9401 976 9401 1143 9402 971 9402 1151 9402 1169 9403 1143 9403 1151 9403 1159 9404 1143 9404 1169 9404 1300 9405 1159 9405 1169 9405 1295 9406 1159 9406 1300 9406 1547 9407 1295 9407 1300 9407 1541 9408 1295 9408 1547 9408 1582 9409 1541 9409 1547 9409 1575 9410 1541 9410 1582 9410 1839 9411 1575 9411 1582 9411 1837 9412 1575 9412 1839 9412 2120 9413 1837 9413 1839 9413 2121 9414 1837 9414 2120 9414 580 9415 579 9415 591 9415 614 9416 580 9416 591 9416 593 9417 580 9417 614 9417 620 9418 593 9418 614 9418 602 9419 593 9419 620 9419 706 9420 602 9420 620 9420 695 9421 602 9421 706 9421 816 9422 695 9422 706 9422 792 9423 695 9423 816 9423 823 9424 792 9424 816 9424 814 9425 792 9425 823 9425 971 9426 814 9426 823 9426 968 9427 814 9427 971 9427 1143 9428 968 9428 971 9428 1132 9429 968 9429 1143 9429 1159 9430 1132 9430 1143 9430 1150 9431 1132 9431 1159 9431 1295 9432 1150 9432 1159 9432 1286 9433 1150 9433 1295 9433 1541 9434 1286 9434 1295 9434 1528 9435 1286 9435 1541 9435 1575 9436 1528 9436 1541 9436 1572 9437 1528 9437 1575 9437 1837 9438 1572 9438 1575 9438 1832 9439 1572 9439 1837 9439 2121 9440 1832 9440 1837 9440 2122 9441 1832 9441 2121 9441 569 9442 568 9442 580 9442 593 9443 569 9443 580 9443 582 9444 569 9444 593 9444 602 9445 582 9445 593 9445 590 9446 582 9446 602 9446 695 9447 590 9447 602 9447 683 9448 590 9448 695 9448 792 9449 683 9449 695 9449 748 9450 683 9450 792 9450 814 9451 748 9451 792 9451 784 9452 748 9452 814 9452 968 9453 784 9453 814 9453 958 9454 784 9454 968 9454 1132 9455 958 9455 968 9455 1117 9456 958 9456 1132 9456 1150 9457 1117 9457 1132 9457 1140 9458 1117 9458 1150 9458 1286 9459 1140 9459 1150 9459 1280 9460 1140 9460 1286 9460 1528 9461 1280 9461 1286 9461 1523 9462 1280 9462 1528 9462 1572 9463 1523 9463 1528 9463 1560 9464 1523 9464 1572 9464 1832 9465 1560 9465 1572 9465 1829 9466 1560 9466 1832 9466 2122 9467 1829 9467 1832 9467 2123 9468 1829 9468 2122 9468 560 9469 557 9469 569 9469 582 9470 560 9470 569 9470 570 9471 560 9471 582 9471 590 9472 570 9472 582 9472 574 9473 570 9473 590 9473 683 9474 574 9474 590 9474 636 9475 574 9475 683 9475 748 9476 636 9476 683 9476 727 9477 636 9477 748 9477 784 9478 727 9478 748 9478 735 9479 727 9479 784 9479 958 9480 735 9480 784 9480 934 9481 735 9481 958 9481 1117 9482 934 9482 958 9482 1073 9483 934 9483 1117 9483 1140 9484 1073 9484 1117 9484 1128 9485 1073 9485 1140 9485 1280 9486 1128 9486 1140 9486 1273 9487 1128 9487 1280 9487 1523 9488 1273 9488 1280 9488 1511 9489 1273 9489 1523 9489 1560 9490 1511 9490 1523 9490 1548 9491 1511 9491 1560 9491 1829 9492 1548 9492 1560 9492 1825 9493 1548 9493 1829 9493 2123 9494 1825 9494 1829 9494 2124 9495 1825 9495 2123 9495 547 9496 546 9496 560 9496 570 9497 547 9497 560 9497 561 9498 547 9498 570 9498 574 9499 561 9499 570 9499 563 9500 561 9500 574 9500 636 9501 563 9501 574 9501 605 9502 563 9502 636 9502 727 9503 605 9503 636 9503 718 9504 605 9504 727 9504 735 9505 718 9505 727 9505 722 9506 718 9506 735 9506 934 9507 722 9507 735 9507 890 9508 722 9508 934 9508 1073 9509 890 9509 934 9509 1053 9510 890 9510 1073 9510 1128 9511 1053 9511 1073 9511 1100 9512 1053 9512 1128 9512 1273 9513 1100 9513 1128 9513 1268 9514 1100 9514 1273 9514 1511 9515 1268 9515 1273 9515 1498 9516 1268 9516 1511 9516 1548 9517 1498 9517 1511 9517 1539 9518 1498 9518 1548 9518 1825 9519 1539 9519 1548 9519 1821 9520 1539 9520 1825 9520 2124 9521 1821 9521 1825 9521 2125 9522 1821 9522 2124 9522 964 9523 956 9523 951 9523 2067 9524 2068 9524 2004 9524 2003 9525 2067 9525 2004 9525 2066 9526 2067 9526 2003 9526 2002 9527 2064 9527 2066 9527 2001 9528 2063 9528 2064 9528 1993 9529 2062 9529 2063 9529 1992 9530 2061 9530 2062 9530 1991 9531 2060 9531 2061 9531 1986 9532 2059 9532 2060 9532 1984 9533 2058 9533 2059 9533 1875 9534 1800 9534 1741 9534 2003 9535 1875 9535 1741 9535 1960 9536 1875 9536 2003 9536 2004 9537 1960 9537 2003 9537 1741 9538 1800 9538 1746 9538 1705 9539 1741 9539 1746 9539 1702 9540 1741 9540 1705 9540 1589 9541 1702 9541 1705 9541 1456 9542 1702 9542 1589 9542 1483 9543 1456 9543 1589 9543 1456 9544 1483 9544 1457 9544 1337 9545 1456 9545 1457 9545 1262 9546 1456 9546 1337 9546 1262 9547 1337 9547 1303 9547 1265 9548 1262 9548 1303 9548 1250 9549 1262 9549 1265 9549 1250 9550 1135 9550 1086 9550 1247 9551 1250 9551 1086 9551 1262 9552 1250 9552 1247 9552 1086 9553 1135 9553 1097 9553 983 9554 1086 9554 1097 9554 964 9555 1086 9555 983 9555 965 9556 964 9556 983 9556 956 9557 964 9557 965 9557 815 9558 951 9558 956 9558 840 9559 815 9559 956 9559 817 9560 815 9560 840 9560 815 9561 817 9561 804 9561 733 9562 815 9562 804 9562 713 9563 815 9563 733 9563 716 9564 713 9564 733 9564 713 9565 716 9565 715 9565 712 9566 713 9566 715 9566 710 9567 713 9567 712 9567 710 9568 712 9568 703 9568 691 9569 710 9569 703 9569 675 9570 710 9570 691 9570 679 9571 675 9571 691 9571 677 9572 675 9572 679 9572 675 9573 677 9573 670 9573 666 9574 675 9574 670 9574 627 9575 675 9575 666 9575 664 9576 627 9576 666 9576 639 9577 627 9577 664 9577 2002 9578 2066 9578 2003 9578 1741 9579 2002 9579 2003 9579 1740 9580 2002 9580 1741 9580 1702 9581 1740 9581 1741 9581 1701 9582 1740 9582 1702 9582 1456 9583 1701 9583 1702 9583 1451 9584 1701 9584 1456 9584 1262 9585 1451 9585 1456 9585 1261 9586 1451 9586 1262 9586 1247 9587 1261 9587 1262 9587 1244 9588 1261 9588 1247 9588 1086 9589 1244 9589 1247 9589 1076 9590 1244 9590 1086 9590 964 9591 1076 9591 1086 9591 961 9592 1076 9592 964 9592 951 9593 961 9593 964 9593 938 9594 961 9594 951 9594 815 9595 938 9595 951 9595 811 9596 938 9596 815 9596 713 9597 811 9597 815 9597 711 9598 811 9598 713 9598 710 9599 711 9599 713 9599 705 9600 711 9600 710 9600 675 9601 705 9601 710 9601 669 9602 705 9602 675 9602 627 9603 669 9603 675 9603 621 9604 669 9604 627 9604 2001 9605 2064 9605 2002 9605 1740 9606 2001 9606 2002 9606 1738 9607 2001 9607 1740 9607 1701 9608 1738 9608 1740 9608 1697 9609 1738 9609 1701 9609 1451 9610 1697 9610 1701 9610 1442 9611 1697 9611 1451 9611 1261 9612 1442 9612 1451 9612 1258 9613 1442 9613 1261 9613 1244 9614 1258 9614 1261 9614 1240 9615 1258 9615 1244 9615 1076 9616 1240 9616 1244 9616 1064 9617 1240 9617 1076 9617 961 9618 1064 9618 1076 9618 957 9619 1064 9619 961 9619 938 9620 957 9620 961 9620 933 9621 957 9621 938 9621 811 9622 933 9622 938 9622 797 9623 933 9623 811 9623 711 9624 797 9624 811 9624 704 9625 797 9625 711 9625 705 9626 704 9626 711 9626 699 9627 704 9627 705 9627 669 9628 699 9628 705 9628 632 9629 699 9629 669 9629 621 9630 632 9630 669 9630 607 9631 632 9631 621 9631 1993 9632 2063 9632 2001 9632 1738 9633 1993 9633 2001 9633 1732 9634 1993 9634 1738 9634 1697 9635 1732 9635 1738 9635 1694 9636 1732 9636 1697 9636 1442 9637 1694 9637 1697 9637 1429 9638 1694 9638 1442 9638 1258 9639 1429 9639 1442 9639 1251 9640 1429 9640 1258 9640 1240 9641 1251 9641 1258 9641 1234 9642 1251 9642 1240 9642 1064 9643 1234 9643 1240 9643 1054 9644 1234 9644 1064 9644 957 9645 1054 9645 1064 9645 937 9646 1054 9646 957 9646 933 9647 937 9647 957 9647 901 9648 937 9648 933 9648 797 9649 901 9649 933 9649 771 9650 901 9650 797 9650 704 9651 771 9651 797 9651 696 9652 771 9652 704 9652 699 9653 696 9653 704 9653 690 9654 696 9654 699 9654 632 9655 690 9655 699 9655 618 9656 690 9656 632 9656 607 9657 618 9657 632 9657 594 9658 618 9658 607 9658 1992 9659 2062 9659 1993 9659 1732 9660 1992 9660 1993 9660 1729 9661 1992 9661 1732 9661 1694 9662 1729 9662 1732 9662 1688 9663 1729 9663 1694 9663 1429 9664 1688 9664 1694 9664 1416 9665 1688 9665 1429 9665 1251 9666 1416 9666 1429 9666 1243 9667 1416 9667 1251 9667 1234 9668 1243 9668 1251 9668 1228 9669 1243 9669 1234 9669 1054 9670 1228 9670 1234 9670 1044 9671 1228 9671 1054 9671 937 9672 1044 9672 1054 9672 914 9673 1044 9673 937 9673 901 9674 914 9674 937 9674 870 9675 914 9675 901 9675 771 9676 870 9676 901 9676 734 9677 870 9677 771 9677 696 9678 734 9678 771 9678 685 9679 734 9679 696 9679 690 9680 685 9680 696 9680 678 9681 685 9681 690 9681 618 9682 678 9682 690 9682 599 9683 678 9683 618 9683 594 9684 599 9684 618 9684 585 9685 599 9685 594 9685 1991 9686 2061 9686 1992 9686 1729 9687 1991 9687 1992 9687 1722 9688 1991 9688 1729 9688 1688 9689 1722 9689 1729 9689 1686 9690 1722 9690 1688 9690 1416 9691 1686 9691 1688 9691 1390 9692 1686 9692 1416 9692 1243 9693 1390 9693 1416 9693 1235 9694 1390 9694 1243 9694 1228 9695 1235 9695 1243 9695 1213 9696 1235 9696 1228 9696 1044 9697 1213 9697 1228 9697 1027 9698 1213 9698 1044 9698 914 9699 1027 9699 1044 9699 875 9700 1027 9700 914 9700 870 9701 875 9701 914 9701 850 9702 875 9702 870 9702 734 9703 850 9703 870 9703 721 9704 850 9704 734 9704 685 9705 721 9705 734 9705 671 9706 721 9706 685 9706 678 9707 671 9707 685 9707 637 9708 671 9708 678 9708 599 9709 637 9709 678 9709 584 9710 637 9710 599 9710 585 9711 584 9711 599 9711 575 9712 584 9712 585 9712 1986 9713 2060 9713 1991 9713 1722 9714 1986 9714 1991 9714 1712 9715 1986 9715 1722 9715 1686 9716 1712 9716 1722 9716 1681 9717 1712 9717 1686 9717 1390 9718 1681 9718 1686 9718 1377 9719 1681 9719 1390 9719 1235 9720 1377 9720 1390 9720 1229 9721 1377 9721 1235 9721 1213 9722 1229 9722 1235 9722 1205 9723 1229 9723 1213 9723 1027 9724 1205 9724 1213 9724 1016 9725 1205 9725 1027 9725 875 9726 1016 9726 1027 9726 851 9727 1016 9727 875 9727 850 9728 851 9728 875 9728 846 9729 851 9729 850 9729 721 9730 846 9730 850 9730 717 9731 846 9731 721 9731 671 9732 717 9732 721 9732 619 9733 717 9733 671 9733 637 9734 619 9734 671 9734 606 9735 619 9735 637 9735 584 9736 606 9736 637 9736 571 9737 606 9737 584 9737 575 9738 571 9738 584 9738 564 9739 571 9739 575 9739 1984 9740 2059 9740 1986 9740 1712 9741 1984 9741 1986 9741 1707 9742 1984 9742 1712 9742 1681 9743 1707 9743 1712 9743 1674 9744 1707 9744 1681 9744 1377 9745 1674 9745 1681 9745 1347 9746 1674 9746 1377 9746 1229 9747 1347 9747 1377 9747 1212 9748 1347 9748 1229 9748 1205 9749 1212 9749 1229 9749 1199 9750 1212 9750 1205 9750 1016 9751 1199 9751 1205 9751 999 9752 1199 9752 1016 9752 851 9753 999 9753 1016 9753 845 9754 999 9754 851 9754 846 9755 845 9755 851 9755 833 9756 845 9756 846 9756 717 9757 833 9757 846 9757 707 9758 833 9758 717 9758 619 9759 707 9759 717 9759 600 9760 707 9760 619 9760 606 9761 600 9761 619 9761 592 9762 600 9762 606 9762 571 9763 592 9763 606 9763 562 9764 592 9764 571 9764 564 9765 562 9765 571 9765 553 9766 562 9766 564 9766 1981 9767 2058 9767 1984 9767 1707 9768 1981 9768 1984 9768 1700 9769 1981 9769 1707 9769 1674 9770 1700 9770 1707 9770 1667 9771 1700 9771 1674 9771 1347 9772 1667 9772 1674 9772 1344 9773 1667 9773 1347 9773 1212 9774 1344 9774 1347 9774 1204 9775 1344 9775 1212 9775 1199 9776 1204 9776 1212 9776 1192 9777 1204 9777 1199 9777 999 9778 1192 9778 1199 9778 987 9779 1192 9779 999 9779 845 9780 987 9780 999 9780 832 9781 987 9781 845 9781 833 9782 832 9782 845 9782 818 9783 832 9783 833 9783 707 9784 818 9784 833 9784 694 9785 818 9785 707 9785 600 9786 694 9786 707 9786 583 9787 694 9787 600 9787 592 9788 583 9788 600 9788 581 9789 583 9789 592 9789 562 9790 581 9790 592 9790 550 9791 581 9791 562 9791 553 9792 550 9792 562 9792 542 9793 550 9793 553 9793 631 9794 662 9794 663 9794 640 9795 627 9795 639 9795 554 9796 543 9796 542 9796 553 9797 554 9797 542 9797 565 9798 554 9798 553 9798 564 9799 565 9799 553 9799 576 9800 565 9800 564 9800 575 9800 576 9800 564 9800 586 9801 576 9801 575 9801 585 9802 586 9802 575 9802 595 9803 586 9803 585 9803 594 9804 595 9804 585 9804 608 9805 595 9805 594 9805 607 9806 608 9806 594 9806 622 9807 608 9807 607 9807 621 9808 622 9808 607 9808 628 9809 622 9809 621 9809 627 9810 628 9810 621 9810 627 9811 640 9811 641 9811 642 9812 627 9812 641 9812 628 9813 627 9813 642 9813 643 9814 628 9814 642 9814 644 9815 628 9815 643 9815 629 9816 646 9816 647 9816 645 9817 646 9817 629 9817 629 9818 647 9818 648 9818 649 9819 629 9819 648 9819 650 9820 629 9820 649 9820 555 9821 544 9821 543 9821 554 9822 555 9822 543 9822 566 9823 555 9823 554 9823 565 9823 566 9823 554 9823 577 9824 566 9824 565 9824 576 9825 577 9825 565 9825 587 9826 577 9826 576 9826 586 9827 587 9827 576 9827 596 9828 587 9828 586 9828 595 9829 596 9829 586 9829 609 9830 596 9830 595 9830 608 9831 609 9831 595 9831 623 9832 609 9832 608 9832 622 9833 623 9833 608 9833 629 9834 623 9834 622 9834 628 9835 629 9835 622 9835 645 9836 629 9836 628 9836 644 9837 645 9837 628 9837 629 9838 650 9838 651 9838 652 9839 629 9839 651 9839 653 9840 629 9840 652 9840 630 9841 654 9841 655 9841 656 9842 630 9842 655 9842 657 9843 630 9843 656 9843 556 9844 545 9844 544 9844 555 9845 556 9845 544 9845 567 9846 556 9846 555 9846 566 9846 567 9846 555 9846 578 9847 567 9847 566 9847 577 9824 578 9824 566 9824 588 9848 578 9848 577 9848 587 9849 588 9849 577 9849 597 9850 588 9850 587 9850 596 9829 597 9829 587 9829 610 9851 597 9851 596 9851 609 9852 610 9852 596 9852 624 9853 610 9853 609 9853 623 9833 624 9833 609 9833 630 9854 624 9854 623 9854 629 9855 630 9855 623 9855 654 9856 630 9856 629 9856 653 9857 654 9857 629 9857 630 9858 657 9858 658 9858 659 9859 630 9859 658 9859 660 9860 630 9860 659 9860 661 9861 662 9861 631 9861 557 9862 546 9862 545 9862 556 9863 557 9863 545 9863 568 9864 557 9864 556 9864 567 9865 568 9865 556 9865 579 9866 568 9866 567 9866 578 9867 579 9867 567 9867 589 9868 579 9868 578 9868 588 9869 589 9869 578 9869 598 9870 589 9870 588 9870 597 9871 598 9871 588 9871 611 9872 598 9872 597 9872 610 9873 611 9873 597 9873 625 9874 611 9874 610 9874 624 9875 625 9875 610 9875 631 9876 625 9876 624 9876 630 9877 631 9877 624 9877 661 9878 631 9878 630 9878 660 9879 661 9879 630 9879 4422 9880 4424 9880 4510 9880 4532 9881 4422 9881 4510 9881 4421 9882 4422 9882 4532 9882 4535 9883 4421 9883 4532 9883 4420 9884 4421 9884 4535 9884 4549 9885 4420 9885 4535 9885 4419 9886 4420 9886 4549 9886 4555 9887 4419 9887 4549 9887 4418 9888 4419 9888 4555 9888 4564 9889 4418 9889 4555 9889 4417 9890 4418 9890 4564 9890 4569 9891 4417 9891 4564 9891 4416 9892 4417 9892 4569 9892 4576 9893 4416 9893 4569 9893 4415 9894 4416 9894 4576 9894 4579 9895 4415 9895 4576 9895 4414 9896 4415 9896 4579 9896 4582 9897 4414 9897 4579 9897 4412 9898 4414 9898 4582 9898 4584 9899 4412 9899 4582 9899 4532 9900 4510 9900 4616 9900 4635 9901 4532 9901 4616 9901 4535 9902 4532 9902 4635 9902 4656 9903 4535 9903 4635 9903 4549 9904 4535 9904 4656 9904 4677 9905 4549 9905 4656 9905 4555 9906 4549 9906 4677 9906 4694 9907 4555 9907 4677 9907 4564 9908 4555 9908 4694 9908 4710 9909 4564 9909 4694 9909 4569 9910 4564 9910 4710 9910 4730 9911 4569 9911 4710 9911 4576 9912 4569 9912 4730 9912 4739 9913 4576 9913 4730 9913 4579 9914 4576 9914 4739 9914 4747 9915 4579 9915 4739 9915 4582 9916 4579 9916 4747 9916 4760 9917 4582 9917 4747 9917 4584 9918 4582 9918 4760 9918 4762 9919 4584 9919 4760 9919 4635 9920 4616 9920 4697 9920 4732 9921 4635 9921 4697 9921 4656 9922 4635 9922 4732 9922 4775 9923 4656 9923 4732 9923 4677 9924 4656 9924 4775 9924 4816 9925 4677 9925 4775 9925 4694 9926 4677 9926 4816 9926 4843 9927 4694 9927 4816 9927 4710 9928 4694 9928 4843 9928 4862 9929 4710 9929 4843 9929 4730 9930 4710 9930 4862 9930 4882 9931 4730 9931 4862 9931 4739 9932 4730 9932 4882 9932 4899 9933 4739 9933 4882 9933 4747 9934 4739 9934 4899 9934 4911 9935 4747 9935 4899 9935 4760 9936 4747 9936 4911 9936 4922 9937 4760 9937 4911 9937 4762 9938 4760 9938 4922 9938 4928 9939 4762 9939 4922 9939 4732 9940 4697 9940 4791 9940 4841 9941 4732 9941 4791 9941 4775 9942 4732 9942 4841 9942 4874 9943 4775 9943 4841 9943 4816 9944 4775 9944 4874 9944 4916 9945 4816 9945 4874 9945 4843 9946 4816 9946 4916 9946 4964 9947 4843 9947 4916 9947 4862 9948 4843 9948 4964 9948 5002 9949 4862 9949 4964 9949 4882 9950 4862 9950 5002 9950 5039 9951 4882 9951 5002 9951 4899 9952 4882 9952 5039 9952 5068 9953 4899 9953 5039 9953 4911 9954 4899 9954 5068 9954 5099 9955 4911 9955 5068 9955 4922 9956 4911 9956 5099 9956 5124 9957 4922 9957 5099 9957 4928 9958 4922 9958 5124 9958 5127 9959 4928 9959 5124 9959 4841 9960 4791 9960 4860 9960 4909 9961 4841 9961 4860 9961 4874 9962 4841 9962 4909 9962 4978 9963 4874 9963 4909 9963 4916 9964 4874 9964 4978 9964 5037 9965 4916 9965 4978 9965 4964 9966 4916 9966 5037 9966 5114 9967 4964 9967 5037 9967 5002 9968 4964 9968 5114 9968 5170 9969 5002 9969 5114 9969 5039 9970 5002 9970 5170 9970 5185 9971 5039 9971 5170 9971 5068 9972 5039 9972 5185 9972 5195 9973 5068 9973 5185 9973 5099 9974 5068 9974 5195 9974 5205 9975 5099 9975 5195 9975 5124 9976 5099 9976 5205 9976 5213 9977 5124 9977 5205 9977 5127 9978 5124 9978 5213 9978 5218 9979 5127 9979 5213 9979 4909 9980 4860 9980 4924 9980 4994 9981 4909 9981 4924 9981 4978 9982 4909 9982 4994 9982 5073 9983 4978 9983 4994 9983 5037 9984 4978 9984 5073 9984 5168 9985 5037 9985 5073 9985 5114 9986 5037 9986 5168 9986 5191 9987 5114 9987 5168 9987 5170 9988 5114 9988 5191 9988 5216 9989 5170 9989 5191 9989 5185 9990 5170 9990 5216 9990 5238 9991 5185 9991 5216 9991 5195 9992 5185 9992 5238 9992 5257 9993 5195 9993 5238 9993 5205 9994 5195 9994 5257 9994 5271 9995 5205 9995 5257 9995 5213 9996 5205 9996 5271 9996 5279 9997 5213 9997 5271 9997 5218 9998 5213 9998 5279 9998 5287 9999 5218 9999 5279 9999 4994 10000 4924 10000 4986 10000 5066 10001 4994 10001 4986 10001 5073 10002 4994 10002 5066 10002 5174 10003 5073 10003 5066 10003 5168 10004 5073 10004 5174 10004 5197 10005 5168 10005 5174 10005 5191 10006 5168 10006 5197 10006 5233 10007 5191 10007 5197 10007 5216 10008 5191 10008 5233 10008 5261 10009 5216 10009 5233 10009 5238 10010 5216 10010 5261 10010 5295 10011 5238 10011 5261 10011 5257 10012 5238 10012 5295 10012 5316 10013 5257 10013 5295 10013 5271 10014 5257 10014 5316 10014 5329 10015 5271 10015 5316 10015 5279 10016 5271 10016 5329 10016 5339 10017 5279 10017 5329 10017 5287 10018 5279 10018 5339 10018 5344 10019 5287 10019 5339 10019 5066 10020 4986 10020 5027 10020 5161 10021 5066 10021 5027 10021 5174 10022 5066 10022 5161 10022 5189 10023 5174 10023 5161 10023 5197 10024 5174 10024 5189 10024 5226 10025 5197 10025 5189 10025 5233 10026 5197 10026 5226 10026 5264 10027 5233 10027 5226 10027 5261 10028 5233 10028 5264 10028 5303 10029 5261 10029 5264 10029 5295 10030 5261 10030 5303 10030 5327 10031 5295 10031 5303 10031 5316 10032 5295 10032 5327 10032 5355 10033 5316 10033 5327 10033 5329 10034 5316 10034 5355 10034 5373 10035 5329 10035 5355 10035 5339 10036 5329 10036 5373 10036 5386 10037 5339 10037 5373 10037 5344 10038 5339 10038 5386 10038 5395 10039 5344 10039 5386 10039 5161 10040 5027 10040 5053 10040 5176 10041 5161 10041 5053 10041 5189 10042 5161 10042 5176 10042 5202 10043 5189 10043 5176 10043 5226 10044 5189 10044 5202 10044 5243 10045 5226 10045 5202 10045 5264 10046 5226 10046 5243 10046 5285 10047 5264 10047 5243 10047 5303 10048 5264 10048 5285 10048 5319 10049 5303 10049 5285 10049 5327 10050 5303 10050 5319 10050 5353 10051 5327 10051 5319 10051 5355 10052 5327 10052 5353 10052 5382 10053 5355 10053 5353 10053 5373 10054 5355 10054 5382 10054 5441 10055 5373 10055 5382 10055 5386 10056 5373 10056 5441 10056 5457 10057 5386 10057 5441 10057 5395 10058 5386 10058 5457 10058 5459 10059 5395 10059 5457 10059 5176 10060 5053 10060 5064 10060 5180 10061 5176 10061 5064 10061 5202 10062 5176 10062 5180 10062 5211 10063 5202 10063 5180 10063 5243 10064 5202 10064 5211 10064 5250 10065 5243 10065 5211 10065 5285 10066 5243 10066 5250 10066 5299 10067 5285 10067 5250 10067 5319 10068 5285 10068 5299 10068 5325 10069 5319 10069 5299 10069 5353 10070 5319 10070 5325 10070 5365 10071 5353 10071 5325 10071 5382 10072 5353 10072 5365 10072 5401 10073 5382 10073 5365 10073 5441 10074 5382 10074 5401 10074 5453 10075 5441 10075 5401 10075 5457 10076 5441 10076 5453 10076 5470 10077 5457 10077 5453 10077 5459 10078 5457 10078 5470 10078 5474 10079 5459 10079 5470 10079 2081 10080 4412 10080 2079 10080 4414 10081 4412 10081 2081 10081 2082 10082 4414 10082 2081 10082 4415 10083 4414 10083 2082 10083 2083 10084 4415 10084 2082 10084 4416 10085 4415 10085 2083 10085 2084 10086 4416 10086 2083 10086 4417 10087 4416 10087 2084 10087 2085 10088 4417 10088 2084 10088 4418 10088 4417 10088 2085 10088 2086 10089 4418 10089 2085 10089 4419 10089 4418 10089 2086 10089 2087 10090 4419 10090 2086 10090 4420 10090 4419 10090 2087 10090 2088 10091 4420 10091 2087 10091 4421 10092 4420 10092 2088 10092 2089 10093 4421 10093 2088 10093 4422 10094 4421 10094 2089 10094 2091 10095 4422 10095 2089 10095 4424 10096 4422 10096 2091 10096 5470 10097 5476 10097 5474 10097 5471 10098 5476 10098 5470 10098 5453 10099 5471 10099 5470 10099 5454 10100 5471 10100 5453 10100 5401 10101 5454 10101 5453 10101 5402 10102 5454 10102 5401 10102 5365 10103 5402 10103 5401 10103 5366 10104 5402 10104 5365 10104 5325 10105 5366 10105 5365 10105 5326 10106 5366 10106 5325 10106 5299 10107 5326 10107 5325 10107 5300 10108 5326 10108 5299 10108 5250 10109 5300 10109 5299 10109 5251 10110 5300 10110 5250 10110 5211 10111 5251 10111 5250 10111 5212 10112 5251 10112 5211 10112 5180 10113 5212 10113 5211 10113 5181 10113 5212 10113 5180 10113 5064 10114 5181 10114 5180 10114 5065 10114 5181 10114 5064 10114 1329 10115 1447 10115 1458 10115 1333 10116 1329 10116 1458 10116 1298 10117 1329 10117 1333 10117 1307 10118 1298 10118 1333 10118 1259 10119 1298 10119 1307 10119 1266 10120 1259 10120 1307 10120 1210 10121 1259 10121 1266 10121 1224 10122 1210 10122 1266 10122 1184 10123 1210 10123 1224 10123 1190 10124 1184 10124 1224 10124 1144 10125 1184 10125 1190 10125 1156 10126 1144 10126 1190 10126 1107 10127 1144 10127 1156 10127 1126 10128 1107 10128 1156 10128 1055 10129 1107 10129 1126 10129 1067 10130 1055 10130 1126 10130 1038 10131 1055 10131 1067 10131 1051 10132 1038 10132 1067 10132 1032 10133 1038 10133 1051 10133 1047 10134 1032 10134 1051 10134 1333 10135 1458 10135 1486 10135 1348 10136 1333 10136 1486 10136 1307 10137 1333 10137 1348 10137 1320 10138 1307 10138 1348 10138 1266 10139 1307 10139 1320 10139 1283 10140 1266 10140 1320 10140 1224 10141 1266 10141 1283 10141 1245 10142 1224 10142 1283 10142 1190 10143 1224 10143 1245 10143 1206 10144 1190 10144 1245 10144 1156 10145 1190 10145 1206 10145 1182 10146 1156 10146 1206 10146 1126 10147 1156 10147 1182 10147 1154 10148 1126 10148 1182 10148 1067 10149 1126 10149 1154 10149 1136 10150 1067 10150 1154 10150 1051 10151 1067 10151 1136 10151 1122 10152 1051 10152 1136 10152 1047 10153 1051 10153 1122 10153 1111 10154 1047 10154 1122 10154 1348 10155 1486 10155 1525 10155 1445 10156 1348 10156 1525 10156 1320 10157 1348 10157 1445 10157 1335 10158 1320 10158 1445 10158 1283 10159 1320 10159 1335 10159 1312 10160 1283 10160 1335 10160 1245 10161 1283 10161 1312 10161 1276 10162 1245 10162 1312 10162 1206 10163 1245 10163 1276 10163 1248 10164 1206 10164 1276 10164 1182 10165 1206 10165 1248 10165 1214 10166 1182 10166 1248 10166 1154 10167 1182 10167 1214 10167 1193 10168 1154 10168 1214 10168 1136 10169 1154 10169 1193 10169 1180 10170 1136 10170 1193 10170 1122 10171 1136 10171 1180 10171 1170 10172 1122 10172 1180 10172 1111 10173 1122 10173 1170 10173 1163 10174 1111 10174 1170 10174 1445 10175 1525 10175 1590 10175 1517 10176 1445 10176 1590 10176 1335 10177 1445 10177 1517 10177 1438 10178 1335 10178 1517 10178 1312 10179 1335 10179 1438 10179 1342 10180 1312 10180 1438 10180 1276 10181 1312 10181 1342 10181 1318 10182 1276 10182 1342 10182 1248 10183 1276 10183 1318 10183 1293 10184 1248 10184 1318 10184 1214 10185 1248 10185 1293 10185 1271 10186 1214 10186 1293 10186 1193 10187 1214 10187 1271 10187 1252 10188 1193 10188 1271 10188 1180 10189 1193 10189 1252 10189 1238 10190 1180 10190 1252 10190 1170 10191 1180 10191 1238 10191 1230 10192 1170 10192 1238 10192 1163 10193 1170 10193 1230 10193 1220 10194 1163 10194 1230 10194 1517 10195 1590 10195 1653 10195 1604 10196 1517 10196 1653 10196 1438 10197 1517 10197 1604 10197 1533 10198 1438 10198 1604 10198 1342 10199 1438 10199 1533 10199 1472 10200 1342 10200 1533 10200 1318 10201 1342 10201 1472 10201 1395 10202 1318 10202 1472 10202 1293 10203 1318 10203 1395 10203 1340 10204 1293 10204 1395 10204 1271 10205 1293 10205 1340 10205 1324 10206 1271 10206 1340 10206 1252 10207 1271 10207 1324 10207 1314 10208 1252 10208 1324 10208 1238 10209 1252 10209 1314 10209 1304 10210 1238 10210 1314 10210 1230 10211 1238 10211 1304 10211 1296 10212 1230 10212 1304 10212 1220 10213 1230 10213 1296 10213 1289 10214 1220 10214 1296 10214 1604 10215 1653 10215 1720 10215 1672 10216 1604 10216 1720 10216 1533 10217 1604 10217 1672 10217 1639 10218 1533 10218 1672 10218 1472 10219 1533 10219 1639 10219 1597 10220 1472 10220 1639 10220 1395 10221 1472 10221 1597 10221 1549 10222 1395 10222 1597 10222 1340 10223 1395 10223 1549 10223 1509 10224 1340 10224 1549 10224 1324 10225 1340 10225 1509 10225 1470 10226 1324 10226 1509 10226 1314 10227 1324 10227 1470 10227 1443 10228 1314 10228 1470 10228 1304 10229 1314 10229 1443 10229 1412 10230 1304 10230 1443 10230 1296 10231 1304 10231 1412 10231 1385 10232 1296 10232 1412 10232 1289 10233 1296 10233 1385 10233 1380 10234 1289 10234 1385 10234 1672 10235 1720 10235 1815 10235 1782 10236 1672 10236 1815 10236 1639 10237 1672 10237 1782 10237 1736 10238 1639 10238 1782 10238 1597 10239 1639 10239 1736 10239 1695 10240 1597 10240 1736 10240 1549 10241 1597 10241 1695 10241 1670 10242 1549 10242 1695 10242 1509 10243 1549 10243 1670 10243 1651 10244 1509 10244 1670 10244 1470 10245 1509 10245 1651 10245 1631 10246 1470 10246 1651 10246 1443 10247 1470 10247 1631 10247 1614 10248 1443 10248 1631 10248 1412 10249 1443 10249 1614 10249 1602 10250 1412 10250 1614 10250 1385 10251 1412 10251 1602 10251 1592 10252 1385 10252 1602 10252 1380 10253 1385 10253 1592 10253 1583 10254 1380 10254 1592 10254 1782 10255 1815 10255 1897 10255 1880 10256 1782 10256 1897 10256 1736 10257 1782 10257 1880 10257 1856 10258 1736 10258 1880 10258 1695 10259 1736 10259 1856 10259 1835 10260 1695 10260 1856 10260 1670 10261 1695 10261 1835 10261 1818 10262 1670 10262 1835 10262 1651 10263 1670 10263 1818 10263 1801 10264 1651 10264 1818 10264 1631 10265 1651 10265 1801 10265 1784 10266 1631 10266 1801 10266 1614 10267 1631 10267 1784 10267 1772 10268 1614 10268 1784 10268 1602 10269 1614 10269 1772 10269 1764 10270 1602 10270 1772 10270 1592 10271 1602 10271 1764 10271 1751 10272 1592 10272 1764 10272 1583 10273 1592 10273 1751 10273 1747 10274 1583 10274 1751 10274 1880 10275 1897 10275 2006 10275 1982 10276 1880 10276 2006 10276 1856 10277 1880 10277 1982 10277 1979 10278 1856 10278 1982 10278 1835 10279 1856 10279 1979 10279 1965 10280 1835 10280 1979 10280 1818 10281 1835 10281 1965 10281 1958 10282 1818 10282 1965 10282 1801 10283 1818 10283 1958 10283 1950 10284 1801 10284 1958 10284 1784 10285 1801 10285 1950 10285 1944 10286 1784 10286 1950 10286 1772 10287 1784 10287 1944 10287 1937 10288 1772 10288 1944 10288 1764 10289 1772 10289 1937 10289 1934 10290 1764 10290 1937 10290 1751 10291 1764 10291 1934 10291 1931 10292 1751 10292 1934 10292 1747 10293 1751 10293 1931 10293 1927 10294 1747 10294 1931 10294 1982 10295 2006 10295 2091 10295 2089 10296 1982 10296 2091 10296 1979 10297 1982 10297 2089 10297 2088 10298 1979 10298 2089 10298 1965 10299 1979 10299 2088 10299 2087 10300 1965 10300 2088 10300 1958 10301 1965 10301 2087 10301 2086 10302 1958 10302 2087 10302 1950 10303 1958 10303 2086 10303 2085 10304 1950 10304 2086 10304 1944 10305 1950 10305 2085 10305 2084 10306 1944 10306 2085 10306 1937 10307 1944 10307 2084 10307 2083 10308 1937 10308 2084 10308 1934 10309 1937 10309 2083 10309 2082 10310 1934 10310 2083 10310 1931 10311 1934 10311 2082 10311 2081 10312 1931 10312 2082 10312 1927 10313 1931 10313 2081 10313 2079 10314 1927 10314 2081 10314 5181 10315 5065 10315 5054 10315 5177 10316 5181 10316 5054 10316 5212 10317 5181 10317 5177 10317 5203 10318 5212 10318 5177 10318 5251 10319 5212 10319 5203 10319 5244 10320 5251 10320 5203 10320 5300 10321 5251 10321 5244 10321 5286 10322 5300 10322 5244 10322 5326 10323 5300 10323 5286 10323 5320 10324 5326 10324 5286 10324 5366 10325 5326 10325 5320 10325 5354 10326 5366 10326 5320 10326 5402 10327 5366 10327 5354 10327 5383 10328 5402 10328 5354 10328 5454 10329 5402 10329 5383 10329 5442 10330 5454 10330 5383 10330 5471 10331 5454 10331 5442 10331 5458 10332 5471 10332 5442 10332 5476 10333 5471 10333 5458 10333 5461 10334 5476 10334 5458 10334 5177 10335 5054 10335 5028 10335 5162 10336 5177 10336 5028 10336 5203 10337 5177 10337 5162 10337 5190 10338 5203 10338 5162 10338 5244 10339 5203 10339 5190 10339 5227 10340 5244 10340 5190 10340 5286 10341 5244 10341 5227 10341 5265 10342 5286 10342 5227 10342 5320 10343 5286 10343 5265 10343 5304 10344 5320 10344 5265 10344 5354 10345 5320 10345 5304 10345 5328 10346 5354 10346 5304 10346 5383 10347 5354 10347 5328 10347 5356 10348 5383 10348 5328 10348 5442 10349 5383 10349 5356 10349 5374 10350 5442 10350 5356 10350 5458 10351 5442 10351 5374 10351 5387 10352 5458 10352 5374 10352 5461 10353 5458 10353 5387 10353 5397 10354 5461 10354 5387 10354 5162 10355 5028 10355 4987 10355 5067 10356 5162 10356 4987 10356 5190 10357 5162 10357 5067 10357 5175 10358 5190 10358 5067 10358 5227 10359 5190 10359 5175 10359 5198 10360 5227 10360 5175 10360 5265 10361 5227 10361 5198 10361 5234 10362 5265 10362 5198 10362 5304 10363 5265 10363 5234 10363 5262 10364 5304 10364 5234 10364 5328 10365 5304 10365 5262 10365 5296 10366 5328 10366 5262 10366 5356 10367 5328 10367 5296 10367 5317 10368 5356 10368 5296 10368 5374 10369 5356 10369 5317 10369 5330 10370 5374 10370 5317 10370 5387 10371 5374 10371 5330 10371 5340 10372 5387 10372 5330 10372 5397 10373 5387 10373 5340 10373 5346 10374 5397 10374 5340 10374 5067 10375 4987 10375 4925 10375 4995 10376 5067 10376 4925 10376 5175 10377 5067 10377 4995 10377 5074 10378 5175 10378 4995 10378 5198 10379 5175 10379 5074 10379 5169 10380 5198 10380 5074 10380 5234 10381 5198 10381 5169 10381 5192 10382 5234 10382 5169 10382 5262 10383 5234 10383 5192 10383 5217 10384 5262 10384 5192 10384 5296 10385 5262 10385 5217 10385 5239 10386 5296 10386 5217 10386 5317 10387 5296 10387 5239 10387 5258 10388 5317 10388 5239 10388 5330 10389 5317 10389 5258 10389 5272 10390 5330 10390 5258 10390 5340 10391 5330 10391 5272 10391 5280 10392 5340 10392 5272 10392 5346 10393 5340 10393 5280 10393 5289 10394 5346 10394 5280 10394 4995 10395 4925 10395 4861 10395 4910 10396 4995 10396 4861 10396 5074 10397 4995 10397 4910 10397 4979 10398 5074 10398 4910 10398 5169 10399 5074 10399 4979 10399 5038 10400 5169 10400 4979 10400 5192 10401 5169 10401 5038 10401 5115 10402 5192 10402 5038 10402 5217 10403 5192 10403 5115 10403 5171 10404 5217 10404 5115 10404 5239 10405 5217 10405 5171 10405 5186 10406 5239 10406 5171 10406 5258 10407 5239 10407 5186 10407 5196 10408 5258 10408 5186 10408 5272 10409 5258 10409 5196 10409 5206 10410 5272 10410 5196 10410 5280 10411 5272 10411 5206 10411 5214 10412 5280 10412 5206 10412 5289 10413 5280 10413 5214 10413 5220 10414 5289 10414 5214 10414 4910 10415 4861 10415 4792 10415 4842 10416 4910 10416 4792 10416 4979 10417 4910 10417 4842 10417 4875 10418 4979 10418 4842 10418 5038 10419 4979 10419 4875 10419 4917 10420 5038 10420 4875 10420 5115 10421 5038 10421 4917 10421 4965 10422 5115 10422 4917 10422 5171 10423 5115 10423 4965 10423 5003 10424 5171 10424 4965 10424 5186 10425 5171 10425 5003 10425 5040 10426 5186 10426 5003 10426 5196 10427 5186 10427 5040 10427 5069 10428 5196 10428 5040 10428 5206 10429 5196 10429 5069 10429 5100 10430 5206 10430 5069 10430 5214 10431 5206 10431 5100 10431 5125 10432 5214 10432 5100 10432 5220 10433 5214 10433 5125 10433 5129 10434 5220 10434 5125 10434 4842 10435 4792 10435 4698 10435 4733 10436 4842 10436 4698 10436 4875 10437 4842 10437 4733 10437 4776 10438 4875 10438 4733 10438 4917 10439 4875 10439 4776 10439 4817 10440 4917 10440 4776 10440 4965 10441 4917 10441 4817 10441 4844 10442 4965 10442 4817 10442 5003 10443 4965 10443 4844 10443 4863 10444 5003 10444 4844 10444 5040 10445 5003 10445 4863 10445 4883 10446 5040 10446 4863 10446 5069 10447 5040 10447 4883 10447 4900 10448 5069 10448 4883 10448 5100 10449 5069 10449 4900 10449 4912 10450 5100 10450 4900 10450 5125 10451 5100 10451 4912 10451 4923 10452 5125 10452 4912 10452 5129 10453 5125 10453 4923 10453 4930 10454 5129 10454 4923 10454 4733 10455 4698 10455 4617 10455 4636 10456 4733 10456 4617 10456 4776 10457 4733 10457 4636 10457 4657 10458 4776 10458 4636 10458 4817 10459 4776 10459 4657 10459 4678 10460 4817 10460 4657 10460 4844 10461 4817 10461 4678 10461 4695 10462 4844 10462 4678 10462 4863 10463 4844 10463 4695 10463 4711 10464 4863 10464 4695 10464 4883 10465 4863 10465 4711 10465 4731 10466 4883 10466 4711 10466 4900 10467 4883 10467 4731 10467 4740 10468 4900 10468 4731 10468 4912 10469 4900 10469 4740 10469 4748 10470 4912 10470 4740 10470 4923 10471 4912 10471 4748 10471 4761 10472 4923 10472 4748 10472 4930 10473 4923 10473 4761 10473 4764 10474 4930 10474 4761 10474 4636 10475 4617 10475 4511 10475 4533 10476 4636 10476 4511 10476 4657 10477 4636 10477 4533 10477 4536 10478 4657 10478 4533 10478 4678 10479 4657 10479 4536 10479 4550 10480 4678 10480 4536 10480 4695 10481 4678 10481 4550 10481 4556 10482 4695 10482 4550 10482 4711 10483 4695 10483 4556 10483 4565 10484 4711 10484 4556 10484 4731 10485 4711 10485 4565 10485 4570 10486 4731 10486 4565 10486 4740 10487 4731 10487 4570 10487 4577 10488 4740 10488 4570 10488 4748 10489 4740 10489 4577 10489 4580 10490 4748 10490 4577 10490 4761 10491 4748 10491 4580 10491 4583 10492 4761 10492 4580 10492 4764 10493 4761 10493 4583 10493 4586 10494 4764 10494 4583 10494 4533 10495 4511 10495 4425 10495 4427 10496 4533 10496 4425 10496 4536 10497 4533 10497 4427 10497 4428 10498 4536 10498 4427 10498 4550 10499 4536 10499 4428 10499 4429 10500 4550 10500 4428 10500 4556 10501 4550 10501 4429 10501 4430 10502 4556 10502 4429 10502 4565 10503 4556 10503 4430 10503 4431 10504 4565 10504 4430 10504 4570 10505 4565 10505 4431 10505 4432 10506 4570 10506 4431 10506 4577 10507 4570 10507 4432 10507 4433 10508 4577 10508 4432 10508 4580 10509 4577 10509 4433 10509 4434 10510 4580 10510 4433 10510 4583 10511 4580 10511 4434 10511 4435 10512 4583 10512 4434 10512 4586 10513 4583 10513 4435 10513 4436 10514 4586 10514 4435 10514 1039 10515 1032 10515 1034 10515 1038 10516 1032 10516 1039 10516 1056 10517 1038 10517 1039 10517 1055 10517 1038 10517 1056 10517 1108 10518 1055 10518 1056 10518 1107 10519 1055 10519 1108 10519 1145 10520 1107 10520 1108 10520 1144 10521 1107 10521 1145 10521 1185 10522 1144 10522 1145 10522 1184 10523 1144 10523 1185 10523 1211 10524 1184 10524 1185 10524 1210 10525 1184 10525 1211 10525 1260 10526 1210 10526 1211 10526 1259 10527 1210 10527 1260 10527 1299 10528 1259 10528 1260 10528 1298 10529 1259 10529 1299 10529 1330 10530 1298 10530 1299 10530 1329 10530 1298 10530 1330 10530 1448 10531 1329 10531 1330 10531 1447 10531 1329 10531 1448 10531 4435 10532 2103 10532 4436 10532 2102 10533 2103 10533 4435 10533 4434 10534 2102 10534 4435 10534 2101 10535 2102 10535 4434 10535 4433 10536 2101 10536 4434 10536 2100 10536 2101 10536 4433 10536 4432 10537 2100 10537 4433 10537 2099 10538 2100 10538 4432 10538 4431 10539 2099 10539 4432 10539 2098 10539 2099 10539 4431 10539 4430 10540 2098 10540 4431 10540 2097 10541 2098 10541 4430 10541 4429 10542 2097 10542 4430 10542 2096 10543 2097 10543 4429 10543 4428 10544 2096 10544 4429 10544 2095 10545 2096 10545 4428 10545 4427 10546 2095 10546 4428 10546 2094 10547 2095 10547 4427 10547 4425 10548 2094 10548 4427 10548 2092 10549 2094 10549 4425 10549 2094 10550 2092 10550 2007 10550 1983 10551 2094 10551 2007 10551 2095 10552 2094 10552 1983 10552 1980 10553 2095 10553 1983 10553 2096 10554 2095 10554 1980 10554 1966 10555 2096 10555 1980 10555 2097 10556 2096 10556 1966 10556 1959 10557 2097 10557 1966 10557 2098 10558 2097 10558 1959 10558 1951 10559 2098 10559 1959 10559 2099 10560 2098 10560 1951 10560 1945 10561 2099 10561 1951 10561 2100 10562 2099 10562 1945 10562 1938 10563 2100 10563 1945 10563 2101 10564 2100 10564 1938 10564 1935 10565 2101 10565 1938 10565 2102 10566 2101 10566 1935 10566 1932 10567 2102 10567 1935 10567 2103 10568 2102 10568 1932 10568 1929 10569 2103 10569 1932 10569 1983 10570 2007 10570 1898 10570 1881 10571 1983 10571 1898 10571 1980 10572 1983 10572 1881 10572 1857 10573 1980 10573 1881 10573 1966 10574 1980 10574 1857 10574 1836 10575 1966 10575 1857 10575 1959 10576 1966 10576 1836 10576 1819 10577 1959 10577 1836 10577 1951 10578 1959 10578 1819 10578 1802 10579 1951 10579 1819 10579 1945 10580 1951 10580 1802 10580 1785 10581 1945 10581 1802 10581 1938 10582 1945 10582 1785 10582 1773 10583 1938 10583 1785 10583 1935 10584 1938 10584 1773 10584 1765 10585 1935 10585 1773 10585 1932 10586 1935 10586 1765 10586 1752 10587 1932 10587 1765 10587 1929 10588 1932 10588 1752 10588 1749 10589 1929 10589 1752 10589 1881 10590 1898 10590 1816 10590 1783 10591 1881 10591 1816 10591 1857 10592 1881 10592 1783 10592 1737 10593 1857 10593 1783 10593 1836 10594 1857 10594 1737 10594 1696 10595 1836 10595 1737 10595 1819 10596 1836 10596 1696 10596 1671 10597 1819 10597 1696 10597 1802 10598 1819 10598 1671 10598 1652 10599 1802 10599 1671 10599 1785 10600 1802 10600 1652 10600 1632 10601 1785 10601 1652 10601 1773 10602 1785 10602 1632 10602 1615 10603 1773 10603 1632 10603 1765 10604 1773 10604 1615 10604 1603 10605 1765 10605 1615 10605 1752 10606 1765 10606 1603 10606 1593 10607 1752 10607 1603 10607 1749 10608 1752 10608 1593 10608 1585 10609 1749 10609 1593 10609 1783 10610 1816 10610 1721 10610 1673 10611 1783 10611 1721 10611 1737 10612 1783 10612 1673 10612 1640 10613 1737 10613 1673 10613 1696 10614 1737 10614 1640 10614 1598 10615 1696 10615 1640 10615 1671 10616 1696 10616 1598 10616 1550 10617 1671 10617 1598 10617 1652 10618 1671 10618 1550 10618 1510 10619 1652 10619 1550 10619 1632 10620 1652 10620 1510 10620 1471 10621 1632 10621 1510 10621 1615 10622 1632 10622 1471 10622 1444 10623 1615 10623 1471 10623 1603 10624 1615 10624 1444 10624 1413 10625 1603 10625 1444 10625 1593 10626 1603 10626 1413 10626 1386 10627 1593 10627 1413 10627 1585 10628 1593 10628 1386 10628 1382 10629 1585 10629 1386 10629 1673 10630 1721 10630 1654 10630 1605 10631 1673 10631 1654 10631 1640 10632 1673 10632 1605 10632 1534 10633 1640 10633 1605 10633 1598 10634 1640 10634 1534 10634 1473 10635 1598 10635 1534 10635 1550 10636 1598 10636 1473 10636 1396 10637 1550 10637 1473 10637 1510 10638 1550 10638 1396 10638 1341 10639 1510 10639 1396 10639 1471 10640 1510 10640 1341 10640 1325 10641 1471 10641 1341 10641 1444 10642 1471 10642 1325 10642 1315 10643 1444 10643 1325 10643 1413 10644 1444 10644 1315 10644 1305 10645 1413 10645 1315 10645 1386 10646 1413 10646 1305 10646 1297 10647 1386 10647 1305 10647 1382 10648 1386 10648 1297 10648 1291 10649 1382 10649 1297 10649 1605 10650 1654 10650 1591 10650 1518 10651 1605 10651 1591 10651 1534 10652 1605 10652 1518 10652 1439 10653 1534 10653 1518 10653 1473 10654 1534 10654 1439 10654 1343 10655 1473 10655 1439 10655 1396 10656 1473 10656 1343 10656 1319 10657 1396 10657 1343 10657 1341 10658 1396 10658 1319 10658 1294 10659 1341 10659 1319 10659 1325 10660 1341 10660 1294 10660 1272 10661 1325 10661 1294 10661 1315 10662 1325 10662 1272 10662 1253 10663 1315 10663 1272 10663 1305 10664 1315 10664 1253 10664 1239 10665 1305 10665 1253 10665 1297 10666 1305 10666 1239 10666 1231 10667 1297 10667 1239 10667 1291 10668 1297 10668 1231 10668 1222 10669 1291 10669 1231 10669 1518 10670 1591 10670 1526 10670 1446 10671 1518 10671 1526 10671 1439 10672 1518 10672 1446 10672 1336 10673 1439 10673 1446 10673 1343 10674 1439 10674 1336 10674 1313 10675 1343 10675 1336 10675 1319 10676 1343 10676 1313 10676 1277 10677 1319 10677 1313 10677 1294 10678 1319 10678 1277 10678 1249 10679 1294 10679 1277 10679 1272 10680 1294 10680 1249 10680 1215 10681 1272 10681 1249 10681 1253 10682 1272 10682 1215 10682 1194 10683 1253 10683 1215 10683 1239 10684 1253 10684 1194 10684 1181 10685 1239 10685 1194 10685 1231 10686 1239 10686 1181 10686 1171 10687 1231 10687 1181 10687 1222 10688 1231 10688 1171 10688 1165 10689 1222 10689 1171 10689 1446 10690 1526 10690 1487 10690 1349 10691 1446 10691 1487 10691 1336 10692 1446 10692 1349 10692 1321 10693 1336 10693 1349 10693 1313 10694 1336 10694 1321 10694 1284 10695 1313 10695 1321 10695 1277 10696 1313 10696 1284 10696 1246 10697 1277 10697 1284 10697 1249 10698 1277 10698 1246 10698 1207 10699 1249 10699 1246 10699 1215 10700 1249 10700 1207 10700 1183 10701 1215 10701 1207 10701 1194 10702 1215 10702 1183 10702 1155 10703 1194 10703 1183 10703 1181 10704 1194 10704 1155 10704 1137 10705 1181 10705 1155 10705 1171 10706 1181 10706 1137 10706 1123 10707 1171 10707 1137 10707 1165 10708 1171 10708 1123 10708 1113 10709 1165 10709 1123 10709 1349 10710 1487 10710 1459 10710 1334 10711 1349 10711 1459 10711 1321 10712 1349 10712 1334 10712 1308 10713 1321 10713 1334 10713 1284 10714 1321 10714 1308 10714 1267 10715 1284 10715 1308 10715 1246 10716 1284 10716 1267 10716 1225 10717 1246 10717 1267 10717 1207 10718 1246 10718 1225 10718 1191 10719 1207 10719 1225 10719 1183 10720 1207 10720 1191 10720 1157 10721 1183 10721 1191 10721 1155 10722 1183 10722 1157 10722 1127 10723 1155 10723 1157 10723 1137 10724 1155 10724 1127 10724 1068 10725 1137 10725 1127 10725 1123 10726 1137 10726 1068 10726 1052 10727 1123 10727 1068 10727 1113 10728 1123 10728 1052 10728 1049 10729 1113 10729 1052 10729 1334 10730 1459 10730 1448 10730 1330 10731 1334 10731 1448 10731 1308 10732 1334 10732 1330 10732 1299 10733 1308 10733 1330 10733 1267 10734 1308 10734 1299 10734 1260 10735 1267 10735 1299 10735 1225 10736 1267 10736 1260 10736 1211 10737 1225 10737 1260 10737 1191 10738 1225 10738 1211 10738 1185 10739 1191 10739 1211 10739 1157 10740 1191 10740 1185 10740 1145 10741 1157 10741 1185 10741 1127 10742 1157 10742 1145 10742 1108 10743 1127 10743 1145 10743 1068 10744 1127 10744 1108 10744 1056 10745 1068 10745 1108 10745 1052 10746 1068 10746 1056 10746 1039 10747 1052 10747 1056 10747 1049 10748 1052 10748 1039 10748 1034 10749 1049 10749 1039 10749 4587 10750 4437 10750 4438 10750 4592 10751 4587 10751 4438 10751 4765 10752 4587 10752 4592 10752 4768 10753 4765 10753 4592 10753 4931 10754 4765 10754 4768 10754 4936 10755 4931 10755 4768 10755 5130 10756 4931 10756 4936 10756 5135 10757 5130 10757 4936 10757 5221 10758 5130 10758 5135 10758 5223 10759 5221 10759 5135 10759 5290 10760 5221 10760 5223 10760 5294 10761 5290 10761 5223 10761 5347 10762 5290 10762 5294 10762 5350 10763 5347 10763 5294 10763 5398 10764 5347 10764 5350 10764 5418 10765 5398 10765 5350 10765 5462 10766 5398 10766 5418 10766 5467 10767 5462 10767 5418 10767 5477 10768 5462 10768 5467 10768 5481 10769 5477 10769 5467 10769 4592 10770 4438 10770 4439 10770 4594 10771 4592 10771 4439 10771 4768 10772 4592 10772 4594 10772 4778 10773 4768 10773 4594 10773 4936 10774 4768 10774 4778 10774 4941 10775 4936 10775 4778 10775 5135 10776 4936 10776 4941 10776 5165 10777 5135 10777 4941 10777 5223 10778 5135 10778 5165 10778 5229 10779 5223 10779 5165 10779 5294 10780 5223 10780 5229 10780 5302 10781 5294 10781 5229 10781 5350 10782 5294 10782 5302 10782 5358 10783 5350 10783 5302 10783 5418 10784 5350 10784 5358 10784 5449 10785 5418 10785 5358 10785 5467 10786 5418 10786 5449 10786 5486 10787 5467 10787 5449 10787 5481 10788 5467 10788 5486 10788 5495 10789 5481 10789 5486 10789 4594 10790 4439 10790 4441 10790 4603 10791 4594 10791 4441 10791 4778 10792 4594 10792 4603 10792 4787 10793 4778 10793 4603 10793 4941 10794 4778 10794 4787 10794 4957 10795 4941 10795 4787 10795 5165 10796 4941 10796 4957 10796 5173 10797 5165 10797 4957 10797 5229 10798 5165 10798 5173 10798 5241 10799 5229 10799 5173 10799 5302 10800 5229 10800 5241 10800 5315 10801 5302 10801 5241 10801 5358 10802 5302 10802 5315 10802 5376 10803 5358 10803 5315 10803 5449 10804 5358 10804 5376 10804 5473 10805 5449 10805 5376 10805 5486 10806 5449 10806 5473 10806 5505 10807 5486 10807 5473 10807 5495 10808 5486 10808 5505 10808 5518 10809 5495 10809 5505 10809 4603 10810 4441 10810 4442 10810 4609 10811 4603 10811 4442 10811 4787 10812 4603 10812 4609 10812 4804 10813 4787 10813 4609 10813 4957 10814 4787 10814 4804 10814 4982 10815 4957 10815 4804 10815 5173 10816 4957 10816 4982 10816 5184 10817 5173 10817 4982 10817 5241 10818 5173 10818 5184 10818 5254 10819 5241 10819 5184 10819 5315 10820 5241 10820 5254 10820 5333 10821 5315 10821 5254 10821 5376 10822 5315 10822 5333 10822 5440 10823 5376 10823 5333 10823 5473 10824 5376 10824 5440 10824 5501 10825 5473 10825 5440 10825 5505 10826 5473 10826 5501 10826 5530 10827 5505 10827 5501 10827 5518 10828 5505 10828 5530 10828 5535 10829 5518 10829 5530 10829 4609 10830 4442 10830 4443 10830 4619 10831 4609 10831 4443 10831 4804 10832 4609 10832 4619 10832 4823 10833 4804 10833 4619 10833 4982 10834 4804 10834 4823 10834 5005 10835 4982 10835 4823 10835 5184 10836 4982 10836 5005 10836 5194 10837 5184 10837 5005 10837 5254 10838 5184 10838 5194 10838 5278 10839 5254 10839 5194 10839 5333 10840 5254 10840 5278 10840 5362 10841 5333 10841 5278 10841 5440 10842 5333 10842 5362 10842 5484 10843 5440 10843 5362 10843 5501 10844 5440 10844 5484 10844 5532 10845 5501 10845 5484 10845 5530 10846 5501 10846 5532 10846 5547 10847 5530 10847 5532 10847 5535 10848 5530 10848 5547 10848 5557 10849 5535 10849 5547 10849 4619 10850 4443 10850 4444 10850 4628 10851 4619 10851 4444 10851 4823 10852 4619 10852 4628 10852 4839 10853 4823 10853 4628 10853 5005 10854 4823 10854 4839 10854 5036 10855 5005 10855 4839 10855 5194 10856 5005 10856 5036 10856 5208 10857 5194 10857 5036 10857 5278 10858 5194 10858 5208 10858 5308 10859 5278 10859 5208 10859 5362 10860 5278 10860 5308 10860 5416 10861 5362 10861 5308 10861 5484 10862 5362 10862 5416 10862 5520 10863 5484 10863 5416 10863 5532 10864 5484 10864 5520 10864 5550 10865 5532 10865 5520 10865 5547 10866 5532 10866 5550 10866 5631 10867 5547 10867 5550 10867 5557 10868 5547 10868 5631 10868 5655 10869 5557 10869 5631 10869 4628 10870 4444 10870 4445 10870 4638 10871 4628 10871 4445 10871 4839 10872 4628 10872 4638 10872 4855 10873 4839 10873 4638 10873 5036 10874 4839 10874 4855 10874 5078 10875 5036 10875 4855 10875 5208 10876 5036 10876 5078 10876 5236 10877 5208 10877 5078 10877 5308 10878 5208 10878 5236 10878 5335 10879 5308 10879 5236 10879 5416 10880 5308 10880 5335 10880 5479 10881 5416 10881 5335 10881 5520 10882 5416 10882 5479 10882 5540 10883 5520 10883 5479 10883 5550 10884 5520 10884 5540 10884 5649 10885 5550 10885 5540 10885 5631 10886 5550 10886 5649 10886 5679 10887 5631 10887 5649 10887 5655 10888 5631 10888 5679 10888 5688 10889 5655 10889 5679 10889 4638 10890 4445 10890 4446 10890 4646 10891 4638 10891 4446 10891 4855 10892 4638 10892 4646 10892 4870 10893 4855 10893 4646 10893 5078 10894 4855 10894 4870 10894 5137 10895 5078 10895 4870 10895 5236 10896 5078 10896 5137 10896 5256 10897 5236 10897 5137 10897 5335 10898 5236 10898 5256 10898 5369 10899 5335 10899 5256 10899 5479 10900 5335 10900 5369 10900 5525 10901 5479 10901 5369 10901 5540 10902 5479 10902 5525 10902 5621 10903 5540 10903 5525 10903 5649 10904 5540 10904 5621 10904 5690 10905 5649 10905 5621 10905 5679 10906 5649 10906 5690 10906 5756 10907 5679 10907 5690 10907 5688 10908 5679 10908 5756 10908 5778 10909 5688 10909 5756 10909 4646 10910 4446 10910 4447 10910 4655 10911 4646 10911 4447 10911 4870 10912 4646 10912 4655 10912 4896 10913 4870 10913 4655 10913 5137 10914 4870 10914 4896 10914 5179 10915 5137 10915 4896 10915 5256 10916 5137 10916 5179 10916 5284 10917 5256 10917 5179 10917 5369 10918 5256 10918 5284 10918 5447 10919 5369 10919 5284 10919 5525 10920 5369 10920 5447 10920 5543 10921 5525 10921 5447 10921 5621 10922 5525 10922 5543 10922 5671 10923 5621 10923 5543 10923 5690 10924 5621 10924 5671 10924 5780 10925 5690 10925 5671 10925 5756 10926 5690 10926 5780 10926 5801 10927 5756 10927 5780 10927 5778 10928 5756 10928 5801 10928 5812 10929 5778 10929 5801 10929 4655 10930 4447 10930 4451 10930 4667 10931 4655 10931 4451 10931 4896 10932 4655 10932 4667 10932 4914 10933 4896 10933 4667 10933 5179 10934 4896 10934 4914 10934 5188 10935 5179 10935 4914 10935 5284 10936 5179 10936 5188 10936 5313 10937 5284 10937 5188 10937 5447 10938 5284 10938 5313 10938 5492 10939 5447 10939 5313 10939 5543 10940 5447 10940 5492 10940 5625 10941 5543 10941 5492 10941 5671 10942 5543 10942 5625 10942 5742 10943 5671 10943 5625 10943 5780 10944 5671 10944 5742 10944 5809 10945 5780 10945 5742 10945 5801 10946 5780 10946 5809 10946 5876 10947 5801 10947 5809 10947 5812 10948 5801 10948 5876 10948 5897 10949 5812 10949 5876 10949 5480 10950 5475 10950 5477 10950 5481 10097 5480 10097 5477 10097 5494 10951 5480 10951 5481 10951 5495 10952 5494 10952 5481 10952 5517 10953 5494 10953 5495 10953 5518 10954 5517 10954 5495 10954 5534 10955 5517 10955 5518 10955 5535 10956 5534 10956 5518 10956 5556 10957 5534 10957 5535 10957 5557 10958 5556 10958 5535 10958 5654 10959 5556 10959 5557 10959 5655 10960 5654 10960 5557 10960 5687 10961 5654 10961 5655 10961 5688 10962 5687 10962 5655 10962 5777 10963 5687 10963 5688 10963 5778 10963 5777 10963 5688 10963 5811 10964 5777 10964 5778 10964 5812 10964 5811 10964 5778 10964 5896 10965 5811 10965 5812 10965 5897 10966 5896 10966 5812 10966 4438 10967 4437 10967 2104 10967 2105 10967 4438 10967 2104 10967 4439 10968 4438 10968 2105 10968 2106 10969 4439 10969 2105 10969 4441 10970 4439 10970 2106 10970 2108 10970 4441 10970 2106 10970 4442 10971 4441 10971 2108 10971 2109 10971 4442 10971 2108 10971 4443 10972 4442 10972 2109 10972 2110 10973 4443 10973 2109 10973 4444 10974 4443 10974 2110 10974 2111 10974 4444 10974 2110 10974 4445 10975 4444 10975 2111 10975 2112 10976 4445 10976 2111 10976 4446 10977 4445 10977 2112 10977 2113 10978 4446 10978 2112 10978 4447 10979 4446 10979 2113 10979 2114 10980 4447 10980 2113 10980 4451 10981 4447 10981 2114 10981 2118 10982 4451 10982 2114 10982 5460 10983 5475 10983 5480 10983 5466 10984 5460 10984 5480 10984 5396 10985 5460 10985 5466 10985 5417 10986 5396 10986 5466 10986 5345 10987 5396 10987 5417 10987 5349 10988 5345 10988 5417 10988 5288 10989 5345 10989 5349 10989 5293 10990 5288 10990 5349 10990 5219 10991 5288 10991 5293 10991 5222 10992 5219 10992 5293 10992 5128 10993 5219 10993 5222 10993 5134 10994 5128 10994 5222 10994 4929 10995 5128 10995 5134 10995 4935 10996 4929 10996 5134 10996 4763 10997 4929 10997 4935 10997 4767 10998 4763 10998 4935 10998 4585 10999 4763 10999 4767 10999 4591 11000 4585 11000 4767 11000 4413 11001 4585 11001 4591 11001 4411 11002 4413 11002 4591 11002 5466 11003 5480 11003 5494 11003 5485 11004 5466 11004 5494 11004 5417 11005 5466 11005 5485 11005 5448 11006 5417 11006 5485 11006 5349 11007 5417 11007 5448 11007 5357 11008 5349 11008 5448 11008 5293 11009 5349 11009 5357 11009 5301 11010 5293 11010 5357 11010 5222 11011 5293 11011 5301 11011 5228 11012 5222 11012 5301 11012 5134 11013 5222 11013 5228 11013 5164 11014 5134 11014 5228 11014 4935 11015 5134 11015 5164 11015 4940 11016 4935 11016 5164 11016 4767 11017 4935 11017 4940 11017 4777 11018 4767 11018 4940 11018 4591 11019 4767 11019 4777 11019 4593 11020 4591 11020 4777 11020 4411 11021 4591 11021 4593 11021 4410 11022 4411 11022 4593 11022 5485 11023 5494 11023 5517 11023 5504 11024 5485 11024 5517 11024 5448 11025 5485 11025 5504 11025 5472 11026 5448 11026 5504 11026 5357 11027 5448 11027 5472 11027 5375 11028 5357 11028 5472 11028 5301 11029 5357 11029 5375 11029 5314 11030 5301 11030 5375 11030 5228 11031 5301 11031 5314 11031 5240 11032 5228 11032 5314 11032 5164 11033 5228 11033 5240 11033 5172 11034 5164 11034 5240 11034 4940 11035 5164 11035 5172 11035 4956 11036 4940 11036 5172 11036 4777 11037 4940 11037 4956 11037 4786 11038 4777 11038 4956 11038 4593 11039 4777 11039 4786 11039 4602 11040 4593 11040 4786 11040 4410 11041 4593 11041 4602 11041 4408 11042 4410 11042 4602 11042 5504 11043 5517 11043 5534 11043 5529 11044 5504 11044 5534 11044 5472 11045 5504 11045 5529 11045 5500 11046 5472 11046 5529 11046 5375 11047 5472 11047 5500 11047 5439 11048 5375 11048 5500 11048 5314 11049 5375 11049 5439 11049 5332 11050 5314 11050 5439 11050 5240 11051 5314 11051 5332 11051 5253 11052 5240 11052 5332 11052 5172 11053 5240 11053 5253 11053 5183 11054 5172 11054 5253 11054 4956 11055 5172 11055 5183 11055 4981 11056 4956 11056 5183 11056 4786 11057 4956 11057 4981 11057 4803 11058 4786 11058 4981 11058 4602 11059 4786 11059 4803 11059 4608 11060 4602 11060 4803 11060 4408 11061 4602 11061 4608 11061 4407 11062 4408 11062 4608 11062 5529 11063 5534 11063 5556 11063 5546 11064 5529 11064 5556 11064 5500 11065 5529 11065 5546 11065 5531 11066 5500 11066 5546 11066 5439 11067 5500 11067 5531 11067 5483 11068 5439 11068 5531 11068 5332 11069 5439 11069 5483 11069 5361 11070 5332 11070 5483 11070 5253 11071 5332 11071 5361 11071 5277 11072 5253 11072 5361 11072 5183 11073 5253 11073 5277 11073 5193 11074 5183 11074 5277 11074 4981 11075 5183 11075 5193 11075 5004 11076 4981 11076 5193 11076 4803 11077 4981 11077 5004 11077 4822 11078 4803 11078 5004 11078 4608 11079 4803 11079 4822 11079 4618 11080 4608 11080 4822 11080 4407 11081 4608 11081 4618 11081 4406 11082 4407 11082 4618 11082 5546 11083 5556 11083 5654 11083 5630 11084 5546 11084 5654 11084 5531 11085 5546 11085 5630 11085 5549 11086 5531 11086 5630 11086 5483 11087 5531 11087 5549 11087 5519 11088 5483 11088 5549 11088 5361 11089 5483 11089 5519 11089 5415 11090 5361 11090 5519 11090 5277 11091 5361 11091 5415 11091 5307 11092 5277 11092 5415 11092 5193 11093 5277 11093 5307 11093 5207 11094 5193 11094 5307 11094 5004 11095 5193 11095 5207 11095 5035 11096 5004 11096 5207 11096 4822 11097 5004 11097 5035 11097 4838 11098 4822 11098 5035 11098 4618 11099 4822 11099 4838 11099 4627 11100 4618 11100 4838 11100 4406 11101 4618 11101 4627 11101 4405 11102 4406 11102 4627 11102 5630 11103 5654 11103 5687 11103 5678 11104 5630 11104 5687 11104 5549 11105 5630 11105 5678 11105 5648 11106 5549 11106 5678 11106 5519 11107 5549 11107 5648 11107 5539 11108 5519 11108 5648 11108 5415 11109 5519 11109 5539 11109 5478 11110 5415 11110 5539 11110 5307 11111 5415 11111 5478 11111 5334 11112 5307 11112 5478 11112 5207 11113 5307 11113 5334 11113 5235 11114 5207 11114 5334 11114 5035 11115 5207 11115 5235 11115 5077 11116 5035 11116 5235 11116 4838 11117 5035 11117 5077 11117 4854 11118 4838 11118 5077 11118 4627 11119 4838 11119 4854 11119 4637 11120 4627 11120 4854 11120 4405 11121 4627 11121 4637 11121 4404 11122 4405 11122 4637 11122 5678 11123 5687 11123 5777 11123 5755 11124 5678 11124 5777 11124 5648 11125 5678 11125 5755 11125 5689 11126 5648 11126 5755 11126 5539 11127 5648 11127 5689 11127 5620 11128 5539 11128 5689 11128 5478 11129 5539 11129 5620 11129 5524 11130 5478 11130 5620 11130 5334 11131 5478 11131 5524 11131 5368 11132 5334 11132 5524 11132 5235 11133 5334 11133 5368 11133 5255 11134 5235 11134 5368 11134 5077 11135 5235 11135 5255 11135 5136 11136 5077 11136 5255 11136 4854 11137 5077 11137 5136 11137 4869 11138 4854 11138 5136 11138 4637 11139 4854 11139 4869 11139 4645 11140 4637 11140 4869 11140 4404 11141 4637 11141 4645 11141 4403 11142 4404 11142 4645 11142 5755 11143 5777 11143 5811 11143 5800 11144 5755 11144 5811 11144 5689 11145 5755 11145 5800 11145 5779 11146 5689 11146 5800 11146 5620 11147 5689 11147 5779 11147 5670 11148 5620 11148 5779 11148 5524 11149 5620 11149 5670 11149 5542 11150 5524 11150 5670 11150 5368 11151 5524 11151 5542 11151 5446 11152 5368 11152 5542 11152 5255 11153 5368 11153 5446 11153 5283 11154 5255 11154 5446 11154 5136 11155 5255 11155 5283 11155 5178 11156 5136 11156 5283 11156 4869 11157 5136 11157 5178 11157 4895 11158 4869 11158 5178 11158 4645 11159 4869 11159 4895 11159 4654 11160 4645 11160 4895 11160 4403 11161 4645 11161 4654 11161 4402 11162 4403 11162 4654 11162 5800 11163 5811 11163 5896 11163 5875 11164 5800 11164 5896 11164 5779 11165 5800 11165 5875 11165 5808 11166 5779 11166 5875 11166 5670 11167 5779 11167 5808 11167 5741 11168 5670 11168 5808 11168 5542 11169 5670 11169 5741 11169 5624 11170 5542 11170 5741 11170 5446 11171 5542 11171 5624 11171 5491 11172 5446 11172 5624 11172 5283 11173 5446 11173 5491 11173 5312 11174 5283 11174 5491 11174 5178 11175 5283 11175 5312 11175 5187 11176 5178 11176 5312 11176 4895 11177 5178 11177 5187 11177 4913 11178 4895 11178 5187 11178 4654 11179 4895 11179 4913 11179 4666 11180 4654 11180 4913 11180 4402 11181 4654 11181 4666 11181 4398 11182 4402 11182 4666 11182 1050 11183 1035 11183 1029 11183 1043 11184 1050 11184 1029 11184 1114 11185 1050 11185 1043 11185 1092 11186 1114 11186 1043 11186 1166 11187 1114 11187 1092 11187 1161 11188 1166 11188 1092 11188 1223 11189 1166 11189 1161 11189 1217 11190 1223 11190 1161 11190 1292 11191 1223 11191 1217 11191 1288 11192 1292 11192 1217 11192 1383 11193 1292 11193 1288 11193 1376 11194 1383 11194 1288 11194 1586 11195 1383 11195 1376 11195 1579 11196 1586 11196 1376 11196 1750 11197 1586 11197 1579 11197 1745 11198 1750 11198 1579 11198 1930 11199 1750 11199 1745 11199 1924 11200 1930 11200 1745 11200 2104 11201 1930 11201 1924 11201 2105 11202 2104 11202 1924 11202 1043 11203 1029 11203 1015 11203 1024 11204 1043 11204 1015 11204 1092 11205 1043 11205 1024 11205 1061 11206 1092 11206 1024 11206 1161 11207 1092 11207 1061 11207 1153 11208 1161 11208 1061 11208 1217 11209 1161 11209 1153 11209 1209 11210 1217 11210 1153 11210 1288 11211 1217 11211 1209 11211 1282 11212 1288 11212 1209 11212 1376 11213 1288 11213 1282 11213 1346 11214 1376 11214 1282 11214 1579 11215 1376 11215 1346 11215 1574 11216 1579 11216 1346 11216 1745 11217 1579 11217 1574 11217 1735 11218 1745 11218 1574 11218 1924 11219 1745 11219 1735 11219 1921 11220 1924 11220 1735 11220 2105 11221 1924 11221 1921 11221 2106 11222 2105 11222 1921 11222 1024 11223 1015 11223 992 11223 1005 11224 1024 11224 992 11224 1061 11225 1024 11225 1005 11225 1037 11226 1061 11226 1005 11226 1153 11227 1061 11227 1037 11227 1134 11228 1153 11228 1037 11228 1209 11229 1153 11229 1134 11229 1196 11230 1209 11230 1134 11230 1282 11231 1209 11231 1196 11231 1270 11232 1282 11232 1196 11232 1346 11233 1282 11233 1270 11233 1339 11234 1346 11234 1270 11234 1574 11235 1346 11235 1339 11235 1556 11236 1574 11236 1339 11236 1735 11237 1574 11237 1556 11237 1726 11238 1735 11238 1556 11238 1921 11239 1735 11239 1726 11239 1912 11240 1921 11240 1726 11240 2106 11241 1921 11241 1912 11241 2108 11242 2106 11242 1912 11242 1005 11243 992 11243 975 11243 980 11244 1005 11244 975 11244 1037 11245 1005 11245 980 11245 1009 11246 1037 11246 980 11246 1134 11247 1037 11247 1009 11247 1070 11248 1134 11248 1009 11248 1196 11249 1134 11249 1070 11249 1178 11250 1196 11250 1070 11250 1270 11251 1196 11251 1178 11251 1257 11252 1270 11252 1178 11252 1339 11253 1270 11253 1257 11253 1328 11254 1339 11254 1257 11254 1556 11255 1339 11255 1328 11255 1531 11256 1556 11256 1328 11256 1726 11257 1556 11257 1531 11257 1709 11258 1726 11258 1531 11258 1912 11259 1726 11259 1709 11259 1906 11260 1912 11260 1709 11260 2108 11261 1912 11261 1906 11261 2109 11262 2108 11262 1906 11262 980 11263 975 11263 953 11263 963 11264 980 11264 953 11264 1009 11265 980 11265 963 11265 978 11266 1009 11266 963 11266 1070 11267 1009 11267 978 11267 1026 11268 1070 11268 978 11268 1178 11269 1070 11269 1026 11269 1149 11270 1178 11270 1026 11270 1257 11271 1178 11271 1149 11271 1233 11272 1257 11272 1149 11272 1328 11273 1257 11273 1233 11273 1317 11274 1328 11274 1233 11274 1531 11275 1328 11275 1317 11275 1508 11276 1531 11276 1317 11276 1709 11277 1531 11277 1508 11277 1691 11278 1709 11278 1508 11278 1906 11279 1709 11279 1691 11279 1895 11280 1906 11280 1691 11280 2109 11281 1906 11281 1895 11281 2110 11282 2109 11282 1895 11282 963 11283 953 11283 855 11283 879 11284 963 11284 855 11284 978 11285 963 11285 879 11285 960 11286 978 11286 879 11286 1026 11287 978 11287 960 11287 990 11288 1026 11288 960 11288 1149 11289 1026 11289 990 11289 1094 11290 1149 11290 990 11290 1233 11291 1149 11291 1094 11291 1203 11292 1233 11292 1094 11292 1317 11293 1233 11293 1203 11293 1302 11294 1317 11294 1203 11294 1508 11295 1317 11295 1302 11295 1475 11296 1508 11296 1302 11296 1691 11297 1508 11297 1475 11297 1676 11298 1691 11298 1475 11298 1895 11299 1691 11299 1676 11299 1886 11300 1895 11300 1676 11300 2110 11301 1895 11301 1886 11301 2111 11302 2110 11302 1886 11302 879 11303 855 11303 822 11303 831 11304 879 11304 822 11304 960 11305 879 11305 831 11305 861 11306 960 11306 831 11306 990 11307 960 11307 861 11307 970 11308 990 11308 861 11308 1094 11309 990 11309 970 11309 1031 11310 1094 11310 970 11310 1203 11311 1094 11311 1031 11311 1176 11312 1203 11312 1031 11312 1302 11313 1203 11313 1176 11313 1275 11314 1302 11314 1176 11314 1475 11315 1302 11315 1275 11315 1435 11316 1475 11316 1275 11316 1676 11317 1475 11317 1435 11317 1658 11318 1676 11318 1435 11318 1886 11319 1676 11319 1658 11319 1879 11320 1886 11320 1658 11320 2111 11321 1886 11321 1879 11321 2112 11322 2111 11322 1879 11322 831 11323 822 11323 732 11323 754 11324 831 11324 732 11324 861 11325 831 11325 754 11325 820 11326 861 11326 754 11326 970 11327 861 11327 820 11327 889 11328 970 11328 820 11328 1031 11329 970 11329 889 11329 985 11330 1031 11330 889 11330 1176 11331 1031 11331 985 11331 1142 11332 1176 11332 985 11332 1275 11333 1176 11333 1142 11333 1255 11334 1275 11334 1142 11334 1435 11335 1275 11335 1255 11335 1374 11336 1435 11336 1255 11336 1658 11337 1435 11337 1374 11337 1645 11338 1658 11338 1374 11338 1879 11339 1658 11339 1645 11339 1870 11340 1879 11340 1645 11340 2112 11341 1879 11341 1870 11341 2113 11342 2112 11342 1870 11342 754 11343 732 11343 698 11343 709 11344 754 11344 698 11344 820 11345 754 11345 709 11345 730 11346 820 11346 709 11346 889 11347 820 11347 730 11347 838 11348 889 11348 730 11348 985 11349 889 11349 838 11349 967 11350 985 11350 838 11350 1142 11351 985 11351 967 11351 1063 11352 1142 11352 967 11352 1255 11353 1142 11353 1063 11353 1227 11354 1255 11354 1063 11354 1374 11355 1255 11355 1227 11355 1332 11356 1374 11356 1227 11356 1645 11357 1374 11357 1332 11357 1619 11358 1645 11358 1332 11358 1870 11359 1645 11359 1619 11359 1859 11360 1870 11360 1619 11360 2113 11361 1870 11361 1859 11361 2114 11362 2113 11362 1859 11362 709 11363 698 11363 613 11363 634 11364 709 11364 613 11364 730 11365 709 11365 634 11365 701 11366 730 11366 634 11366 838 11367 730 11367 701 11367 768 11368 838 11368 701 11368 967 11369 838 11369 768 11369 885 11370 967 11370 768 11370 1063 11371 967 11371 885 11371 1018 11372 1063 11372 885 11372 1227 11373 1063 11373 1018 11373 1198 11374 1227 11374 1018 11374 1332 11375 1227 11375 1198 11375 1323 11376 1332 11376 1198 11376 1619 11377 1332 11377 1323 11377 1601 11378 1619 11378 1323 11378 1859 11379 1619 11379 1601 11379 1847 11380 1859 11380 1601 11380 2114 11381 1859 11381 1847 11381 2118 11382 2114 11382 1847 11382 2078 11383 2080 11383 4413 11383 4411 11384 2078 11384 4413 11384 2077 11385 2078 11385 4411 11385 4410 11386 2077 11386 4411 11386 2075 11387 2077 11387 4410 11387 4408 11388 2075 11388 4410 11388 2074 11389 2075 11389 4408 11389 4407 11390 2074 11390 4408 11390 2073 11391 2074 11391 4407 11391 4406 11391 2073 11391 4407 11391 2072 11392 2073 11392 4406 11392 4405 11393 2072 11393 4406 11393 2071 11394 2072 11394 4405 11394 4404 11395 2071 11395 4405 11395 2070 11396 2071 11396 4404 11396 4403 11397 2070 11397 4404 11397 2069 11398 2070 11398 4403 11398 4402 11399 2069 11399 4403 11399 2065 11400 2069 11400 4402 11400 4398 11401 2065 11401 4402 11401 1029 11402 1035 11402 1033 11402 1028 11403 1029 11403 1033 11403 1015 11404 1029 11404 1028 11404 1014 11405 1015 11405 1028 11405 992 11406 1015 11406 1014 11406 991 11407 992 11407 1014 11407 975 11408 992 11408 991 11408 974 11409 975 11409 991 11409 953 11410 975 11410 974 11410 952 11411 953 11411 974 11411 855 11412 953 11412 952 11412 854 11413 855 11413 952 11413 822 11414 855 11414 854 11414 821 11415 822 11415 854 11415 732 11416 822 11416 821 11416 731 11417 732 11417 821 11417 698 11418 732 11418 731 11418 697 11418 698 11418 731 11418 613 11419 698 11419 697 11419 612 11420 613 11420 697 11420 1928 11421 2080 11421 2078 11421 1923 11422 1928 11422 2078 11422 1748 11423 1928 11423 1923 11423 1744 11424 1748 11424 1923 11424 1584 11425 1748 11425 1744 11425 1578 11426 1584 11426 1744 11426 1381 11427 1584 11427 1578 11427 1375 11428 1381 11428 1578 11428 1290 11429 1381 11429 1375 11429 1287 11430 1290 11430 1375 11430 1221 11431 1290 11431 1287 11431 1216 11432 1221 11432 1287 11432 1164 11433 1221 11433 1216 11433 1160 11434 1164 11434 1216 11434 1112 11435 1164 11435 1160 11435 1091 11436 1112 11436 1160 11436 1048 11437 1112 11437 1091 11437 1042 11438 1048 11438 1091 11438 1033 11439 1048 11439 1042 11439 1028 11440 1033 11440 1042 11440 1923 11441 2078 11441 2077 11441 1920 11442 1923 11442 2077 11442 1744 11443 1923 11443 1920 11443 1734 11444 1744 11444 1920 11444 1578 11445 1744 11445 1734 11445 1573 11446 1578 11446 1734 11446 1375 11447 1578 11447 1573 11447 1345 11448 1375 11448 1573 11448 1287 11449 1375 11449 1345 11449 1281 11450 1287 11450 1345 11450 1216 11451 1287 11451 1281 11451 1208 11452 1216 11452 1281 11452 1160 11453 1216 11453 1208 11453 1152 11454 1160 11454 1208 11454 1091 11455 1160 11455 1152 11455 1060 11456 1091 11456 1152 11456 1042 11457 1091 11457 1060 11457 1023 11458 1042 11458 1060 11458 1028 11459 1042 11459 1023 11459 1014 11460 1028 11460 1023 11460 1920 11461 2077 11461 2075 11461 1911 11462 1920 11462 2075 11462 1734 11463 1920 11463 1911 11463 1725 11464 1734 11464 1911 11464 1573 11465 1734 11465 1725 11465 1555 11466 1573 11466 1725 11466 1345 11467 1573 11467 1555 11467 1338 11468 1345 11468 1555 11468 1281 11469 1345 11469 1338 11469 1269 11470 1281 11470 1338 11470 1208 11471 1281 11471 1269 11471 1195 11472 1208 11472 1269 11472 1152 11473 1208 11473 1195 11473 1133 11474 1152 11474 1195 11474 1060 11475 1152 11475 1133 11475 1036 11476 1060 11476 1133 11476 1023 11477 1060 11477 1036 11477 1004 11478 1023 11478 1036 11478 1014 11479 1023 11479 1004 11479 991 11480 1014 11480 1004 11480 1911 11481 2075 11481 2074 11481 1905 11482 1911 11482 2074 11482 1725 11483 1911 11483 1905 11483 1708 11484 1725 11484 1905 11484 1555 11485 1725 11485 1708 11485 1530 11486 1555 11486 1708 11486 1338 11487 1555 11487 1530 11487 1327 11488 1338 11488 1530 11488 1269 11489 1338 11489 1327 11489 1256 11490 1269 11490 1327 11490 1195 11491 1269 11491 1256 11491 1177 11492 1195 11492 1256 11492 1133 11493 1195 11493 1177 11493 1069 11494 1133 11494 1177 11494 1036 11495 1133 11495 1069 11495 1008 11496 1036 11496 1069 11496 1004 11497 1036 11497 1008 11497 979 11498 1004 11498 1008 11498 991 11499 1004 11499 979 11499 974 11500 991 11500 979 11500 1905 11501 2074 11501 2073 11501 1894 11502 1905 11502 2073 11502 1708 11503 1905 11503 1894 11503 1690 11504 1708 11504 1894 11504 1530 11505 1708 11505 1690 11505 1507 11506 1530 11506 1690 11506 1327 11507 1530 11507 1507 11507 1316 11508 1327 11508 1507 11508 1256 11509 1327 11509 1316 11509 1232 11510 1256 11510 1316 11510 1177 11511 1256 11511 1232 11511 1148 11512 1177 11512 1232 11512 1069 11513 1177 11513 1148 11513 1025 11514 1069 11514 1148 11514 1008 11515 1069 11515 1025 11515 977 11516 1008 11516 1025 11516 979 11517 1008 11517 977 11517 962 11518 979 11518 977 11518 974 11519 979 11519 962 11519 952 11520 974 11520 962 11520 1894 11521 2073 11521 2072 11521 1885 11522 1894 11522 2072 11522 1690 11523 1894 11523 1885 11523 1675 11524 1690 11524 1885 11524 1507 11525 1690 11525 1675 11525 1474 11526 1507 11526 1675 11526 1316 11527 1507 11527 1474 11527 1301 11528 1316 11528 1474 11528 1232 11529 1316 11529 1301 11529 1202 11530 1232 11530 1301 11530 1148 11531 1232 11531 1202 11531 1093 11532 1148 11532 1202 11532 1025 11533 1148 11533 1093 11533 989 11534 1025 11534 1093 11534 977 11535 1025 11535 989 11535 959 11536 977 11536 989 11536 962 11537 977 11537 959 11537 878 11538 962 11538 959 11538 952 11539 962 11539 878 11539 854 11540 952 11540 878 11540 1885 11541 2072 11541 2071 11541 1878 11542 1885 11542 2071 11542 1675 11543 1885 11543 1878 11543 1657 11544 1675 11544 1878 11544 1474 11545 1675 11545 1657 11545 1434 11546 1474 11546 1657 11546 1301 11547 1474 11547 1434 11547 1274 11548 1301 11548 1434 11548 1202 11549 1301 11549 1274 11549 1175 11550 1202 11550 1274 11550 1093 11551 1202 11551 1175 11551 1030 11552 1093 11552 1175 11552 989 11553 1093 11553 1030 11553 969 11554 989 11554 1030 11554 959 11555 989 11555 969 11555 860 11556 959 11556 969 11556 878 11557 959 11557 860 11557 830 11558 878 11558 860 11558 854 11559 878 11559 830 11559 821 11560 854 11560 830 11560 1878 11561 2071 11561 2070 11561 1869 11562 1878 11562 2070 11562 1657 11563 1878 11563 1869 11563 1644 11564 1657 11564 1869 11564 1434 11565 1657 11565 1644 11565 1373 11566 1434 11566 1644 11566 1274 11567 1434 11567 1373 11567 1254 11568 1274 11568 1373 11568 1175 11569 1274 11569 1254 11569 1141 11570 1175 11570 1254 11570 1030 11571 1175 11571 1141 11571 984 11572 1030 11572 1141 11572 969 11573 1030 11573 984 11573 888 11574 969 11574 984 11574 860 11575 969 11575 888 11575 819 11576 860 11576 888 11576 830 11577 860 11577 819 11577 753 11578 830 11578 819 11578 821 11579 830 11579 753 11579 731 11580 821 11580 753 11580 1869 11581 2070 11581 2069 11581 1858 11582 1869 11582 2069 11582 1644 11583 1869 11583 1858 11583 1618 11584 1644 11584 1858 11584 1373 11585 1644 11585 1618 11585 1331 11586 1373 11586 1618 11586 1254 11587 1373 11587 1331 11587 1226 11588 1254 11588 1331 11588 1141 11589 1254 11589 1226 11589 1062 11590 1141 11590 1226 11590 984 11591 1141 11591 1062 11591 966 11592 984 11592 1062 11592 888 11593 984 11593 966 11593 837 11594 888 11594 966 11594 819 11595 888 11595 837 11595 729 11596 819 11596 837 11596 753 11597 819 11597 729 11597 708 11598 753 11598 729 11598 731 11599 753 11599 708 11599 697 11600 731 11600 708 11600 1858 11601 2069 11601 2065 11601 1846 11602 1858 11602 2065 11602 1618 11603 1858 11603 1846 11603 1600 11604 1618 11604 1846 11604 1331 11605 1618 11605 1600 11605 1322 11606 1331 11606 1600 11606 1226 11607 1331 11607 1322 11607 1197 11608 1226 11608 1322 11608 1062 11609 1226 11609 1197 11609 1017 11610 1062 11610 1197 11610 966 11611 1062 11611 1017 11611 884 11612 966 11612 1017 11612 837 11613 966 11613 884 11613 767 11614 837 11614 884 11614 729 11615 837 11615 767 11615 700 11616 729 11616 767 11616 708 11617 729 11617 700 11617 633 11618 708 11618 700 11618 697 11619 708 11619 633 11619 612 11620 697 11620 633 11620</p>
        </triangles>
      </mesh>
    </geometry>
  </library_geometries>
  <library_visual_scenes>
    <visual_scene id="Scene" name="Scene">
      <node id="tmp_export_User_Library_E2_type_stacking_enclosure" name="tmp_export_User_Library_E2_type_stacking_enclosure" type="NODE">
        <matrix sid="transform">1 0 0 0 0 1 0 0 0 0 1 0 0 0 0 1</matrix>
        <instance_geometry url="#User_Library_E2_type_stacking_enclosure-mesh" name="tmp_export_User_Library_E2_type_stacking_enclosure">
          <bind_material>
            <technique_common>
              <instance_material symbol="User_Library_E2_type_stacking_enclosure-material" target="#User_Library_E2_type_stacking_enclosure-material"/>
            </technique_common>
          </bind_material>
        </instance_geometry>
      </node>
    </visual_scene>
  </library_visual_scenes>
  <scene>
    <instance_visual_scene url="#Scene"/>
  </scene>
</COLLADA>